cluster,exemplar_type,rank,distance_to_centroid,id,prompt,combined_text,label
-1,closest,1,0.7323735952377319,521,Identify the correct statement: What is spatial dispersion? based on the given context.,"Question: Identify the correct statement: What is spatial dispersion? based on the given context.
A) Spatial dispersion is a phenomenon in the physics of continuous media where material parameters such as permittivity or conductivity have dependence on time. It represents memory effects in frameworks, commonly seen in optics and electronics.
B) Spatial dispersion is a phenomenon in the physics of continuous media where material parameters such as permittivity or conductivity have dependence on time. It represents spreading effects and is usually significant only at microscopic length scales.
C) Spatial dispersion is a phenomenon in the physics of continuous media where material parameters such as permittivity or conductivity have no dependence on wavevector. It represents memory effects in structures, commonly seen in optics and electronics.
D) Spatial dispersion is a phenomenon in the physics of continuous media where material parameters such as permittivity or conductivity have dependence on wavevector. It represents spreading effects and is usually significant only at microscopic length scales.
E) Spatial dispersion is a phenomenon in the physics of continuous media where material parameters such as permittivity or conductivity have dependence on wavevector. It represents memory effects in frameworks, commonly seen in optics and electronics.",D
-1,furthest,1,4.680616855621338,77,Determine the correct option: What was Pierre de Fermat's solution to the problem of refraction? based on the given context.,"Question: Determine the correct option: What was Pierre de Fermat's solution to the problem of refraction? based on the given context.
A) Fermat supposed that light took the path of least resistance, and that different media offered the same resistance. His eventual solution, described in a letter to La Chambre dated 1 January 1662, construed ""resistance"" as inversely proportional to speed, so that light took the path of least time. That premise yielded the ordinary law of refraction, provided that light traveled more slowly in the optically denser medium.
B) Fermat supposed that light took the path of least resistance, and that different media offered different resistances. His eventual solution, described in a letter to La Chambre dated 1 January 1662, construed ""resistance"" as directly proportional to speed, so that light took the path of least time. That premise yielded the ordinary law of refraction, provided that light traveled more quickly in the optically denser medium.
C) Fermat supposed that light took the path of least resistance, and that different media offered the same resistance. His eventual solution, described in a letter to La Chambre dated 1 January 1662, construed ""resistance"" as directly proportional to speed, so that light took the path of least time. That premise yielded the ordinary law of refraction, provided that light traveled more slowly in the optically denser medium.
D) Fermat supposed that light took the path of least resistance, and that different media offered the same resistance. His eventual solution, described in a letter to La Chambre dated 1 January 1662, construed ""resistance"" as inversely proportional to speed, so that light took the path of least time. That premise yielded the ordinary law of refraction, provided that light traveled more quickly in the optically denser medium.
E) Fermat supposed that light took the path of least resistance, and that different media offered different resistances. His eventual solution, described in a letter to La Chambre dated 1 January 1662, construed ""resistance"" as inversely proportional to speed, so that light took the path of least time. That premise yielded the ordinary law of refraction, provided that light traveled more slowly in the optically denser medium.",E
0,closest,1,0.005809340160340071,268,Identify the correct statement: What is the definition of an improper rotation?,"Question: Identify the correct statement: What is the definition of an improper rotation?
A) An improper rotation is the combination of a rotation about an axis and reflection in a plane perpendicular to that axis, or inversion about a point on the axis. The order of the rotation and reflection does not matter, and the symmetry elements for improper rotation are the rotation axis, and either the mirror plane, the inversion point, or both, and a third plane.
B) An improper rotation is the combination of a rotation about an axis and reflection in a plane perpendicular to that axis, or inversion about a point on the axis. The order of the rotation and reflection does not matter, and the symmetry elements for improper rotation are the rotation axis, and either the mirror plane, the inversion point, or both.
C) An improper rotation is the combination of a rotation about an axis and reflection in a plane parallel to that axis, or inversion about a point on the axis. The order of the rotation and reflection does not matter, and the symmetry elements for improper rotation are the rotation axis, and either the mirror plane, the inversion point, or neither.
D) An improper rotation is the combination of a rotation about an axis and reflection in a plane perpendicular to that axis, or inversion about a point on the axis. The order of the rotation and reflection does not matter, and the symmetry elements for improper rotation are the rotation axis, and either the mirror plane, the inversion point, or neither.
E) An improper rotation is the combination of a rotation about an axis and reflection in a plane parallel to that axis, or inversion about a point on the axis. The order of the rotation and reflection does not matter, and the symmetry elements for improper rotation are the rotation axis, and either the mirror plane, the inversion point, or both.",B
0,furthest,1,0.08918872475624084,1654,Identify the correct statement: What is the definition of an improper rotation? based on the given context.,"Question: Identify the correct statement: What is the definition of an improper rotation? based on the given context.
A) An improper rotation is the combination of a rotation about an axis and reflection in a plane perpendicular to that axis, or inversion about a point on the axis. The order of the rotation and reflection does not matter, and the symmetry elements for improper rotation are the rotation axis, and either the mirror plane, the inversion point, or both, and a third plane.
B) An improper rotation is the combination of a rotation about an axis and reflection in a plane perpendicular to that axis, or inversion about a point on the axis. The order of the rotation and reflection does not matter, and the symmetry elements for improper rotation are the rotation axis, and either the mirror plane, the inversion point, or both.
C) An improper rotation is the combination of a rotation about an axis and reflection in a plane parallel to that axis, or inversion about a point on the axis. The order of the rotation and reflection does not matter, and the symmetry elements for improper rotation are the rotation axis, and either the mirror plane, the inversion point, or neither.
D) An improper rotation is the combination of a rotation about an axis and reflection in a plane perpendicular to that axis, or inversion about a point on the axis. The order of the rotation and reflection does not matter, and the symmetry elements for improper rotation are the rotation axis, and either the mirror plane, the inversion point, or neither.
E) An improper rotation is the combination of a rotation about an axis and reflection in a plane parallel to that axis, or inversion about a point on the axis. The order of the rotation and reflection does not matter, and the symmetry elements for improper rotation are the rotation axis, and either the mirror plane, the inversion point, or both.",B
1,closest,1,0.015074502676725388,1530,Determine the correct option: What is the significance of the high degree of fatty-acyl disorder in the thylakoid membranes of plants? among the listed options.,"Question: Determine the correct option: What is the significance of the high degree of fatty-acyl disorder in the thylakoid membranes of plants? among the listed options.
A) The high degree of fatty-acyl disorder in the thylakoid membranes of plants is responsible for the low fluidity of membrane lipid fatty-acyl chains in the gel phase.
B) The high degree of fatty-acyl disorder in the thylakoid membranes of plants is responsible for the exposure of chloroplast thylakoid membranes to cold environmental temperatures.
C) The high degree of fatty-acyl disorder in the thylakoid membranes of plants allows for innate fluidity even at relatively low temperatures.
D) The high degree of fatty-acyl disorder in the thylakoid membranes of plants allows for a gel-to-liquid crystalline phase transition temperature to be determined by many techniques.
E) The high degree of fatty-acyl disorder in the thylakoid membranes of plants restricts the movement of membrane proteins, thus hindering their physiological role.",C
1,furthest,1,0.040490347892045975,282,Select the most accurate option: What is the significance of the high degree of fatty-acyl disorder in the thylakoid membranes of plants? carefully.,"Question: Select the most accurate option: What is the significance of the high degree of fatty-acyl disorder in the thylakoid membranes of plants? carefully.
A) The high degree of fatty-acyl disorder in the thylakoid membranes of plants is responsible for the low fluidity of membrane lipid fatty-acyl chains in the gel phase.
B) The high degree of fatty-acyl disorder in the thylakoid membranes of plants is responsible for the exposure of chloroplast thylakoid membranes to cold environmental temperatures.
C) The high degree of fatty-acyl disorder in the thylakoid membranes of plants allows for innate fluidity even at relatively low temperatures.
D) The high degree of fatty-acyl disorder in the thylakoid membranes of plants allows for a gel-to-liquid crystalline phase transition temperature to be determined by many techniques.
E) The high degree of fatty-acyl disorder in the thylakoid membranes of plants restricts the movement of membrane proteins, thus hindering their physiological role.",C
2,closest,1,0.03299802914261818,1272,"Determine the correct option: Which hand should be used to apply the right-hand rule when tightening or loosening nuts, screws, bolts, bottle caps, and jar lids? from the following choices.","Question: Determine the correct option: Which hand should be used to apply the right-hand rule when tightening or loosening nuts, screws, bolts, bottle caps, and jar lids? from the following choices.
A) One's dominant hand
B) The right hand
C) Both hands
D) The left hand
E) Either hand",B
2,furthest,1,0.1123359277844429,1119,"Pick the best possible answer: Which hand should be used to apply the right-hand rule when tightening or loosening nuts, screws, bolts, bottle caps, and jar lids? based on the given context.","Question: Pick the best possible answer: Which hand should be used to apply the right-hand rule when tightening or loosening nuts, screws, bolts, bottle caps, and jar lids? based on the given context.
A) One's dominant hand
B) The right hand
C) Both hands
D) The left hand
E) Either hand",B
3,closest,1,0.014050127938389778,1157,Pick the best possible answer: What is the gravitomagnetic interaction? based on the given context.,"Question: Pick the best possible answer: What is the gravitomagnetic interaction? based on the given context.
A) The gravitomagnetic interaction is a force that is produced by the rotation of atoms in materials with linear properties that enhance time-varying gravitational fields.
B) The gravitomagnetic interaction is a force that acts against gravity, produced by materials that have nonlinear properties that enhance time-varying gravitational fields.
C) The gravitomagnetic interaction is a new force of nature generated by rotating matter, whose intensity is proportional to the rate of spin, according to the general concept of relativity.
D) The gravitomagnetic interaction is a force that occurs in neutron stars, producing a gravitational analogue of the Meissner effect.
E) The gravitomagnetic interaction is a force that is produced by the rotation of atoms in materials of different gravitational permeability.",C
3,furthest,1,0.0806676372885704,1956,Determine the correct option: What is the gravitomagnetic interaction? based on the given context.,"Question: Determine the correct option: What is the gravitomagnetic interaction? based on the given context.
A) The gravitomagnetic interaction is a force that is produced by the rotation of atoms in materials with linear properties that enhance time-varying gravitational fields.
B) The gravitomagnetic interaction is a force that acts against gravity, produced by materials that have nonlinear properties that enhance time-varying gravitational fields.
C) The gravitomagnetic interaction is a new force of nature generated by rotating matter, whose intensity is proportional to the rate of spin, according to the general principle of relativity.
D) The gravitomagnetic interaction is a force that occurs in neutron stars, producing a gravitational analogue of the Meissner effect.
E) The gravitomagnetic interaction is a force that is produced by the rotation of atoms in materials of different gravitational permeability.",C
4,closest,1,0.08114611357450485,959,Which of the following is correct? What is the explanation for the effective supersymmetry in quark-diquark models? among the listed options.,"Question: Which of the following is correct? What is the explanation for the effective supersymmetry in quark-diquark models? among the listed options.
A) Two different color charges close together appear as the corresponding anti-color under coarse resolution, which makes a diquark cluster viewed with coarse resolution effectively appear as an antiquark. Therefore, a baryon containing 3 valence quarks, of which two tend to cluster together as a diquark, behaves like a meson.
B) Two different color charges close together appear as the corresponding color under coarse resolution, which makes a diquark cluster viewed with coarse resolution effectively appear as a quark. Therefore, a baryon containing 3 valence quarks, of which two tend to cluster together as a diquark, behaves like a baryon.
C) Two different color charges close together appear as the corresponding color under fine resolution, which makes a diquark cluster viewed with fine resolution effectively appear as a quark. Therefore, a baryon containing 3 valence quarks, of which two tend to cluster together as a diquark, behaves like a baryon.
D) Two different color charges close together appear as the corresponding anti-color under fine resolution, which makes a diquark cluster viewed with fine resolution effectively appear as an antiquark. Therefore, a baryon containing 3 valence quarks, of which two tend to cluster together as a diquark, behaves like a meson.
E) Two different color charges close together appear as the corresponding anti-color under any resolution, which makes a diquark cluster viewed with any resolution effectively appear as an antiquark. Therefore, a baryon containing 3 valence quarks, of which two tend to cluster together as a diquark, behaves like a meson.",A
4,furthest,1,0.3177844285964966,340,Determine the correct option: What is the explanation for the effective supersymmetry in quark-diquark models? based on the given context.,"Question: Determine the correct option: What is the explanation for the effective supersymmetry in quark-diquark models? based on the given context.
A) Two different color charges close together appear as the corresponding anti-color under coarse resolution, which makes a diquark cluster viewed with coarse resolution effectively appear as an antiquark. Therefore, a baryon containing 3 valence quarks, of which two tend to cluster together as a diquark, behaves like a meson.
B) Two different color charges close together appear as the corresponding color under coarse resolution, which makes a diquark cluster viewed with coarse resolution effectively appear as a quark. Therefore, a baryon containing 3 valence quarks, of which two tend to cluster together as a diquark, behaves like a baryon.
C) Two different color charges close together appear as the corresponding color under fine resolution, which makes a diquark cluster viewed with fine resolution effectively appear as a quark. Therefore, a baryon containing 3 valence quarks, of which two tend to cluster together as a diquark, behaves like a baryon.
D) Two different color charges close together appear as the corresponding anti-color under fine resolution, which makes a diquark cluster viewed with fine resolution effectively appear as an antiquark. Therefore, a baryon containing 3 valence quarks, of which two tend to cluster together as a diquark, behaves like a meson.
E) Two different color charges close together appear as the corresponding anti-color under any resolution, which makes a diquark cluster viewed with any resolution effectively appear as an antiquark. Therefore, a baryon containing 3 valence quarks, of which two tend to cluster together as a diquark, behaves like a meson.",A
5,closest,1,0.05518534779548645,1598,What is the Kelvin-Helmholtz instability and how does it affect Earth's magnetosphere?,"Question: What is the Kelvin-Helmholtz instability and how does it affect Earth's magnetosphere?
A) The Kelvin-Helmholtz instability is a phenomenon that occurs when large swirls of plasma travel along the edge of the magnetosphere at a different velocity from the magnetosphere, causing the plasma to slip past. This results in magnetic reconnection, and as the magnetic field lines break and reconnect, solar wind particles are able to enter the magnetosphere.
B) The Kelvin-Helmholtz instability is a phenomenon that occurs when the magnetosphere is compared to a sieve because it allows solar wind particles to enter.
C) The Kelvin-Helmholtz instability is a phenomenon that occurs when Earth's bow shock is about 17 kilometers (11 mi) thick and located about 90,000 kilometers (56,000 mi) from Earth.
D) The Kelvin-Helmholtz instability is a phenomenon that occurs when the magnetic field extends in the magnetotail on Earth's nightside, which lengthwise exceeds 6,300,000 kilometers (3,900,000 mi).
E) The Kelvin-Helmholtz instability is a phenomenon that occurs when the magnetosphere is compressed by the solar wind to a distance of approximately 65,000 kilometers (40,000 mi) on the dayside of Earth. This results in the magnetopause existing at a distance of several hundred kilometers above Earth's surface.",A
5,furthest,1,0.09761514514684677,447,Identify the correct statement: What is the Kelvin-Helmholtz instability and how does it affect Earth's magnetosphere? among the listed options.,"Question: Identify the correct statement: What is the Kelvin-Helmholtz instability and how does it affect Earth's magnetosphere? among the listed options.
A) The Kelvin-Helmholtz instability is a phenomenon that occurs when large swirls of plasma travel along the edge of the magnetosphere at a different velocity from the magnetosphere, causing the plasma to slip past. This results in magnetic reconnection, and as the magnetic field lines break and reconnect, solar wind particles are able to enter the magnetosphere.
B) The Kelvin-Helmholtz instability is a phenomenon that occurs when the magnetosphere is compared to a sieve because it allows solar wind particles to enter.
C) The Kelvin-Helmholtz instability is a phenomenon that occurs when Earth's bow shock is about 17 kilometers (11 mi) thick and located about 90,000 kilometers (56,000 mi) from Earth.
D) The Kelvin-Helmholtz instability is a phenomenon that occurs when the magnetic field extends in the magnetotail on Earth's nightside, which lengthwise exceeds 6,300,000 kilometers (3,900,000 mi).
E) The Kelvin-Helmholtz instability is a phenomenon that occurs when the magnetosphere is compressed by the solar wind to a distance of approximately 65,000 kilometers (40,000 mi) on the dayside of Earth. This results in the magnetopause existing at a distance of several hundred kilometers above Earth's surface.",A
6,closest,1,0.010765747167170048,572,Select the most accurate option: What did Newton adopt after his correspondence with Hooke in 1679-1680? carefully.,"Question: Select the most accurate option: What did Newton adopt after his correspondence with Hooke in 1679-1680? carefully.
A) The language of inward or centripetal force.
B) The language of gravitational force.
C) The language of outward or centrifugal force.
D) The language of tangential and radial displacements.
E) The language of electromagnetic force.",A
6,furthest,1,0.0928545668721199,1632,Which of the following is correct? What did Newton adopt after his correspondence with Hooke in 1679-1680? based on the given context.,"Question: Which of the following is correct? What did Newton adopt after his correspondence with Hooke in 1679-1680? based on the given context.
A) The language of inward or centripetal force.
B) The language of gravitational force.
C) The language of outward or centrifugal force.
D) The language of tangential and radial displacements.
E) The language of electromagnetic force.",A
7,closest,1,0.012855044566094875,73,Determine the correct option: What did Newton's manuscripts of the 1660s show? among the listed options.,"Question: Determine the correct option: What did Newton's manuscripts of the 1660s show? among the listed options.
A) Newton learned about tangential motion and radially directed force or endeavour from Hooke's work.
B) Newton's manuscripts did not show any evidence of combining tangential motion with the effects of radially directed force or endeavour.
C) Newton combined tangential motion with the effects of radially directed force or endeavour and expressed the concept of linear inertia.
D) Newton's manuscripts showed that he learned about the inverse square law from Hooke's private papers.
E) Newton's manuscripts showed that he was indebted to Descartes' work, published in 1644, for the concept of linear inertia.",C
7,furthest,1,0.043889012187719345,977,What did Newton's manuscripts of the 1660s show?,"Question: What did Newton's manuscripts of the 1660s show?
A) Newton learned about tangential motion and radially directed force or endeavour from Hooke's work.
B) Newton's manuscripts did not show any evidence of combining tangential motion with the effects of radially directed force or endeavour.
C) Newton combined tangential motion with the effects of radially directed force or endeavour and expressed the concept of linear inertia.
D) Newton's manuscripts showed that he learned about the inverse square law from Hooke's private papers.
E) Newton's manuscripts showed that he was indebted to Descartes' work, published in 1644, for the concept of linear inertia.",C
8,closest,1,0.04449954256415367,1961,Determine the correct option: What is the Optical Signal-to-Noise Ratio (OSNR)? from the following choices.,"Question: Determine the correct option: What is the Optical Signal-to-Noise Ratio (OSNR)? from the following choices.
A) The Optical Signal-to-Noise Ratio (OSNR) is the ratio between the modulation frequency and the carrier frequency of an optical signal, used to describe the signal quality in structures where dynamic range is less than 6.02m.
B) The Optical Signal-to-Noise Ratio (OSNR) is the ratio between the signal power and the noise power in a given bandwidth, used to describe the signal quality without taking the receiver into account.
C) The Optical Signal-to-Noise Ratio (OSNR) is the ratio between the signal power and the noise power in a given bandwidth, used to describe the signal quality in situations where the dynamic range is less than 6.02m.
D) The Optical Signal-to-Noise Ratio (OSNR) is the ratio between the signal power and the noise power in a fixed bandwidth of 6.02m, used to describe the signal quality in structures where dynamic range is less than 6.02m.
E) The Optical Signal-to-Noise Ratio (OSNR) is the ratio between the signal power and the noise power in a given bandwidth, used to describe the signal quality in situations where the dynamic range is large or unpredictable.",B
8,furthest,1,0.10092675685882568,1805,Pick the best possible answer: What is the Optical Signal-to-Noise Ratio (OSNR)? among the listed options.,"Question: Pick the best possible answer: What is the Optical Signal-to-Noise Ratio (OSNR)? among the listed options.
A) The Optical Signal-to-Noise Ratio (OSNR) is the ratio between the modulation frequency and the carrier frequency of an optical signal, used to describe the signal quality in mechanisms where dynamic range is less than 6.02m.
B) The Optical Signal-to-Noise Ratio (OSNR) is the ratio between the signal power and the noise power in a given bandwidth, used to describe the signal quality without taking the receiver into account.
C) The Optical Signal-to-Noise Ratio (OSNR) is the ratio between the signal power and the noise power in a given bandwidth, used to describe the signal quality in situations where the dynamic range is less than 6.02m.
D) The Optical Signal-to-Noise Ratio (OSNR) is the ratio between the signal power and the noise power in a fixed bandwidth of 6.02m, used to describe the signal quality in mechanisms where dynamic range is less than 6.02m.
E) The Optical Signal-to-Noise Ratio (OSNR) is the ratio between the signal power and the noise power in a given bandwidth, used to describe the signal quality in situations where the dynamic range is large or unpredictable.",B
9,closest,1,0.1174008920788765,673,Select the most accurate option: What is the required excess quark per billion quark-antiquark pairs in the early universe in order to provide all the observed matter in the universe? based on the given context.,"Question: Select the most accurate option: What is the required excess quark per billion quark-antiquark pairs in the early universe in order to provide all the observed matter in the universe? based on the given context.
A) One
B) Five
C) Three
D) Two
E) Four",A
9,furthest,1,0.3007768988609314,1068,Identify the correct statement: What is the required excess quark per billion quark-antiquark pairs in the early universe in order to provide all the observed matter in the universe? based on the given context.,"Question: Identify the correct statement: What is the required excess quark per billion quark-antiquark pairs in the early universe in order to provide all the observed matter in the universe? based on the given context.
A) One
B) Five
C) Three
D) Two
E) Four",A
10,closest,1,0.09199333935976028,763,Choose the correct answer: What is the relationship between chemical potential and quarks/antiquarks? based on the given context.,"Question: Choose the correct answer: What is the relationship between chemical potential and quarks/antiquarks? based on the given context.
A) Chemical potential, represented by μ, is a measure of the imbalance between quarks and antiquarks in a mechanism. Higher μ indicates a stronger bias favoring quarks over antiquarks.
B) Chemical potential, represented by μ, is a measure of the balance between quarks and antiquarks in a structure. Higher μ indicates an equal number of quarks and antiquarks.
C) Chemical potential, represented by μ, is a measure of the imbalance between quarks and antiquarks in a structure. Higher μ indicates a stronger bias favoring antiquarks over quarks.
D) Chemical potential, represented by μ, is a measure of the density of antiquarks in a framework. Higher μ indicates a higher density of antiquarks.
E) Chemical potential, represented by μ, is a measure of the density of quarks in a mechanism. Higher μ indicates a higher density of quarks.",A
10,furthest,1,0.39162003993988037,58,Identify the correct statement: What is the relationship between chemical potential and quarks/antiquarks? based on the given context.,"Question: Identify the correct statement: What is the relationship between chemical potential and quarks/antiquarks? based on the given context.
A) Chemical potential, represented by μ, is a measure of the imbalance between quarks and antiquarks in a mechanism. Higher μ indicates a stronger bias favoring quarks over antiquarks.
B) Chemical potential, represented by μ, is a measure of the balance between quarks and antiquarks in a mechanism. Higher μ indicates an equal number of quarks and antiquarks.
C) Chemical potential, represented by μ, is a measure of the imbalance between quarks and antiquarks in a mechanism. Higher μ indicates a stronger bias favoring antiquarks over quarks.
D) Chemical potential, represented by μ, is a measure of the density of antiquarks in a framework. Higher μ indicates a higher density of antiquarks.
E) Chemical potential, represented by μ, is a measure of the density of quarks in a framework. Higher μ indicates a higher density of quarks.",A
11,closest,1,0.02310347929596901,505,Choose the correct answer: What was the aim of the Gravity Probe B (GP-B) mission? carefully.,"Question: Choose the correct answer: What was the aim of the Gravity Probe B (GP-B) mission? carefully.
A) To prove that pressure contributes equally to spacetime curvature as does mass-energy.
B) To measure spacetime curvature near Earth, with particular emphasis on gravitomagnetism.
C) To measure the distribution of Fe and Al on the Moon's surface.
D) To confirm the relatively large geodetic effect due to simple spacetime curvature, and is also known as de Sitter precession.
E) To measure the discrepancy between active and passive mass to about 10−12.",B
11,furthest,1,0.11787693202495575,1966,Determine the correct option: What was the aim of the Gravity Probe B (GP-B) mission? based on the given context.,"Question: Determine the correct option: What was the aim of the Gravity Probe B (GP-B) mission? based on the given context.
A) To prove that pressure contributes equally to spacetime curvature as does mass-energy.
B) To measure spacetime curvature near Earth, with particular emphasis on gravitomagnetism.
C) To measure the distribution of Fe and Al on the Moon's surface.
D) To confirm the relatively large geodetic effect due to simple spacetime curvature, and is also known as de Sitter precession.
E) To measure the discrepancy between active and passive mass to about 10−12.",B
12,closest,1,0.05208219587802887,29,Identify the correct statement: What is the reason for the formation of stars exclusively within molecular clouds? carefully.,"Question: Identify the correct statement: What is the reason for the formation of stars exclusively within molecular clouds? carefully.
A) The formation of stars occurs exclusively outside of molecular clouds.
B) The low temperatures and high densities of molecular clouds cause the gravitational force to exceed the internal pressures that are acting ""outward"" to prevent a collapse.
C) The low temperatures and low densities of molecular clouds cause the gravitational force to be less than the internal pressures that are acting ""outward"" to prevent a collapse.
D) The high temperatures and low densities of molecular clouds cause the gravitational force to exceed the internal pressures that are acting ""outward"" to prevent a collapse.
E) The high temperatures and high densities of molecular clouds cause the gravitational force to be less than the internal pressures that are acting ""outward"" to prevent a collapse.",B
12,furthest,1,0.32275915145874023,705,Identify the correct statement: What is the reason for the formation of stars exclusively within molecular clouds? based on the given context.,"Question: Identify the correct statement: What is the reason for the formation of stars exclusively within molecular clouds? based on the given context.
A) The formation of stars occurs exclusively outside of molecular clouds.
B) The low temperatures and high densities of molecular clouds cause the gravitational force to exceed the internal pressures that are acting ""outward"" to prevent a collapse.
C) The low temperatures and low densities of molecular clouds cause the gravitational force to be less than the internal pressures that are acting ""outward"" to prevent a collapse.
D) The high temperatures and low densities of molecular clouds cause the gravitational force to exceed the internal pressures that are acting ""outward"" to prevent a collapse.
E) The high temperatures and high densities of molecular clouds cause the gravitational force to be less than the internal pressures that are acting ""outward"" to prevent a collapse.",B
13,closest,1,0.05504392087459564,578,"Select the most accurate option: Which of the following statements accurately depicts the relationship between Gauss's law, electric flux, electric field, and symmetry in electric fields? among the listed options.","Question: Select the most accurate option: Which of the following statements accurately depicts the relationship between Gauss's law, electric flux, electric field, and symmetry in electric fields? among the listed options.
A) Gauss's law holds only for situations involving symmetric electric fields, like those with spherical or cylindrical symmetry, and doesn't apply to other field types. Electric flux, as an expression of the total electric field passing through a closed surface, is influenced only by charges within the surface and unaffected by distant charges located outside it. The scalar quantity electric flux is strictly measured in SI fundamental quantities as kg·m3·s−3·A.
B) Gauss's law holds in all cases, but it is most useful for calculations involving symmetric electric fields, like those with spherical or cylindrical symmetry, as they allow for simpler algebraic manipulations. Electric flux is not affected by distant charges outside the closed surface, whereas the net electric field, E, can be influenced by any charges positioned outside of the closed surface. In SI base units, the electric flux is expressed as kg·m3·s−3·A−1.
C) Gauss's law, which applies equally to all electric fields, is typically most useful when dealing with symmetric field configurations, like those with spherical or cylindrical symmetry, since it makes it easier to calculate the total electric flux. Electric flux, an expression of the total electric field through a closed surface, is unaffected by charges outside the surface, while net electric field, E, may be influenced by charges located outside the closed surface. Electric flux is expressed in SI base units as kg·m3·s−1·C.
D) Gauss's law only holds for electric fields with cylindrical symmetry, like those of a straight long wire; it is not applicable to fields with other types of symmetry. Electric flux, which measures the total electric field across a closed surface, is influenced by all charges within the surface as well as by those located outside it. The unit of electric flux in SI base units is kg·m2·s−2·A−1.
E) Gauss's law, which holds for all situations, is most beneficial when applied to electric fields that exhibit higher degrees of symmetry, like those with cylindrical and spherical symmetry. While electric flux is unaffected by charges outside of a given closed surface, the net electric field, E, may be affected by them. The unit of electric flux in SI base units is kg·m2·s−1·C.",B
13,furthest,1,0.19748616218566895,879,"Select the most accurate option: Which of the following statements accurately depicts the relationship between Gauss's law, electric flux, electric field, and symmetry in electric fields? based on the given context.","Question: Select the most accurate option: Which of the following statements accurately depicts the relationship between Gauss's law, electric flux, electric field, and symmetry in electric fields? based on the given context.
A) Gauss's law holds only for situations involving symmetric electric fields, like those with spherical or cylindrical symmetry, and doesn't apply to other field types. Electric flux, as an expression of the total electric field passing through a closed surface, is influenced only by charges within the surface and unaffected by distant charges located outside it. The scalar quantity electric flux is strictly measured in SI fundamental quantities as kg·m3·s−3·A.
B) Gauss's law holds in all cases, but it is most useful for calculations involving symmetric electric fields, like those with spherical or cylindrical symmetry, as they allow for simpler algebraic manipulations. Electric flux is not affected by distant charges outside the closed surface, whereas the net electric field, E, can be influenced by any charges positioned outside of the closed surface. In SI base units, the electric flux is expressed as kg·m3·s−3·A−1.
C) Gauss's law, which applies equally to all electric fields, is typically most useful when dealing with symmetric field configurations, like those with spherical or cylindrical symmetry, since it makes it easier to calculate the total electric flux. Electric flux, an expression of the total electric field through a closed surface, is unaffected by charges outside the surface, while net electric field, E, may be influenced by charges located outside the closed surface. Electric flux is expressed in SI base units as kg·m3·s−1·C.
D) Gauss's law only holds for electric fields with cylindrical symmetry, like those of a straight long wire; it is not applicable to fields with other types of symmetry. Electric flux, which measures the total electric field across a closed surface, is influenced by all charges within the surface as well as by those located outside it. The unit of electric flux in SI base units is kg·m2·s−2·A−1.
E) Gauss's law, which holds for all situations, is most beneficial when applied to electric fields that exhibit higher degrees of symmetry, like those with cylindrical and spherical symmetry. While electric flux is unaffected by charges outside of a given closed surface, the net electric field, E, may be affected by them. The unit of electric flux in SI base units is kg·m2·s−1·C.",B
14,closest,1,0.06797448545694351,1174,Choose the correct answer: What is the reason behind the largest externally observed electrical effects when two conductors are separated by the smallest distance without touching? based on the given context.,"Question: Choose the correct answer: What is the reason behind the largest externally observed electrical effects when two conductors are separated by the smallest distance without touching? based on the given context.
A) The surface charge on a conductor depends on the magnitude of the electric field, which in turn depends on the temperature between the surfaces.
B) The surface charge on a conductor depends on the magnitude of the magnetic field, which in turn depends on the distance between the surfaces.
C) The surface charge on a conductor depends on the magnitude of the electric field, which in turn depends on the angle between the surfaces.
D) The surface charge on a conductor depends on the magnitude of the electric field, which in turn depends on the distance between the surfaces.
E) The surface charge on a conductor depends on the magnitude of the electric field, which in turn depends on the pressure between the surfaces.",D
14,furthest,1,0.22561083734035492,1220,Determine the correct option: What is the reason behind the largest externally observed electrical effects when two conductors are separated by the smallest distance without touching?,"Question: Determine the correct option: What is the reason behind the largest externally observed electrical effects when two conductors are separated by the smallest distance without touching?
A) The surface charge on a conductor depends on the magnitude of the electric field, which in turn depends on the temperature between the surfaces.
B) The surface charge on a conductor depends on the magnitude of the magnetic field, which in turn depends on the distance between the surfaces.
C) The surface charge on a conductor depends on the magnitude of the electric field, which in turn depends on the angle between the surfaces.
D) The surface charge on a conductor depends on the magnitude of the electric field, which in turn depends on the distance between the surfaces.
E) The surface charge on a conductor depends on the magnitude of the electric field, which in turn depends on the pressure between the surfaces.",D
15,closest,1,0.04883988946676254,247,Determine the correct option: Which of the following statements accurately describes the relationship between the dimensions of a diffracting object and the angular spacing of features in the diffraction pattern? carefully.,"Question: Determine the correct option: Which of the following statements accurately describes the relationship between the dimensions of a diffracting object and the angular spacing of features in the diffraction pattern? carefully.
A) The angular spacing of features in the diffraction pattern is indirectly proportional to the dimensions of the object causing the diffraction. Therefore, if the diffracting object is smaller, the resulting diffraction pattern will be narrower.
B) The angular spacing of features in the diffraction pattern is directly proportional to the dimensions of the object causing the diffraction. Therefore, if the diffracting object is smaller, the resulting diffraction pattern will be narrower.
C) The angular spacing of features in the diffraction pattern is independent of the dimensions of the object causing the diffraction. Therefore, if the diffracting object is smaller, the resulting diffraction pattern will be the same as if it were big.
D) The angular spacing of features in the diffraction pattern is inversely proportional to the dimensions of the object causing the diffraction. Therefore, if the diffracting object is smaller, the resulting diffraction pattern will be wider.
E) The angular spacing of features in the diffraction pattern is directly proportional to the square root of the dimensions of the object causing the diffraction. Therefore, if the diffracting object is smaller, the resulting diffraction pattern will be slightly narrower.",D
15,furthest,1,0.13951866328716278,1611,Select the most accurate option: Which of the following statements accurately describes the relationship between the dimensions of a diffracting object and the angular spacing of features in the diffraction pattern?,"Question: Select the most accurate option: Which of the following statements accurately describes the relationship between the dimensions of a diffracting object and the angular spacing of features in the diffraction pattern?
A) The angular spacing of features in the diffraction pattern is indirectly proportional to the dimensions of the object causing the diffraction. Therefore, if the diffracting object is smaller, the resulting diffraction pattern will be narrower.
B) The angular spacing of features in the diffraction pattern is directly proportional to the dimensions of the object causing the diffraction. Therefore, if the diffracting object is smaller, the resulting diffraction pattern will be narrower.
C) The angular spacing of features in the diffraction pattern is independent of the dimensions of the object causing the diffraction. Therefore, if the diffracting object is smaller, the resulting diffraction pattern will be the same as if it were big.
D) The angular spacing of features in the diffraction pattern is inversely proportional to the dimensions of the object causing the diffraction. Therefore, if the diffracting object is smaller, the resulting diffraction pattern will be wider.
E) The angular spacing of features in the diffraction pattern is directly proportional to the square root of the dimensions of the object causing the diffraction. Therefore, if the diffracting object is smaller, the resulting diffraction pattern will be slightly narrower.",D
16,closest,1,0.05186013504862785,1861,Select the most accurate option: What is the propagation constant in sinusoidal waves? carefully.,"Question: Select the most accurate option: What is the propagation constant in sinusoidal waves? carefully.
A) The propagation constant is a measure of the amplitude of the sinusoidal wave that varies with distance.
B) The propagation constant is a real number that remains constant with distance due to the phase change in the sinusoidal wave.
C) The propagation constant is a real number that varies with distance due to the phase change in the sinusoidal wave.
D) The propagation constant is a complex number that varies with distance due to the phase change in the sinusoidal wave.
E) The propagation constant is a complex number that remains constant with distance due to the phase change in the sinusoidal wave.",D
16,furthest,1,0.12585978209972382,1926,Identify the correct statement: What is the propagation constant in sinusoidal waves? among the listed options.,"Question: Identify the correct statement: What is the propagation constant in sinusoidal waves? among the listed options.
A) The propagation constant is a measure of the amplitude of the sinusoidal wave that varies with distance.
B) The propagation constant is a real number that remains constant with distance due to the phase change in the sinusoidal wave.
C) The propagation constant is a real number that varies with distance due to the phase change in the sinusoidal wave.
D) The propagation constant is a complex number that varies with distance due to the phase change in the sinusoidal wave.
E) The propagation constant is a complex number that remains constant with distance due to the phase change in the sinusoidal wave.",D
17,closest,1,0.04165275767445564,997,"Which of the following is correct? What is the concept of simultaneity in Einstein's book, Relativity?","Question: Which of the following is correct? What is the concept of simultaneity in Einstein's book, Relativity?
A) Simultaneity is relative, meaning that two events that appear simultaneous to an observer in a particular inertial reference frame need not be judged as simultaneous by a second observer in a different inertial frame of reference.
B) Simultaneity is relative, meaning that two events that appear simultaneous to an observer in a particular inertial reference frame will always be judged as simultaneous by a second observer in a different inertial frame of reference.
C) Simultaneity is absolute, meaning that two events that appear simultaneous to an observer in a particular inertial reference frame will always be judged as simultaneous by a second observer in a different inertial frame of reference.
D) Simultaneity is a concept that applies only to Newtonian theories and not to relativistic theories.
E) Simultaneity is a concept that applies only to relativistic theories and not to Newtonian theories.",A
17,furthest,1,0.38045263290405273,1613,"Choose the correct answer: What is the concept of simultaneity in Einstein's book, Relativity? based on the given context.","Question: Choose the correct answer: What is the concept of simultaneity in Einstein's book, Relativity? based on the given context.
A) Simultaneity is relative, meaning that two events that appear simultaneous to an observer in a particular inertial reference frame need not be judged as simultaneous by a second observer in a different inertial frame of reference.
B) Simultaneity is relative, meaning that two events that appear simultaneous to an observer in a particular inertial reference frame will always be judged as simultaneous by a second observer in a different inertial frame of reference.
C) Simultaneity is absolute, meaning that two events that appear simultaneous to an observer in a particular inertial reference frame will always be judged as simultaneous by a second observer in a different inertial frame of reference.
D) Simultaneity is a concept that applies only to Newtonian theories and not to relativistic theories.
E) Simultaneity is a concept that applies only to relativistic theories and not to Newtonian theories.",A
18,closest,1,0.043499674648046494,834,Determine the correct option: What is the Einstein@Home project? among the listed options.,"Question: Determine the correct option: What is the Einstein@Home project? among the listed options.
A) The Einstein@Home project is a project that aims to detect signals from supernovae or binary black holes. It takes data from LIGO and GEO and sends it out in little pieces to thousands of volunteers for parallel analysis on their home computers.
B) The Einstein@Home project is a project that aims to detect signals from supernovae or binary black holes. It takes data from SETI and GEO and sends it out in little pieces to thousands of volunteers for parallel analysis on their home computers.
C) The Einstein@Home project is a distributed computing project that aims to detect simple gravitational waves with constant frequency. It takes data from LIGO and GEO and sends it out in little pieces to thousands of volunteers for parallel analysis on their home computers.
D) The Einstein@Home project is a project that aims to detect simple gravitational waves with constant frequency. It takes data from LIGO and GEO and sends it out in large pieces to thousands of volunteers for parallel analysis on their home computers.
E) The Einstein@Home project is a project that aims to detect simple gravitational waves with constant frequency. It takes data from SETI and GEO and sends it out in little pieces to thousands of volunteers for parallel analysis on their home computers.",C
18,furthest,1,0.1388392448425293,1931,Identify the correct statement: What is the Einstein@Home project?,"Question: Identify the correct statement: What is the Einstein@Home project?
A) The Einstein@Home project is a project that aims to detect signals from supernovae or binary black holes. It takes data from LIGO and GEO and sends it out in little pieces to thousands of volunteers for parallel analysis on their home computers.
B) The Einstein@Home project is a project that aims to detect signals from supernovae or binary black holes. It takes data from SETI and GEO and sends it out in little pieces to thousands of volunteers for parallel analysis on their home computers.
C) The Einstein@Home project is a distributed computing project that aims to detect simple gravitational waves with constant frequency. It takes data from LIGO and GEO and sends it out in little pieces to thousands of volunteers for parallel analysis on their home computers.
D) The Einstein@Home project is a project that aims to detect simple gravitational waves with constant frequency. It takes data from LIGO and GEO and sends it out in large pieces to thousands of volunteers for parallel analysis on their home computers.
E) The Einstein@Home project is a project that aims to detect simple gravitational waves with constant frequency. It takes data from SETI and GEO and sends it out in little pieces to thousands of volunteers for parallel analysis on their home computers.",C
19,closest,1,0.1324373483657837,1221,Identify the correct statement: What does Earnshaw's theorem state? from the following choices.,"Question: Identify the correct statement: What does Earnshaw's theorem state? from the following choices.
A) A collection of point charges can be maintained in a stable stationary equilibrium configuration solely by the gravitational interaction of the charges.
B) A collection of point charges can be maintained in a stable stationary equilibrium configuration solely by the electrostatic interaction of the charges.
C) A collection of point charges can be maintained in a stable stationary equilibrium configuration solely by the magnetic interaction of the charges, if the magnets are hard.
D) A collection of point charges cannot be maintained in a stable stationary equilibrium configuration solely by the electrostatic interaction of the charges.
E) A collection of point charges can be maintained in a stable stationary equilibrium configuration solely by the magnetic interaction of the charges.",D
19,furthest,1,0.518622875213623,1799,Pick the best possible answer: What does Earnshaw's theorem state? based on the given context.,"Question: Pick the best possible answer: What does Earnshaw's theorem state? based on the given context.
A) A collection of point charges can be maintained in a stable stationary equilibrium configuration solely by the gravitational interaction of the charges.
B) A collection of point charges can be maintained in a stable stationary equilibrium configuration solely by the electrostatic interaction of the charges.
C) A collection of point charges can be maintained in a stable stationary equilibrium configuration solely by the magnetic interaction of the charges, if the magnets are hard.
D) A collection of point charges cannot be maintained in a stable stationary equilibrium configuration solely by the electrostatic interaction of the charges.
E) A collection of point charges can be maintained in a stable stationary equilibrium configuration solely by the magnetic interaction of the charges.",D
20,closest,1,0.07228878885507584,519,Choose the correct answer: What is the significance of regularization in terms of renormalization problems in physics? among the listed options.,"Question: Choose the correct answer: What is the significance of regularization in terms of renormalization problems in physics? among the listed options.
A) Regularizing the mass-energy of an electron with a finite radius can theoretically simplify calculations involving infinities or singularities, thereby providing explanations that would otherwise be impossible to achieve.
B) Regularizing the mass-energy of an electron with an infinite radius allows for the breakdown of a concept that is valid under one set of conditions. This approach can be applied to other renormalization problems as well.
C) Regularizing the mass-energy of an electron with a finite radius is a means of demonstrating that a framework below a certain size can be explained without the need for further calculations. This approach can be applied to other renormalization problems as well.
D) Regularizing the mass-energy of an electron with an infinite radius can be used to provide a highly accurate description of a structure under specific conditions. This approach can be transferred to other renormalization problems as well.
E) Regularizing the mass-energy of an electron with an infinite radius is essential for explaining how a framework below a certain size operates. This approach can be applied to other renormalization problems as well.",C
20,furthest,1,0.3225749433040619,261,What is the significance of regularization in terms of renormalization problems in physics?,"Question: What is the significance of regularization in terms of renormalization problems in physics?
A) Regularizing the mass-energy of an electron with a finite radius can theoretically simplify calculations involving infinities or singularities, thereby providing explanations that would otherwise be impossible to achieve.
B) Regularizing the mass-energy of an electron with an infinite radius allows for the breakdown of a theory that is valid under one set of conditions. This approach can be applied to other renormalization problems as well.
C) Regularizing the mass-energy of an electron with a finite radius is a means of demonstrating that a system below a certain size can be explained without the need for further calculations. This approach can be applied to other renormalization problems as well.
D) Regularizing the mass-energy of an electron with an infinite radius can be used to provide a highly accurate description of a system under specific conditions. This approach can be transferred to other renormalization problems as well.
E) Regularizing the mass-energy of an electron with an infinite radius is essential for explaining how a system below a certain size operates. This approach can be applied to other renormalization problems as well.",C
21,closest,1,0.04436385631561279,559,"Select the most accurate option: What is the relationship between mass, force, and acceleration, according to Sir Isaac Newton's laws of motion?","Question: Select the most accurate option: What is the relationship between mass, force, and acceleration, according to Sir Isaac Newton's laws of motion?
A) Mass is a property that determines the weight of an object. According to Newton's laws of motion and the formula F = ma, an object with a mass of one kilogram accelerates at one meter per second per second when acted upon by a force of one newton.
B) Mass is an inertial property that determines an object's tendency to remain at constant velocity unless acted upon by an outside force. According to Newton's laws of motion and the formula F = ma, an object with a mass of one kilogram accelerates at ten meters per second per second when acted upon by a force of one newton.
C) Mass is an inertial property that determines an object's tendency to remain at constant velocity unless acted upon by an outside force. According to Newton's laws of motion and the formula F = ma, an object with a mass of one kilogram accelerates at ten meters per second per second when acted upon by a force of ten newtons.
D) Mass is an inertial property that determines an object's tendency to remain at constant velocity unless acted upon by an outside force. According to Newton's laws of motion and the formula F = ma, an object with a mass of one kilogram accelerates at one meter per second per second when acted upon by a force of one newton.
E) Mass is a property that determines the size of an object. According to Newton's laws of motion and the formula F = ma, an object with a mass of one kilogram accelerates at one meter per second per second when acted upon by a force of ten newtons.",D
21,furthest,1,0.16131263971328735,284,"Pick the best possible answer: What is the relationship between mass, force, and acceleration, according to Sir Isaac Newton's laws of motion? among the listed options.","Question: Pick the best possible answer: What is the relationship between mass, force, and acceleration, according to Sir Isaac Newton's laws of motion? among the listed options.
A) Mass is a property that determines the weight of an object. According to Newton's laws of motion and the formula F = ma, an object with a mass of one kilogram accelerates at one meter per second per second when acted upon by a force of one newton.
B) Mass is an inertial property that determines an object's tendency to remain at constant velocity unless acted upon by an outside force. According to Newton's laws of motion and the formula F = ma, an object with a mass of one kilogram accelerates at ten meters per second per second when acted upon by a force of one newton.
C) Mass is an inertial property that determines an object's tendency to remain at constant velocity unless acted upon by an outside force. According to Newton's laws of motion and the formula F = ma, an object with a mass of one kilogram accelerates at ten meters per second per second when acted upon by a force of ten newtons.
D) Mass is an inertial property that determines an object's tendency to remain at constant velocity unless acted upon by an outside force. According to Newton's laws of motion and the formula F = ma, an object with a mass of one kilogram accelerates at one meter per second per second when acted upon by a force of one newton.
E) Mass is a property that determines the size of an object. According to Newton's laws of motion and the formula F = ma, an object with a mass of one kilogram accelerates at one meter per second per second when acted upon by a force of ten newtons.",D
22,closest,1,0.02062785066664219,1173,Which of the following is correct? What is the relationship between the Cauchy momentum equation and the Navier-Stokes equation?,"Question: Which of the following is correct? What is the relationship between the Cauchy momentum equation and the Navier-Stokes equation?
A) The Navier-Stokes equation can be derived from the Cauchy momentum equation by specifying the stress tensor through a constitutive relation, expressing the shear tensor in terms of viscosity and fluid velocity, and assuming constant density and viscosity.
B) The Navier-Stokes equation is a simplified version of the Cauchy momentum equation that only applies to situations with constant density and viscosity.
C) The Navier-Stokes equation is a special case of the Cauchy momentum equation, which is a more general equation that applies to all non-relativistic momentum conservation situations.
D) The Cauchy momentum equation and the Navier-Stokes equation are completely unrelated and cannot be used interchangeably in any situation.
E) The Cauchy momentum equation is a special case of the Navier-Stokes equation, which is a more general equation that applies to all non-relativistic momentum conservation situations.",A
22,furthest,1,0.3445483446121216,904,Identify the correct statement: What are the Navier-Stokes equations? based on the given context.,"Question: Identify the correct statement: What are the Navier-Stokes equations? based on the given context.
A) The Navier-Stokes equations are partial differential equations that describe the motion of viscous fluid substances, expressing momentum balance and conservation of mass for Newtonian fluids.
B) The Navier-Stokes equations are partial differential equations that describe the motion of viscous fluid substances, expressing momentum balance and conservation of mass for non-Newtonian fluids.
C) The Navier-Stokes equations are partial differential equations that describe the motion of non-viscous fluid substances, expressing momentum balance and conservation of mass for Newtonian fluids.
D) The Navier-Stokes equations are algebraic equations that describe the motion of non-viscous fluid substances, expressing momentum balance and conservation of mass for Newtonian fluids.
E) The Navier-Stokes equations are algebraic equations that describe the motion of viscous fluid substances, expressing momentum balance and conservation of mass for Newtonian fluids.",A
23,closest,1,0.04102187231183052,1427,Determine the correct option: What is the reason for the stochastic nature of all observed resistance-switching processes? among the listed options.,"Question: Determine the correct option: What is the reason for the stochastic nature of all observed resistance-switching processes? among the listed options.
A) The free-energy barriers for the transition {i} → {j} are not high enough, and the memory device can switch without having to do anything.
B) The device is subjected to random thermal fluctuations, which trigger the switching event, but it is impossible to predict when it will occur.
C) The memory device is found to be in a distinct resistance state {j}, and there exists no physical one-to-one relationship between its present state and its foregoing voltage history.
D) The device is subjected to biases below the threshold value, which still allows for a finite probability of switching, but it is possible to predict when it will occur.
E) The external bias is set to a value above a certain threshold value, which reduces the free-energy barrier for the transition {i} → {j} to zero.",B
23,furthest,1,0.14858999848365784,283,Select the most accurate option: What is the reason for the stochastic nature of all observed resistance-switching processes? based on the given context.,"Question: Select the most accurate option: What is the reason for the stochastic nature of all observed resistance-switching processes? based on the given context.
A) The free-energy barriers for the transition {i} → {j} are not high enough, and the memory device can switch without having to do anything.
B) The device is subjected to random thermal fluctuations, which trigger the switching event, but it is impossible to predict when it will occur.
C) The memory device is found to be in a distinct resistance state {j}, and there exists no physical one-to-one relationship between its present state and its foregoing voltage history.
D) The device is subjected to biases below the threshold value, which still allows for a finite probability of switching, but it is possible to predict when it will occur.
E) The external bias is set to a value above a certain threshold value, which reduces the free-energy barrier for the transition {i} → {j} to zero.",B
24,closest,1,0.022128477692604065,27,Pick the best possible answer: What was Pierre de Fermat's solution to the problem of refraction? from the following choices.,"Question: Pick the best possible answer: What was Pierre de Fermat's solution to the problem of refraction? from the following choices.
A) Fermat supposed that light took the path of least resistance, and that different media offered the same resistance. His eventual solution, described in a letter to La Chambre dated 1 January 1662, construed ""resistance"" as inversely proportional to speed, so that light took the path of least time. That premise yielded the ordinary law of refraction, provided that light traveled more slowly in the optically denser medium.
B) Fermat supposed that light took the path of least resistance, and that different media offered different resistances. His eventual solution, described in a letter to La Chambre dated 1 January 1662, construed ""resistance"" as directly proportional to speed, so that light took the path of least time. That premise yielded the ordinary law of refraction, provided that light traveled more quickly in the optically denser medium.
C) Fermat supposed that light took the path of least resistance, and that different media offered the same resistance. His eventual solution, described in a letter to La Chambre dated 1 January 1662, construed ""resistance"" as directly proportional to speed, so that light took the path of least time. That premise yielded the ordinary law of refraction, provided that light traveled more slowly in the optically denser medium.
D) Fermat supposed that light took the path of least resistance, and that different media offered the same resistance. His eventual solution, described in a letter to La Chambre dated 1 January 1662, construed ""resistance"" as inversely proportional to speed, so that light took the path of least time. That premise yielded the ordinary law of refraction, provided that light traveled more quickly in the optically denser medium.
E) Fermat supposed that light took the path of least resistance, and that different media offered different resistances. His eventual solution, described in a letter to La Chambre dated 1 January 1662, construed ""resistance"" as inversely proportional to speed, so that light took the path of least time. That premise yielded the ordinary law of refraction, provided that light traveled more slowly in the optically denser medium.",E
24,furthest,1,0.12829181551933289,313,Select the most accurate option: What was Pierre de Fermat's solution to the problem of refraction? based on the given context.,"Question: Select the most accurate option: What was Pierre de Fermat's solution to the problem of refraction? based on the given context.
A) Fermat supposed that light took the path of least resistance, and that different media offered the same resistance. His eventual solution, described in a letter to La Chambre dated 1 January 1662, construed ""resistance"" as inversely proportional to speed, so that light took the path of least time. That premise yielded the ordinary law of refraction, provided that light traveled more slowly in the optically denser medium.
B) Fermat supposed that light took the path of least resistance, and that different media offered different resistances. His eventual solution, described in a letter to La Chambre dated 1 January 1662, construed ""resistance"" as directly proportional to speed, so that light took the path of least time. That premise yielded the ordinary law of refraction, provided that light traveled more quickly in the optically denser medium.
C) Fermat supposed that light took the path of least resistance, and that different media offered the same resistance. His eventual solution, described in a letter to La Chambre dated 1 January 1662, construed ""resistance"" as directly proportional to speed, so that light took the path of least time. That premise yielded the ordinary law of refraction, provided that light traveled more slowly in the optically denser medium.
D) Fermat supposed that light took the path of least resistance, and that different media offered the same resistance. His eventual solution, described in a letter to La Chambre dated 1 January 1662, construed ""resistance"" as inversely proportional to speed, so that light took the path of least time. That premise yielded the ordinary law of refraction, provided that light traveled more quickly in the optically denser medium.
E) Fermat supposed that light took the path of least resistance, and that different media offered different resistances. His eventual solution, described in a letter to La Chambre dated 1 January 1662, construed ""resistance"" as inversely proportional to speed, so that light took the path of least time. That premise yielded the ordinary law of refraction, provided that light traveled more slowly in the optically denser medium.",E
25,closest,1,0.07281698286533356,1620,Determine the correct option: What did Arthur Eddington discover about two of Einstein's types of gravitational waves?,"Question: Determine the correct option: What did Arthur Eddington discover about two of Einstein's types of gravitational waves?
A) Arthur Eddington showed that two of Einstein's types of waves were artifacts of the coordinate mechanism he used, and could only be made to propagate at the speed of gravity by choosing appropriate coordinates.
B) Arthur Eddington showed that two of Einstein's types of waves were artifacts of the coordinate structure he used, and could only be made to propagate at the speed of sound by choosing appropriate coordinates.
C) Arthur Eddington showed that two of Einstein's types of waves were artifacts of the coordinate framework he used, and could be made to propagate at any speed by choosing appropriate coordinates.
D) Arthur Eddington showed that two of Einstein's types of waves were artifacts of the coordinate mechanism he used, and could not be made to propagate at any speed by choosing appropriate coordinates.
E) Arthur Eddington showed that two of Einstein's types of waves were artifacts of the coordinate structure he used, and could only be made to propagate at the speed of light by choosing appropriate coordinates.",C
25,furthest,1,0.41324421763420105,1798,Select the most accurate option: What did Arthur Eddington discover about two of Einstein's types of gravitational waves? carefully.,"Question: Select the most accurate option: What did Arthur Eddington discover about two of Einstein's types of gravitational waves? carefully.
A) Arthur Eddington showed that two of Einstein's types of waves were artifacts of the coordinate framework he used, and could only be made to propagate at the speed of gravity by choosing appropriate coordinates.
B) Arthur Eddington showed that two of Einstein's types of waves were artifacts of the coordinate framework he used, and could only be made to propagate at the speed of sound by choosing appropriate coordinates.
C) Arthur Eddington showed that two of Einstein's types of waves were artifacts of the coordinate framework he used, and could be made to propagate at any speed by choosing appropriate coordinates.
D) Arthur Eddington showed that two of Einstein's types of waves were artifacts of the coordinate mechanism he used, and could not be made to propagate at any speed by choosing appropriate coordinates.
E) Arthur Eddington showed that two of Einstein's types of waves were artifacts of the coordinate structure he used, and could only be made to propagate at the speed of light by choosing appropriate coordinates.",C
26,closest,1,0.08153018355369568,555,Identify the correct statement: What is a magnetic monopole in particle physics? among the listed options.,"Question: Identify the correct statement: What is a magnetic monopole in particle physics? among the listed options.
A) A hypothetical elementary particle that is an isolated electric charge with both positive and negative poles.
B) A hypothetical elementary particle that is an isolated magnet with no magnetic poles.
C) A hypothetical elementary particle that is an isolated electric charge with only one electric pole, either a positive pole or a negative pole.
D) A hypothetical elementary particle that is an isolated magnet with both north and south poles.
E) A hypothetical elementary particle that is an isolated magnet with only one magnetic pole, either a north pole or a south pole.",E
26,furthest,1,0.40247854590415955,1651,Determine the correct option: What is a magnetic monopole in particle physics? based on the given context.,"Question: Determine the correct option: What is a magnetic monopole in particle physics? based on the given context.
A) A hypothetical elementary particle that is an isolated electric charge with both positive and negative poles.
B) A hypothetical elementary particle that is an isolated magnet with no magnetic poles.
C) A hypothetical elementary particle that is an isolated electric charge with only one electric pole, either a positive pole or a negative pole.
D) A hypothetical elementary particle that is an isolated magnet with both north and south poles.
E) A hypothetical elementary particle that is an isolated magnet with only one magnetic pole, either a north pole or a south pole.",E
27,closest,1,0.05540613457560539,1729,Determine the correct option: What is the role of the Higgs boson in the Standard Model? from the following choices.,"Question: Determine the correct option: What is the role of the Higgs boson in the Standard Model? from the following choices.
A) The Higgs boson is responsible for giving mass to the photon and gluon in the Standard Model.
B) The Higgs boson has no role in the Standard Model.
C) The Higgs boson is responsible for giving mass to all the elementary particles in the Standard Model.
D) The Higgs boson is responsible for giving mass to all the elementary particles, except the photon and gluon, in the Standard Model.
E) The Higgs boson is responsible for giving mass to all the composite particles in the Standard Model.",D
27,furthest,1,0.13947322964668274,1794,Determine the correct option: What is the role of the Higgs boson in the Standard Model? carefully.,"Question: Determine the correct option: What is the role of the Higgs boson in the Standard Model? carefully.
A) The Higgs boson is responsible for giving mass to the photon and gluon in the Standard Model.
B) The Higgs boson has no role in the Standard Model.
C) The Higgs boson is responsible for giving mass to all the elementary particles in the Standard Model.
D) The Higgs boson is responsible for giving mass to all the elementary particles, except the photon and gluon, in the Standard Model.
E) The Higgs boson is responsible for giving mass to all the composite particles in the Standard Model.",D
28,closest,1,0.0375448539853096,1263,Choose the correct answer: What is a virtual particle?,"Question: Choose the correct answer: What is a virtual particle?
A) A particle that is not affected by the strong force.
B) A particle that is not affected by the weak force.
C) A particle that is created in a laboratory for experimental purposes.
D) A particle that is not directly observable but is inferred from its effects on measurable particles.
E) A particle that is directly observable and can be measured in experiments.",D
28,furthest,1,0.2968263626098633,840,Determine the correct option: What is a virtual particle? among the listed options.,"Question: Determine the correct option: What is a virtual particle? among the listed options.
A) A particle that is not affected by the strong force.
B) A particle that is not affected by the weak force.
C) A particle that is created in a laboratory for experimental purposes.
D) A particle that is not directly observable but is inferred from its effects on measurable particles.
E) A particle that is directly observable and can be measured in experiments.",D
29,closest,1,0.09533248096704483,516,Select the most accurate option: What is the main focus of cryogenic and noble liquid detectors in dark matter experiments? based on the given context.,"Question: Select the most accurate option: What is the main focus of cryogenic and noble liquid detectors in dark matter experiments? based on the given context.
A) Distinguishing background particles from dark matter particles by detecting the heat produced when a particle hits an atom in a crystal absorber or the scintillation produced by a particle collision in liquid xenon or argon.
B) Detecting the heat produced when a particle hits an atom in a crystal absorber or the scintillation produced by a particle collision in liquid xenon or argon to determine the mass and interaction cross section with electrons of dark matter particles.
C) Detecting the heat produced when a particle hits an atom in a crystal absorber or the scintillation produced by a particle collision in liquid xenon or argon to distinguish between different types of background particles.
D) Detecting the heat produced when a particle hits an atom in a crystal absorber or the scintillation produced by a particle collision in liquid xenon or argon to determine the mass and interaction cross section with nucleons of dark matter particles.
E) Detecting the mass and interaction cross section with nucleons of dark matter particles by detecting the heat produced when a particle hits an atom in a crystal absorber or the scintillation produced by a particle collision in liquid xenon or argon.",A
29,furthest,1,0.39772164821624756,145,What are the constituents of cold dark matter?,"Question: What are the constituents of cold dark matter?
A) They are unknown, but possibilities include large objects like MACHOs or new particles such as WIMPs and axions.
B) They are known to be black holes and Preon stars.
C) They are only MACHOs.
D) They are clusters of brown dwarfs.
E) They are new particles such as RAMBOs.",A
30,closest,1,0.1105143204331398,1550,Choose the correct answer: What is one of the examples of the models proposed by cosmologists and theoretical physicists without the cosmological or Copernican principles that can be used to address specific issues in the Lambda-CDM model and distinguish between current models and other possible models? carefully.,"Question: Choose the correct answer: What is one of the examples of the models proposed by cosmologists and theoretical physicists without the cosmological or Copernican principles that can be used to address specific issues in the Lambda-CDM model and distinguish between current models and other possible models? carefully.
A) The Copernican principle, which proposes that Earth, the Solar mechanism, and the Milky Way are not at the centre of the universe, but instead, the universe is expanding equally in all directions. This principle is a modification of the Lambda-CDM model and has been shown to explain several observational results.
B) Inhomogeneous cosmology, which states that the universe is entirely homogeneous and isotropic, directly proportional to the density of matter and radiation. This model proposes that everything in the universe is completely uniform, but it does not match observations.
C) Inhomogeneous cosmology, which models the universe as an extremely large, low-density void, instead of using the concept of dark energy. According to the model, this framework can match the observed accelerating universe and cosmological constant, but it contradicts the Copernican principle.
D) The cosmological principle, which proposes that Earth, the Solar mechanism, and the Milky Way are at the centre of the universe. This principle is a modification of the Lambda-CDM model and has been shown to explain several observational results.
E) The principle of dark energy, which proposes that a new form of energy, not previously detected, is responsible for the acceleration of the expansion of the universe. This principle is a modification of the Lambda-CDM model and has been shown to explain several observational results.",C
30,furthest,1,0.5328462719917297,1634,Which of the following is correct? What are some models that attempt to account for all observations without invoking supplemental non-baryonic matter? carefully.,"Question: Which of the following is correct? What are some models that attempt to account for all observations without invoking supplemental non-baryonic matter? carefully.
A) The Doppler effect, the photoelectric effect, or the Compton effect.
B) The Higgs boson, the W boson, or the Z boson.
C) Modified Newtonian dynamics, tensor–vector–scalar gravity, or entropic gravity.
D) The strong nuclear force, the weak nuclear force, or the electromagnetic force.
E) Kepler's laws, Newton's laws, or Einstein's concept of general relativity.",C
31,closest,1,0.035451117902994156,387,Select the most accurate option: What is Modified Newtonian Dynamics (MOND)? from the following choices.,"Question: Select the most accurate option: What is Modified Newtonian Dynamics (MOND)? from the following choices.
A) MOND is a principle that explains the behavior of light in the presence of strong gravitational fields. It is an alternative to the hypothesis of dark matter in terms of explaining why galaxies do not appear to obey the currently understood laws of physics.
B) MOND is a hypothesis that proposes a modification of Einstein's framework of general relativity to account for observed properties of galaxies. It is an alternative to the hypothesis of dark matter in terms of explaining why galaxies do not appear to obey the currently understood laws of physics.
C) MOND is a hypothesis that proposes a modification of Newton's law of universal gravitation to account for observed properties of galaxies. It is an alternative to the hypothesis of dark matter in terms of explaining why galaxies do not appear to obey the currently understood laws of physics.
D) MOND is a hypothesis that proposes a modification of Coulomb's law to account for observed properties of galaxies. It is an alternative to the hypothesis of dark matter in terms of explaining why galaxies do not appear to obey the currently understood laws of physics.
E) MOND is a concept that explains the behavior of subatomic particles in the presence of strong magnetic fields. It is an alternative to the hypothesis of dark energy in terms of explaining why subatomic particles do not appear to obey the currently understood laws of physics.",C
31,furthest,1,0.5438759326934814,849,Choose the correct answer: What is Modified Newtonian Dynamics (MOND)? based on the given context.,"Question: Choose the correct answer: What is Modified Newtonian Dynamics (MOND)? based on the given context.
A) MOND is a principle that explains the behavior of light in the presence of strong gravitational fields. It is an alternative to the hypothesis of dark matter in terms of explaining why galaxies do not appear to obey the currently understood laws of physics.
B) MOND is a hypothesis that proposes a modification of Einstein's concept of general relativity to account for observed properties of galaxies. It is an alternative to the hypothesis of dark matter in terms of explaining why galaxies do not appear to obey the currently understood laws of physics.
C) MOND is a hypothesis that proposes a modification of Newton's law of universal gravitation to account for observed properties of galaxies. It is an alternative to the hypothesis of dark matter in terms of explaining why galaxies do not appear to obey the currently understood laws of physics.
D) MOND is a hypothesis that proposes a modification of Coulomb's law to account for observed properties of galaxies. It is an alternative to the hypothesis of dark matter in terms of explaining why galaxies do not appear to obey the currently understood laws of physics.
E) MOND is a principle that explains the behavior of subatomic particles in the presence of strong magnetic fields. It is an alternative to the hypothesis of dark energy in terms of explaining why subatomic particles do not appear to obey the currently understood laws of physics.",C
32,closest,1,0.04187396168708801,450,"Identify the correct statement: Who proposed the concept of ""maximal acceleration""? among the listed options.","Question: Identify the correct statement: Who proposed the concept of ""maximal acceleration""? among the listed options.
A) Max Planck
B) Niels Bohr
C) Eduardo R. Caianiello
D) Hideki Yukawa
E) Albert Einstein",C
32,furthest,1,0.196451798081398,20,"Which of the following is correct? Who proposed the concept of ""maximal acceleration""? carefully.","Question: Which of the following is correct? Who proposed the concept of ""maximal acceleration""? carefully.
A) Max Planck
B) Niels Bohr
C) Eduardo R. Caianiello
D) Hideki Yukawa
E) Albert Einstein",C
33,closest,1,0.04464586451649666,1780,Identify the correct statement: What is the relationship between the amplitude of a sound wave and its loudness? among the listed options.,"Question: Identify the correct statement: What is the relationship between the amplitude of a sound wave and its loudness? among the listed options.
A) The amplitude of a sound wave is related to its loudness.
B) The amplitude of a sound wave is directly proportional to its frequency.
C) The amplitude of a sound wave is not related to its loudness.
D) The amplitude of a sound wave is not related to its frequency.
E) The amplitude of a sound wave is inversely related to its loudness.",A
33,furthest,1,0.15738321840763092,448,Identify the correct statement: What is the relationship between the amplitude of a sound wave and its loudness? based on the given context.,"Question: Identify the correct statement: What is the relationship between the amplitude of a sound wave and its loudness? based on the given context.
A) The amplitude of a sound wave is related to its loudness.
B) The amplitude of a sound wave is directly proportional to its frequency.
C) The amplitude of a sound wave is not related to its loudness.
D) The amplitude of a sound wave is not related to its frequency.
E) The amplitude of a sound wave is inversely related to its loudness.",A
34,closest,1,0.09546079486608505,215,Which of the following statements accurately describes the characteristics of gravitational waves?,"Question: Which of the following statements accurately describes the characteristics of gravitational waves?
A) Gravitational waves have an amplitude denoted by h, which represents the size of the wave. The amplitude varies with time according to Newton's quadrupole formula. Gravitational waves also have a frequency denoted by f, which is the frequency of the wave's oscillation, and a wavelength denoted by λ, which is the distance between points of minimum stretch or squeeze.
B) Gravitational waves have an amplitude denoted by λ, which represents the distance between points of maximum stretch or squeeze. The amplitude varies with time according to Einstein's quadrupole formula. Gravitational waves also have a frequency denoted by h, which is the size of the wave, and a wavelength denoted by f, which is the frequency of the wave's oscillation.
C) Gravitational waves have an amplitude denoted by h, which represents the size of the wave. The amplitude varies with time according to Einstein's quadrupole formula. Gravitational waves also have a frequency denoted by f, which is the frequency of the wave's oscillation, and a wavelength denoted by λ, which is the distance between points of maximum stretch or squeeze.
D) Gravitational waves have an amplitude denoted by f, which represents the frequency of the wave's oscillation. The amplitude varies with time according to Einstein's quadrupole formula. Gravitational waves also have a frequency denoted by h, which is the size of the wave, and a wavelength denoted by λ, which is the distance between points of maximum stretch or squeeze.
E) Gravitational waves have an amplitude denoted by f, which represents the frequency of the wave's oscillation. The amplitude varies with time according to Newton's quadrupole formula. Gravitational waves also have a frequency denoted by h, which is the size of the wave, and a wavelength denoted by λ, which is the distance between points of minimum stretch or squeeze.",C
34,furthest,1,0.3128493130207062,1522,Identify the correct statement: Which of the following statements accurately describes the characteristics of gravitational waves? carefully.,"Question: Identify the correct statement: Which of the following statements accurately describes the characteristics of gravitational waves? carefully.
A) Gravitational waves have an amplitude denoted by h, which represents the size of the wave. The amplitude varies with time according to Newton's quadrupole formula. Gravitational waves also have a frequency denoted by f, which is the frequency of the wave's oscillation, and a wavelength denoted by λ, which is the distance between points of minimum stretch or squeeze.
B) Gravitational waves have an amplitude denoted by λ, which represents the distance between points of maximum stretch or squeeze. The amplitude varies with time according to Einstein's quadrupole formula. Gravitational waves also have a frequency denoted by h, which is the size of the wave, and a wavelength denoted by f, which is the frequency of the wave's oscillation.
C) Gravitational waves have an amplitude denoted by h, which represents the size of the wave. The amplitude varies with time according to Einstein's quadrupole formula. Gravitational waves also have a frequency denoted by f, which is the frequency of the wave's oscillation, and a wavelength denoted by λ, which is the distance between points of maximum stretch or squeeze.
D) Gravitational waves have an amplitude denoted by f, which represents the frequency of the wave's oscillation. The amplitude varies with time according to Einstein's quadrupole formula. Gravitational waves also have a frequency denoted by h, which is the size of the wave, and a wavelength denoted by λ, which is the distance between points of maximum stretch or squeeze.
E) Gravitational waves have an amplitude denoted by f, which represents the frequency of the wave's oscillation. The amplitude varies with time according to Newton's quadrupole formula. Gravitational waves also have a frequency denoted by h, which is the size of the wave, and a wavelength denoted by λ, which is the distance between points of minimum stretch or squeeze.",C
35,closest,1,0.05528458580374718,1552,Determine the correct option: Who was the first to determine the velocity of a star moving away from the Earth using the Doppler effect? among the listed options.,"Question: Determine the correct option: Who was the first to determine the velocity of a star moving away from the Earth using the Doppler effect? among the listed options.
A) Fraunhofer
B) William Huggins
C) Hippolyte Fizeau
D) Vogel and Scheiner
E) None of the above",B
35,furthest,1,0.20963697135448456,213,Select the most accurate option: Who was the first to determine the velocity of a star moving away from the Earth using the Doppler effect? carefully.,"Question: Select the most accurate option: Who was the first to determine the velocity of a star moving away from the Earth using the Doppler effect? carefully.
A) Fraunhofer
B) William Huggins
C) Hippolyte Fizeau
D) Vogel and Scheiner
E) None of the above",B
36,closest,1,0.08252136409282684,978,Select the most accurate option: What is the SI unit of the physical quantity m/Q? from the following choices.,"Question: Select the most accurate option: What is the SI unit of the physical quantity m/Q? from the following choices.
A) Meter per second
B) Pascal per second
C) Kilogram per coulomb
D) Newton per meter
E) Joule per second",C
36,furthest,1,1.0661487579345703,627,Identify the correct statement: What is the SI unit of the physical quantity m/Q? based on the given context.,"Question: Identify the correct statement: What is the SI unit of the physical quantity m/Q? based on the given context.
A) Meter per second
B) Pascal per second
C) Kilogram per coulomb
D) Newton per meter
E) Joule per second",C
37,closest,1,0.03217838332056999,245,Choose the correct answer: What is the function of the fibrous cardiac skeleton?,"Question: Choose the correct answer: What is the function of the fibrous cardiac skeleton?
A) The fibrous cardiac skeleton is a framework of blood vessels that supplies oxygen and nutrients to the heart muscle.
B) The fibrous cardiac skeleton is responsible for the pumping action of the heart, regulating the flow of blood through the atria and ventricles.
C) The fibrous cardiac skeleton provides structure to the heart, forming the atrioventricular septum that separates the atria from the ventricles, and the fibrous rings that serve as bases for the four heart valves.
D) The fibrous cardiac skeleton is a network of nerves that controls the heartbeat and rhythm of the heart.
E) The fibrous cardiac skeleton is a protective layer that surrounds the heart, shielding it from external damage.",C
37,furthest,1,0.12213779985904694,223,Select the most accurate option: What is the function of the fibrous cardiac skeleton? based on the given context.,"Question: Select the most accurate option: What is the function of the fibrous cardiac skeleton? based on the given context.
A) The fibrous cardiac skeleton is a framework of blood vessels that supplies oxygen and nutrients to the heart muscle.
B) The fibrous cardiac skeleton is responsible for the pumping action of the heart, regulating the flow of blood through the atria and ventricles.
C) The fibrous cardiac skeleton provides structure to the heart, forming the atrioventricular septum that separates the atria from the ventricles, and the fibrous rings that serve as bases for the four heart valves.
D) The fibrous cardiac skeleton is a network of nerves that controls the heartbeat and rhythm of the heart.
E) The fibrous cardiac skeleton is a protective layer that surrounds the heart, shielding it from external damage.",C
38,closest,1,0.04904899746179581,948,Determine the correct option: What is the Landau-Lifshitz-Gilbert equation used for in physics?,"Question: Determine the correct option: What is the Landau-Lifshitz-Gilbert equation used for in physics?
A) The Landau-Lifshitz-Gilbert equation is a differential equation used to describe the precessional motion of magnetization M in a liquid, and is commonly used in micromagnetics to model the effects of a magnetic field on ferromagnetic materials.
B) The Landau-Lifshitz-Gilbert equation is a differential equation used to describe the precessional motion of magnetization M in a solid, and is commonly used in astrophysics to model the effects of a magnetic field on celestial bodies.
C) The Landau-Lifshitz-Gilbert equation is a differential equation used to describe the precessional motion of magnetization M in a solid, and is commonly used in micromagnetics to model the effects of a magnetic field on ferromagnetic materials.
D) The Landau-Lifshitz-Gilbert equation is a differential equation used to describe the precessional motion of magnetization M in a solid, and is commonly used in macro-magnetics to model the effects of a magnetic field on ferromagnetic materials.
E) The Landau-Lifshitz-Gilbert equation is a differential equation used to describe the precessional motion of magnetization M in a liquid, and is commonly used in macro-magnetics to model the effects of a magnetic field on ferromagnetic materials.",C
38,furthest,1,0.1370374709367752,435,Choose the correct answer: What is the Landau-Lifshitz-Gilbert equation used for in physics? among the listed options.,"Question: Choose the correct answer: What is the Landau-Lifshitz-Gilbert equation used for in physics? among the listed options.
A) The Landau-Lifshitz-Gilbert equation is a differential equation used to describe the precessional motion of magnetization M in a liquid, and is commonly used in micromagnetics to model the effects of a magnetic field on ferromagnetic materials.
B) The Landau-Lifshitz-Gilbert equation is a differential equation used to describe the precessional motion of magnetization M in a solid, and is commonly used in astrophysics to model the effects of a magnetic field on celestial bodies.
C) The Landau-Lifshitz-Gilbert equation is a differential equation used to describe the precessional motion of magnetization M in a solid, and is commonly used in micromagnetics to model the effects of a magnetic field on ferromagnetic materials.
D) The Landau-Lifshitz-Gilbert equation is a differential equation used to describe the precessional motion of magnetization M in a solid, and is commonly used in macro-magnetics to model the effects of a magnetic field on ferromagnetic materials.
E) The Landau-Lifshitz-Gilbert equation is a differential equation used to describe the precessional motion of magnetization M in a liquid, and is commonly used in macro-magnetics to model the effects of a magnetic field on ferromagnetic materials.",C
39,closest,1,0.11565697938203812,217,Determine the correct option: Who published the first principle that was able to encompass previously separate field theories to provide a unifying principle of electromagnetism?,"Question: Determine the correct option: Who published the first principle that was able to encompass previously separate field theories to provide a unifying principle of electromagnetism?
A) Maxwell
B) Einstein
C) Galileo
D) Faraday
E) Newton",A
39,furthest,1,0.3024561405181885,1768,Which of the following is correct? Who published the first principle that was able to encompass previously separate field theories to provide a unifying principle of electromagnetism?,"Question: Which of the following is correct? Who published the first principle that was able to encompass previously separate field theories to provide a unifying principle of electromagnetism?
A) Maxwell
B) Einstein
C) Galileo
D) Faraday
E) Newton",A
40,closest,1,0.12867718935012817,1792,Which of the following is correct? Who was the first person to describe the pulmonary circulation framework? from the following choices.,"Question: Which of the following is correct? Who was the first person to describe the pulmonary circulation framework? from the following choices.
A) Galen
B) Avicenna
C) Hippocrates
D) Aristotle
E) Ibn al-Nafis",E
40,furthest,1,0.541087806224823,1361,Identify the correct statement: Who was the first person to describe the pulmonary circulation framework? based on the given context.,"Question: Identify the correct statement: Who was the first person to describe the pulmonary circulation framework? based on the given context.
A) Galen
B) Avicenna
C) Hippocrates
D) Aristotle
E) Ibn al-Nafis",E
41,closest,1,0.08807951211929321,1958,"What is the meaning of the term ""horror vacui""?","Question: What is the meaning of the term ""horror vacui""?
A) The quantified extension of volume in empty space.
B) The commonly held view that nature abhorred a vacuum.
C) The medieval thought experiment into the idea of a vacuum.
D) The success of Descartes' namesake coordinate system.
E) The spatial-corporeal component of Descartes' metaphysics.",B
41,furthest,1,0.5378232598304749,1389,"Select the most accurate option: What is the meaning of the term ""horror vacui""? based on the given context.","Question: Select the most accurate option: What is the meaning of the term ""horror vacui""? based on the given context.
A) The quantified extension of volume in empty space.
B) The commonly held view that nature abhorred a vacuum.
C) The medieval thought experiment into the idea of a vacuum.
D) The success of Descartes' namesake coordinate framework.
E) The spatial-corporeal component of Descartes' metaphysics.",B
42,closest,1,0.017823169007897377,1766,Determine the correct option: What was Isaac Newton's explanation for rectilinear propagation of light? among the listed options.,"Question: Determine the correct option: What was Isaac Newton's explanation for rectilinear propagation of light? among the listed options.
A) Isaac Newton rejected the wave framework of light and proposed that light consists of corpuscles that are subject to a force acting parallel to the interface. In this model, the critical angle was the angle of incidence at which the normal velocity of the approaching corpuscle was just enough to reach the far side of the force field; at more oblique incidence, the corpuscle would be turned back.
B) Isaac Newton rejected the wave concept of light and proposed that light consists of corpuscles that are subject to a force acting perpendicular to the interface. In this model, the critical angle was the angle of incidence at which the normal velocity of the approaching corpuscle was just enough to reach the near side of the force field; at more oblique incidence, the corpuscle would be turned back.
C) Isaac Newton accepted the wave framework of light and proposed that light consists of transverse waves that are subject to a force acting perpendicular to the interface. In this model, the critical angle was the angle of incidence at which the normal velocity of the approaching wave was just enough to reach the far side of the force field; at more oblique incidence, the wave would be turned back.
D) Isaac Newton rejected the wave concept of light and proposed that light consists of corpuscles that are subject to a force acting perpendicular to the interface. In this model, the critical angle was the angle of incidence at which the normal velocity of the approaching corpuscle was just enough to reach the far side of the force field; at more oblique incidence, the corpuscle would be turned back.
E) Isaac Newton accepted the wave framework of light and proposed that light consists of longitudinal waves that are subject to a force acting perpendicular to the interface. In this model, the critical angle was the angle of incidence at which the normal velocity of the approaching wave was just enough to reach the far side of the force field; at more oblique incidence, the wave would be turned back.",D
42,furthest,1,0.1276858150959015,1934,Choose the correct answer: What did Fresnel predict and verify with regards to total internal reflections? based on the given context.,"Question: Choose the correct answer: What did Fresnel predict and verify with regards to total internal reflections? based on the given context.
A) Fresnel predicted and verified that three total internal reflections at 75°27' would give a precise circular polarization if two of the reflections had water as the external medium and the third had air, but not if the reflecting surfaces were all wet or all dry.
B) Fresnel predicted and verified that eight total internal reflections at 68°27' would give an accurate circular polarization if four of the reflections had water as the external medium while the other four had air, but not if the reflecting surfaces were all wet or all dry.
C) Fresnel predicted and verified that four total internal reflections at 30°27' would result in circular polarization if two of the reflections had water as the external medium while the other two had air, regardless if the reflecting surfaces were all wet or all dry.
D) Fresnel predicted and verified that two total internal reflections at 68°27' would give an accurate linear polarization if one of the reflections had water as the external medium and the other had air, but not if the reflecting surfaces were all wet or all dry.
E) Fresnel predicted and verified that four total internal reflections at 68°27' would give a precise circular polarization if two of the reflections had water as the external medium while the other two had air, but not if the reflecting surfaces were all wet or all dry.",E
43,closest,1,0.05080446973443031,767,Which of the following is correct? What did Fresnel predict and verify with regards to total internal reflections? among the listed options.,"Question: Which of the following is correct? What did Fresnel predict and verify with regards to total internal reflections? among the listed options.
A) Fresnel predicted and verified that three total internal reflections at 75°27' would give a precise circular polarization if two of the reflections had water as the external medium and the third had air, but not if the reflecting surfaces were all wet or all dry.
B) Fresnel predicted and verified that eight total internal reflections at 68°27' would give an accurate circular polarization if four of the reflections had water as the external medium while the other four had air, but not if the reflecting surfaces were all wet or all dry.
C) Fresnel predicted and verified that four total internal reflections at 30°27' would result in circular polarization if two of the reflections had water as the external medium while the other two had air, regardless if the reflecting surfaces were all wet or all dry.
D) Fresnel predicted and verified that two total internal reflections at 68°27' would give an accurate linear polarization if one of the reflections had water as the external medium and the other had air, but not if the reflecting surfaces were all wet or all dry.
E) Fresnel predicted and verified that four total internal reflections at 68°27' would give a precise circular polarization if two of the reflections had water as the external medium while the other two had air, but not if the reflecting surfaces were all wet or all dry.",E
43,furthest,1,0.0755782350897789,1264,Select the most accurate option: What did Fresnel predict and verify with regards to total internal reflections? among the listed options.,"Question: Select the most accurate option: What did Fresnel predict and verify with regards to total internal reflections? among the listed options.
A) Fresnel predicted and verified that three total internal reflections at 75°27' would give a precise circular polarization if two of the reflections had water as the external medium and the third had air, but not if the reflecting surfaces were all wet or all dry.
B) Fresnel predicted and verified that eight total internal reflections at 68°27' would give an accurate circular polarization if four of the reflections had water as the external medium while the other four had air, but not if the reflecting surfaces were all wet or all dry.
C) Fresnel predicted and verified that four total internal reflections at 30°27' would result in circular polarization if two of the reflections had water as the external medium while the other two had air, regardless if the reflecting surfaces were all wet or all dry.
D) Fresnel predicted and verified that two total internal reflections at 68°27' would give an accurate linear polarization if one of the reflections had water as the external medium and the other had air, but not if the reflecting surfaces were all wet or all dry.
E) Fresnel predicted and verified that four total internal reflections at 68°27' would give a precise circular polarization if two of the reflections had water as the external medium while the other two had air, but not if the reflecting surfaces were all wet or all dry.",E
44,closest,1,0.09900695085525513,436,Which of the following is correct? What is the role of axioms in a formal principle? from the following choices.,"Question: Which of the following is correct? What is the role of axioms in a formal principle? from the following choices.
A) Basis statements called axioms form the foundation of a formal principle and, together with the deducing rules, help in deriving a set of statements called theorems using proof principle.
B) Axioms are supplementary statements added to a formal principle that break down otherwise complex statements into more simple ones.
C) Axioms are redundant statements that can be derived from other statements in a formal framework, providing additional perspective to theorems derived from the framework.
D) The axioms in a framework are used for experimental validation of the theorems derived from the statements in the framework.
E) The axioms in a formal framework are added to prove that the statements derived from the framework are true, irrespective of their validity in the real world.",A
44,furthest,1,0.3701208829879761,198,Pick the best possible answer: What is the role of axioms in a formal principle? based on the given context.,"Question: Pick the best possible answer: What is the role of axioms in a formal principle? based on the given context.
A) Basis statements called axioms form the foundation of a formal principle and, together with the deducing rules, help in deriving a set of statements called theorems using proof principle.
B) Axioms are supplementary statements added to a formal principle that break down otherwise complex statements into more simple ones.
C) Axioms are redundant statements that can be derived from other statements in a formal principle, providing additional perspective to theorems derived from the principle.
D) The axioms in a principle are used for experimental validation of the theorems derived from the statements in the principle.
E) The axioms in a formal principle are added to prove that the statements derived from the principle are true, irrespective of their validity in the real world.",A
45,closest,1,0.1081719845533371,314,Identify the correct statement: What is the Erlangen program? carefully.,"Question: Identify the correct statement: What is the Erlangen program? carefully.
A) The Erlangen program is a procedure of characterizing geometries based on statistics and probability, published by Felix Klein in 1872 as Vergleichende Betrachtungen über neuere geometrische Forschungen.
B) The Erlangen program is a technique of characterizing geometries based on group concept and projective geometry, published by Felix Klein in 1872 as Vergleichende Betrachtungen über neuere geometrische Forschungen.
C) The Erlangen program is a approach of characterizing geometries based on algebra and trigonometry, published by Felix Klein in 1872 as Vergleichende Betrachtungen über neuere geometrische Forschungen.
D) The Erlangen program is a approach of characterizing geometries based on geometry and topology, published by Felix Klein in 1872 as Vergleichende Betrachtungen über neuere geometrische Forschungen.
E) The Erlangen program is a approach of characterizing geometries based on calculus and differential equations, published by Felix Klein in 1872 as Vergleichende Betrachtungen über neuere geometrische Forschungen.",B
45,furthest,1,0.5340556502342224,1841,Identify the correct statement: What is the Erlangen program? based on the given context.,"Question: Identify the correct statement: What is the Erlangen program? based on the given context.
A) The Erlangen program is a technique of characterizing geometries based on statistics and probability, published by Felix Klein in 1872 as Vergleichende Betrachtungen über neuere geometrische Forschungen.
B) The Erlangen program is a procedure of characterizing geometries based on group principle and projective geometry, published by Felix Klein in 1872 as Vergleichende Betrachtungen über neuere geometrische Forschungen.
C) The Erlangen program is a technique of characterizing geometries based on algebra and trigonometry, published by Felix Klein in 1872 as Vergleichende Betrachtungen über neuere geometrische Forschungen.
D) The Erlangen program is a procedure of characterizing geometries based on geometry and topology, published by Felix Klein in 1872 as Vergleichende Betrachtungen über neuere geometrische Forschungen.
E) The Erlangen program is a procedure of characterizing geometries based on calculus and differential equations, published by Felix Klein in 1872 as Vergleichende Betrachtungen über neuere geometrische Forschungen.",B
46,closest,1,0.07111167162656784,1640,Choose the correct answer: What is the relation between the three moment theorem and the bending moments at three successive supports of a continuous beam? based on the given context.,"Question: Choose the correct answer: What is the relation between the three moment theorem and the bending moments at three successive supports of a continuous beam? based on the given context.
A) The three moment theorem expresses the relation between the deflection of two points on a beam relative to the point of intersection between tangent at those two points and the vertical through the first point.
B) The three moment theorem is used to calculate the maximum allowable bending moment of a beam, which is determined by the weight distribution of each segment of the beam.
C) The three moment theorem describes the relationship between bending moments at three successive supports of a continuous beam, subject to a loading on two adjacent spans with or without settlement of the supports.
D) The three moment theorem is used to calculate the weight distribution of each segment of a beam, which is required to apply Mohr's theorem.
E) The three moment theorem is used to derive the change in slope of a deflection curve between two points of a beam, which is equal to the area of the M/EI diagram between those two points.",C
46,furthest,1,0.2672550678253174,1162,What is the relation between the three moment theorem and the bending moments at three successive supports of a continuous beam?,"Question: What is the relation between the three moment theorem and the bending moments at three successive supports of a continuous beam?
A) The three moment theorem expresses the relation between the deflection of two points on a beam relative to the point of intersection between tangent at those two points and the vertical through the first point.
B) The three moment theorem is used to calculate the maximum allowable bending moment of a beam, which is determined by the weight distribution of each segment of the beam.
C) The three moment theorem describes the relationship between bending moments at three successive supports of a continuous beam, subject to a loading on two adjacent spans with or without settlement of the supports.
D) The three moment theorem is used to calculate the weight distribution of each segment of a beam, which is required to apply Mohr's theorem.
E) The three moment theorem is used to derive the change in slope of a deflection curve between two points of a beam, which is equal to the area of the M/EI diagram between those two points.",C
47,closest,1,0.03272784873843193,1990,Select the most accurate option: What is reciprocal length or inverse length?,"Question: Select the most accurate option: What is reciprocal length or inverse length?
A) Reciprocal length or inverse length is a quantity or measurement used in physics and chemistry. It is the reciprocal of time, and common units used for this measurement include the reciprocal second or inverse second (symbol: s−1), the reciprocal minute or inverse minute (symbol: min−1).
B) Reciprocal length or inverse length is a quantity or measurement used in geography and geology. It is the reciprocal of area, and common units used for this measurement include the reciprocal square metre or inverse square metre (symbol: m−2), the reciprocal square kilometre or inverse square kilometre (symbol: km−2).
C) Reciprocal length or inverse length is a quantity or measurement used in biology and medicine. It is the reciprocal of mass, and common units used for this measurement include the reciprocal gram or inverse gram (symbol: g−1), the reciprocal kilogram or inverse kilogram (symbol: kg−1).
D) Reciprocal length or inverse length is a quantity or measurement used in economics and finance. It is the reciprocal of interest rate, and common units used for this measurement include the reciprocal percent or inverse percent (symbol: %−1), the reciprocal basis point or inverse basis point (symbol: bp−1).
E) Reciprocal length or inverse length is a quantity or measurement used in several branches of science and mathematics. It is the reciprocal of length, and common units used for this measurement include the reciprocal metre or inverse metre (symbol: m−1), the reciprocal centimetre or inverse centimetre (symbol: cm−1).",E
47,furthest,1,0.41277918219566345,1515,Determine the correct option: What is reciprocal length or inverse length? based on the given context.,"Question: Determine the correct option: What is reciprocal length or inverse length? based on the given context.
A) Reciprocal length or inverse length is a quantity or measurement used in physics and chemistry. It is the reciprocal of time, and common units used for this measurement include the reciprocal second or inverse second (symbol: s−1), the reciprocal minute or inverse minute (symbol: min−1).
B) Reciprocal length or inverse length is a quantity or measurement used in geography and geology. It is the reciprocal of area, and common units used for this measurement include the reciprocal square metre or inverse square metre (symbol: m−2), the reciprocal square kilometre or inverse square kilometre (symbol: km−2).
C) Reciprocal length or inverse length is a quantity or measurement used in biology and medicine. It is the reciprocal of mass, and common units used for this measurement include the reciprocal gram or inverse gram (symbol: g−1), the reciprocal kilogram or inverse kilogram (symbol: kg−1).
D) Reciprocal length or inverse length is a quantity or measurement used in economics and finance. It is the reciprocal of interest rate, and common units used for this measurement include the reciprocal percent or inverse percent (symbol: %−1), the reciprocal basis point or inverse basis point (symbol: bp−1).
E) Reciprocal length or inverse length is a quantity or measurement used in several branches of science and mathematics. It is the reciprocal of length, and common units used for this measurement include the reciprocal metre or inverse metre (symbol: m−1), the reciprocal centimetre or inverse centimetre (symbol: cm−1).",E
48,closest,1,0.055485837161540985,885,Choose the correct answer: What is Lorentz symmetry or Lorentz invariance in relativistic physics? among the listed options.,"Question: Choose the correct answer: What is Lorentz symmetry or Lorentz invariance in relativistic physics? among the listed options.
A) Lorentz symmetry or Lorentz invariance is a property of the underlying spacetime manifold that describes the feature of nature that says experimental results are independent of the orientation or the boost velocity of the laboratory through space.
B) Lorentz symmetry or Lorentz invariance is a measure of the curvature of spacetime caused by the presence of massive objects, which describes the feature of nature that says experimental results are independent of the orientation or the boost velocity of the laboratory through space.
C) Lorentz symmetry or Lorentz invariance is a physical quantity that transforms under a given representation of the Lorentz group, built out of scalars, four-vectors, four-tensors, and spinors.
D) Lorentz symmetry or Lorentz invariance is a measure of the time dilation and length contraction effects predicted by special relativity, which states that the laws of physics stay the same for all observers that are moving with respect to one another within an inertial frame.
E) Lorentz symmetry or Lorentz invariance is an equivalence of observation or observational symmetry due to special relativity implying that the laws of physics stay the same for all observers that are moving with respect to one another within an inertial frame.",E
48,furthest,1,0.19535306096076965,586,What is Lorentz symmetry or Lorentz invariance in relativistic physics?,"Question: What is Lorentz symmetry or Lorentz invariance in relativistic physics?
A) Lorentz symmetry or Lorentz invariance is a property of the underlying spacetime manifold that describes the feature of nature that says experimental results are independent of the orientation or the boost velocity of the laboratory through space.
B) Lorentz symmetry or Lorentz invariance is a measure of the curvature of spacetime caused by the presence of massive objects, which describes the feature of nature that says experimental results are independent of the orientation or the boost velocity of the laboratory through space.
C) Lorentz symmetry or Lorentz invariance is a physical quantity that transforms under a given representation of the Lorentz group, built out of scalars, four-vectors, four-tensors, and spinors.
D) Lorentz symmetry or Lorentz invariance is a measure of the time dilation and length contraction effects predicted by special relativity, which states that the laws of physics stay the same for all observers that are moving with respect to one another within an inertial frame.
E) Lorentz symmetry or Lorentz invariance is an equivalence of observation or observational symmetry due to special relativity implying that the laws of physics stay the same for all observers that are moving with respect to one another within an inertial frame.",E
49,closest,1,0.025324290618300438,1992,Which of the following is correct? What is a trophic level in an ecological pyramid? from the following choices.,"Question: Which of the following is correct? What is a trophic level in an ecological pyramid? from the following choices.
A) A group of organisms that acquire most of their energy from the level above them in the pyramid.
B) A group of organisms that acquire most of their energy from the abiotic sources in the ecostructure.
C) A group of organisms that acquire most of their energy from the level below them in the pyramid.
D) A group of organisms that acquire most of their energy from the same level in the pyramid.
E) A group of organisms that do not acquire any energy from the ecoframework.",C
49,furthest,1,0.10339004546403885,1048,What is a trophic level in an ecological pyramid?,"Question: What is a trophic level in an ecological pyramid?
A) A group of organisms that acquire most of their energy from the level above them in the pyramid.
B) A group of organisms that acquire most of their energy from the abiotic sources in the ecosystem.
C) A group of organisms that acquire most of their energy from the level below them in the pyramid.
D) A group of organisms that acquire most of their energy from the same level in the pyramid.
E) A group of organisms that do not acquire any energy from the ecosystem.",C
50,closest,1,0.025926189497113228,318,Determine the correct option: How many crystallographic point groups are there in three-dimensional space? from the following choices.,"Question: Determine the correct option: How many crystallographic point groups are there in three-dimensional space? from the following choices.
A) 7
B) 32
C) 14
D) 5
E) 27",B
50,furthest,1,0.447875052690506,1285,Select the most accurate option: How many crystallographic point groups are there in three-dimensional space? carefully.,"Question: Select the most accurate option: How many crystallographic point groups are there in three-dimensional space? carefully.
A) 7
B) 32
C) 14
D) 5
E) 27",B
51,closest,1,0.05084879323840141,140,What is Martin Heidegger's view on the relationship between time and human existence?,"Question: What is Martin Heidegger's view on the relationship between time and human existence?
A) Martin Heidegger believes that humans exist within a time continuum that is infinite and does not have a defined beginning or end. The relationship to the past involves acknowledging it as a historical era, and the relationship to the future involves creating a world that will endure beyond one's own time.
B) Martin Heidegger believes that humans do not exist inside time, but that they are time. The relationship to the past is a present awareness of having been, and the relationship to the future involves anticipating a potential possibility, task, or engagement.
C) Martin Heidegger does not believe in the existence of time or that it has any effect on human consciousness. The relationship to the past and the future is insignificant, and human existence is solely based on the present.
D) Martin Heidegger believes that the relationship between time and human existence is cyclical. The past and present are interconnected and the future is predetermined. Human beings do not have free will.
E) Martin Heidegger believes that time is an illusion, and the past, present, and future are all happening simultaneously. Humans exist outside of this illusion and are guided by a higher power.",B
51,furthest,1,0.1464531421661377,1767,Identify the correct statement: What is Martin Heidegger's view on the relationship between time and human existence?,"Question: Identify the correct statement: What is Martin Heidegger's view on the relationship between time and human existence?
A) Martin Heidegger believes that humans exist within a time continuum that is infinite and does not have a defined beginning or end. The relationship to the past involves acknowledging it as a historical era, and the relationship to the future involves creating a world that will endure beyond one's own time.
B) Martin Heidegger believes that humans do not exist inside time, but that they are time. The relationship to the past is a present awareness of having been, and the relationship to the future involves anticipating a potential possibility, task, or engagement.
C) Martin Heidegger does not believe in the existence of time or that it has any effect on human consciousness. The relationship to the past and the future is insignificant, and human existence is solely based on the present.
D) Martin Heidegger believes that the relationship between time and human existence is cyclical. The past and present are interconnected and the future is predetermined. Human beings do not have free will.
E) Martin Heidegger believes that time is an illusion, and the past, present, and future are all happening simultaneously. Humans exist outside of this illusion and are guided by a higher power.",B
52,closest,1,0.04001498222351074,1078,Pick the best possible answer: What is the Ozma Problem? among the listed options.,"Question: Pick the best possible answer: What is the Ozma Problem? among the listed options.
A) The Ozma Problem is a chapter in a book that discusses the versatility of carbon and chirality in biochemistry.
B) The Ozma Problem is a discussion about time invariance and reversal in particle physics, theoretical physics, and cosmology.
C) The Ozma Problem is a conundrum that examines whether there is any fundamental asymmetry to the universe. It concerns various aspects of atomic and subatomic physics and how they relate to mirror asymmetry and the related concepts of chirality, antimatter, magnetic and electrical polarity, parity, charge and spin.
D) The Ozma Problem is a measure of how symmetry and asymmetry have evolved from the beginning of life on Earth.
E) The Ozma Problem is a comparison between the level of a desired signal and the level of background noise used in science and engineering.",C
52,furthest,1,0.17981648445129395,1463,Identify the correct statement: What is the Ozma Problem? based on the given context.,"Question: Identify the correct statement: What is the Ozma Problem? based on the given context.
A) The Ozma Problem is a chapter in a book that discusses the versatility of carbon and chirality in biochemistry.
B) The Ozma Problem is a discussion about time invariance and reversal in particle physics, theoretical physics, and cosmology.
C) The Ozma Problem is a conundrum that examines whether there is any fundamental asymmetry to the universe. It concerns various aspects of atomic and subatomic physics and how they relate to mirror asymmetry and the related concepts of chirality, antimatter, magnetic and electrical polarity, parity, charge and spin.
D) The Ozma Problem is a measure of how symmetry and asymmetry have evolved from the beginning of life on Earth.
E) The Ozma Problem is a comparison between the level of a desired signal and the level of background noise used in science and engineering.",C
53,closest,1,0.2070172280073166,26,Choose the correct answer: What is Hesse's principle of transfer in geometry? carefully.,"Question: Choose the correct answer: What is Hesse's principle of transfer in geometry? carefully.
A) Hesse's principle of transfer is a concept in biology that explains the transfer of genetic information from one generation to another.
B) Hesse's principle of transfer is a concept in chemistry that explains the transfer of electrons between atoms in a chemical reaction.
C) Hesse's principle of transfer is a concept in physics that explains the transfer of energy from one object to another.
D) Hesse's principle of transfer is a concept in economics that explains the transfer of wealth from one individual to another.
E) Hesse's principle of transfer is a concept in geometry that states that if the points of the projective line P1 are depicted by a rational normal curve in Pn, then the group of the projective transformations of Pn that preserve the curve is isomorphic to the group of the projective transformations of P1.",E
53,furthest,1,0.31109854578971863,1960,Determine the correct option: What is Hesse's principle of transfer in geometry? among the listed options.,"Question: Determine the correct option: What is Hesse's principle of transfer in geometry? among the listed options.
A) Hesse's principle of transfer is a concept in biology that explains the transfer of genetic information from one generation to another.
B) Hesse's principle of transfer is a concept in chemistry that explains the transfer of electrons between atoms in a chemical reaction.
C) Hesse's principle of transfer is a concept in physics that explains the transfer of energy from one object to another.
D) Hesse's principle of transfer is a concept in economics that explains the transfer of wealth from one individual to another.
E) Hesse's principle of transfer is a concept in geometry that states that if the points of the projective line P1 are depicted by a rational normal curve in Pn, then the group of the projective transformations of Pn that preserve the curve is isomorphic to the group of the projective transformations of P1.",E
54,closest,1,0.025380995124578476,403,Which of the following is correct? What is the significance of the change in slope of the pinched hysteresis curves in ReRAM and other forms of two-terminal resistance memory? based on the given context.,"Question: Which of the following is correct? What is the significance of the change in slope of the pinched hysteresis curves in ReRAM and other forms of two-terminal resistance memory? based on the given context.
A) The change in slope of the pinched hysteresis curves demonstrates switching between different resistance states, which is a phenomenon central to ReRAM and other forms of two-terminal resistance memory.
B) The change in slope of the pinched hysteresis curves indicates the presence of a Type-II non-crossing curve, which is a phenomenon central to ReRAM and other forms of two-terminal resistance memory.
C) The change in slope of the pinched hysteresis curves demonstrates the presence of a memristor, which is a phenomenon central to ReRAM and other forms of two-terminal resistance memory.
D) The change in slope of the pinched hysteresis curves demonstrates the presence of a memristive network, which is a phenomenon central to ReRAM and other forms of two-terminal resistance memory.
E) The change in slope of the pinched hysteresis curves indicates the presence of a linear resistor, which is a phenomenon central to ReRAM and other forms of two-terminal resistance memory.",A
54,furthest,1,0.1616116613149643,133,Identify the correct statement: What is the significance of the change in slope of the pinched hysteresis curves in ReRAM and other forms of two-terminal resistance memory? based on the given context.,"Question: Identify the correct statement: What is the significance of the change in slope of the pinched hysteresis curves in ReRAM and other forms of two-terminal resistance memory? based on the given context.
A) The change in slope of the pinched hysteresis curves demonstrates switching between different resistance states, which is a phenomenon central to ReRAM and other forms of two-terminal resistance memory.
B) The change in slope of the pinched hysteresis curves indicates the presence of a Type-II non-crossing curve, which is a phenomenon central to ReRAM and other forms of two-terminal resistance memory.
C) The change in slope of the pinched hysteresis curves demonstrates the presence of a memristor, which is a phenomenon central to ReRAM and other forms of two-terminal resistance memory.
D) The change in slope of the pinched hysteresis curves demonstrates the presence of a memristive network, which is a phenomenon central to ReRAM and other forms of two-terminal resistance memory.
E) The change in slope of the pinched hysteresis curves indicates the presence of a linear resistor, which is a phenomenon central to ReRAM and other forms of two-terminal resistance memory.",A
55,closest,1,0.037457436323165894,287,Determine the correct option: What is the reason for recycling rare metals according to the United Nations? among the listed options.,"Question: Determine the correct option: What is the reason for recycling rare metals according to the United Nations? among the listed options.
A) The demand for rare metals will quickly exceed the consumed tonnage in 2013, but recycling rare metals with a worldwide production higher than 100 000 t/year is a good way to conserve natural resources and energy.
B) The demand for rare metals will lower in 2013, and recycling rare metals with a worldwide production lower than 100 000 t/year is a good way to conserve natural resources and energy.
C) The demand for rare metals will quickly exceed the consumed tonnage in 2013, but recycling rare metals with a worldwide production higher than 100 000 t/year is not a good way to conserve natural resources and energy.
D) The demand for rare metals will quickly exceed the consumed tonnage in 2013, but recycling rare metals with a worldwide production lower than 100 000 t/year is not a good way to conserve natural resources and energy.
E) The demand for rare metals will quickly exceed the consumed tonnage in 2013, and recycling rare metals with a worldwide production lower than 100 000 t/year is urgent and priority should be placed on it in order to conserve natural resources and energy.",E
55,furthest,1,0.20210044085979462,135,Determine the correct option: What is the reason for recycling rare metals according to the United Nations? from the following choices.,"Question: Determine the correct option: What is the reason for recycling rare metals according to the United Nations? from the following choices.
A) The demand for rare metals will quickly exceed the consumed tonnage in 2013, but recycling rare metals with a worldwide production higher than 100 000 t/year is a good way to conserve natural resources and energy.
B) The demand for rare metals will minimize in 2013, and recycling rare metals with a worldwide production lower than 100 000 t/year is a good way to conserve natural resources and energy.
C) The demand for rare metals will quickly exceed the consumed tonnage in 2013, but recycling rare metals with a worldwide production higher than 100 000 t/year is not a good way to conserve natural resources and energy.
D) The demand for rare metals will quickly exceed the consumed tonnage in 2013, but recycling rare metals with a worldwide production lower than 100 000 t/year is not a good way to conserve natural resources and energy.
E) The demand for rare metals will quickly exceed the consumed tonnage in 2013, and recycling rare metals with a worldwide production lower than 100 000 t/year is urgent and priority should be placed on it in order to conserve natural resources and energy.",E
56,closest,1,0.07955867797136307,1307,Identify the correct statement: What is bollard pull primarily used for measuring?,"Question: Identify the correct statement: What is bollard pull primarily used for measuring?
A) The weight of heavy machinery
B) The speed of locomotives
C) The distance traveled by a truck
D) The strength of tugboats
E) The height of a ballast tractor",D
56,furthest,1,0.1770707666873932,1989,Pick the best possible answer: What is bollard pull primarily used for measuring?,"Question: Pick the best possible answer: What is bollard pull primarily used for measuring?
A) The weight of heavy machinery
B) The speed of locomotives
C) The distance traveled by a truck
D) The strength of tugboats
E) The height of a ballast tractor",D
57,closest,1,0.0415203720331192,822,Select the most accurate option: Which of the following statements accurately describes the blocking temperature of an antiferromagnetic layer in a spin valve? carefully.,"Question: Select the most accurate option: Which of the following statements accurately describes the blocking temperature of an antiferromagnetic layer in a spin valve? carefully.
A) The blocking temperature of an antiferromagnetic layer in a spin valve is the temperature at which the magnetization of the ferromagnetic layer becomes aligned with the magnetic field. The blocking temperature is typically higher than the Néel temperature.
B) The blocking temperature of an antiferromagnetic layer in a spin valve is the temperature below which the layer loses its ability to ""pin"" the magnetization direction of an adjacent ferromagnetic layer. The blocking temperature is typically higher than the Néel temperature.
C) The blocking temperature of an antiferromagnetic layer in a spin valve is the temperature at which the ferromagnetic layer becomes completely demagnetized. The blocking temperature is typically higher than the Néel temperature.
D) The blocking temperature of an antiferromagnetic layer in a spin valve is the temperature at or above which the layer ceases to prevent the orientation of an adjacent ferromagnetic layer. The blocking temperature is typically lower than the Néel temperature.
E) The blocking temperature of an antiferromagnetic layer in a spin valve is the temperature at which the ferromagnetic layer loses its ability to ""pin"" the magnetization direction of an adjacent antiferromagnetic layer. The blocking temperature is typically higher than the Néel temperature.",D
57,furthest,1,0.16177330911159515,517,Choose the correct answer: Which of the following statements accurately describes the blocking temperature of an antiferromagnetic layer in a spin valve?,"Question: Choose the correct answer: Which of the following statements accurately describes the blocking temperature of an antiferromagnetic layer in a spin valve?
A) The blocking temperature of an antiferromagnetic layer in a spin valve is the temperature at which the magnetization of the ferromagnetic layer becomes aligned with the magnetic field. The blocking temperature is typically higher than the Néel temperature.
B) The blocking temperature of an antiferromagnetic layer in a spin valve is the temperature below which the layer loses its ability to ""pin"" the magnetization direction of an adjacent ferromagnetic layer. The blocking temperature is typically higher than the Néel temperature.
C) The blocking temperature of an antiferromagnetic layer in a spin valve is the temperature at which the ferromagnetic layer becomes completely demagnetized. The blocking temperature is typically higher than the Néel temperature.
D) The blocking temperature of an antiferromagnetic layer in a spin valve is the temperature at or above which the layer ceases to prevent the orientation of an adjacent ferromagnetic layer. The blocking temperature is typically lower than the Néel temperature.
E) The blocking temperature of an antiferromagnetic layer in a spin valve is the temperature at which the ferromagnetic layer loses its ability to ""pin"" the magnetization direction of an adjacent antiferromagnetic layer. The blocking temperature is typically higher than the Néel temperature.",D
58,closest,1,0.20529073476791382,1896,Which mathematical function is commonly used to characterize linear time-invariant systems?,"Question: Which mathematical function is commonly used to characterize linear time-invariant systems?
A) Trigonometric function
B) Quadratic function
C) Exponential function
D) Logarithmic function
E) Transfer function",E
58,furthest,1,0.5645980834960938,421,Determine the correct option: Which mathematical function is commonly used to characterize linear time-invariant mechanisms? carefully.,"Question: Determine the correct option: Which mathematical function is commonly used to characterize linear time-invariant mechanisms? carefully.
A) Trigonometric function
B) Quadratic function
C) Exponential function
D) Logarithmic function
E) Transfer function",E
59,closest,1,0.07399886101484299,1621,What is linear frame dragging?,"Question: What is linear frame dragging?
A) Linear frame dragging is the effect of the general principle of relativity applied to the mass of a body when other masses are placed nearby. It is a tiny effect that is difficult to confirm experimentally and often omitted from articles on frame-dragging.
B) Linear frame dragging is the effect of the general principle of relativity applied to rotational momentum, which is a large effect that is easily confirmed experimentally and often discussed in articles on frame-dragging.
C) Linear frame dragging is the effect of the general principle of relativity applied to rotational momentum, which is similarly inevitable to the linear effect. It is a tiny effect that is difficult to confirm experimentally and often omitted from articles on frame-dragging.
D) Linear frame dragging is the effect of the general principle of relativity applied to linear momentum, which is similarly inevitable to the rotational effect. It is a tiny effect that is difficult to confirm experimentally and often omitted from articles on frame-dragging.
E) Linear frame dragging is the effect of the general principle of relativity applied to linear momentum, which is a large effect that is easily confirmed experimentally and often discussed in articles on frame-dragging.",D
59,furthest,1,0.2350846230983734,745,Select the most accurate option: What is linear frame dragging? from the following choices.,"Question: Select the most accurate option: What is linear frame dragging? from the following choices.
A) Linear frame dragging is the effect of the general principle of relativity applied to the mass of a body when other masses are placed nearby. It is a tiny effect that is difficult to confirm experimentally and often omitted from articles on frame-dragging.
B) Linear frame dragging is the effect of the general principle of relativity applied to rotational momentum, which is a large effect that is easily confirmed experimentally and often discussed in articles on frame-dragging.
C) Linear frame dragging is the effect of the general principle of relativity applied to rotational momentum, which is similarly inevitable to the linear effect. It is a tiny effect that is difficult to confirm experimentally and often omitted from articles on frame-dragging.
D) Linear frame dragging is the effect of the general principle of relativity applied to linear momentum, which is similarly inevitable to the rotational effect. It is a tiny effect that is difficult to confirm experimentally and often omitted from articles on frame-dragging.
E) Linear frame dragging is the effect of the general principle of relativity applied to linear momentum, which is a large effect that is easily confirmed experimentally and often discussed in articles on frame-dragging.",D
60,closest,1,0.065913125872612,754,Select the most accurate option: What is the relationship between the Wigner function and the density matrix operator? based on the given context.,"Question: Select the most accurate option: What is the relationship between the Wigner function and the density matrix operator? based on the given context.
A) The Wigner function W(x, p) is the Wigner transform of the density matrix operator ρ̂, and the trace of an operator with the density matrix Wigner-transforms to the equivalent phase-space integral overlap of g(x,p) with the Wigner function.
B) The Wigner function W(x, p) is a source function used for the density matrix operator ρ̂ and the product of these two functions creates the phase space wave function g(x, p).
C) The Wigner function W(x, p) is the derivative of the density matrix operator ρ̂ with respect to the phase space coordinate.
D) The Wigner function W(x, p) represents the Hamiltonian H(x,p) of the density matrix operator ρ̂, while the Moyal bracket {{⋅, ⋅}} represents the Poisson bracket in the phase space.
E) The Wigner function W(x, p) is the time derivative of the density matrix operator ρ̂ with respect to the phase space coordinate.",A
60,furthest,1,0.1478709876537323,82,What is the relationship between the Wigner function and the density matrix operator?,"Question: What is the relationship between the Wigner function and the density matrix operator?
A) The Wigner function W(x, p) is the Wigner transform of the density matrix operator ρ̂, and the trace of an operator with the density matrix Wigner-transforms to the equivalent phase-space integral overlap of g(x,p) with the Wigner function.
B) The Wigner function W(x, p) is a source function used for the density matrix operator ρ̂ and the product of these two functions creates the phase space wave function g(x, p).
C) The Wigner function W(x, p) is the derivative of the density matrix operator ρ̂ with respect to the phase space coordinate.
D) The Wigner function W(x, p) represents the Hamiltonian H(x,p) of the density matrix operator ρ̂, while the Moyal bracket {{⋅, ⋅}} represents the Poisson bracket in the phase space.
E) The Wigner function W(x, p) is the time derivative of the density matrix operator ρ̂ with respect to the phase space coordinate.",A
61,closest,1,0.1278933584690094,219,Pick the best possible answer: What is Minkowski space? based on the given context.,"Question: Pick the best possible answer: What is Minkowski space? based on the given context.
A) Minkowski space is a physical space where objects move in a straight line unless acted upon by a force.
B) Minkowski space is a mathematical model that combines inertial space and time manifolds with a non-inertial reference frame of space and time into a four-dimensional model relating a position to the field.
C) Minkowski space is a mathematical model that combines space and time into a two-dimensional model relating a position to the field.
D) Minkowski space is a mathematical model that combines space and time into a three-dimensional model relating a position to the field.
E) Minkowski space is a physical space where objects move in a curved line unless acted upon by a force.",B
61,furthest,1,0.25168272852897644,593,What is Minkowski space?,"Question: What is Minkowski space?
A) Minkowski space is a physical space where objects move in a straight line unless acted upon by a force.
B) Minkowski space is a mathematical model that combines inertial space and time manifolds with a non-inertial reference frame of space and time into a four-dimensional model relating a position to the field.
C) Minkowski space is a mathematical model that combines space and time into a two-dimensional model relating a position to the field.
D) Minkowski space is a mathematical model that combines space and time into a three-dimensional model relating a position to the field.
E) Minkowski space is a physical space where objects move in a curved line unless acted upon by a force.",B
62,closest,1,0.07137481123209,618,Identify the correct statement: What is the Minkowski diagram used for? based on the given context.,"Question: Identify the correct statement: What is the Minkowski diagram used for? based on the given context.
A) The Minkowski diagram is used to define concepts and demonstrate properties of Newtonian mechanics and to provide geometrical interpretation to the generalization of Lorentz transformations to relativistic mechanics.
B) The Minkowski diagram is used to define concepts and demonstrate properties of general relativity and to provide geometrical interpretation to the generalization of special relativity to relativistic mechanics.
C) The Minkowski diagram is used to define concepts and demonstrate properties of Lorentz transformations and to provide geometrical interpretation to the generalization of quantum mechanics to relativistic mechanics.
D) The Minkowski diagram is used to define concepts and demonstrate properties of special relativity and to provide geometrical interpretation to the generalization of general relativity to relativistic mechanics.
E) The Minkowski diagram is used to define concepts and demonstrate properties of Lorentz transformations and to provide geometrical interpretation to the generalization of Newtonian mechanics to relativistic mechanics.",E
62,furthest,1,0.328338086605072,1066,Pick the best possible answer: What is the Minkowski diagram used for? based on the given context.,"Question: Pick the best possible answer: What is the Minkowski diagram used for? based on the given context.
A) The Minkowski diagram is used to define concepts and demonstrate properties of Newtonian mechanics and to provide geometrical interpretation to the generalization of Lorentz transformations to relativistic mechanics.
B) The Minkowski diagram is used to define concepts and demonstrate properties of general relativity and to provide geometrical interpretation to the generalization of special relativity to relativistic mechanics.
C) The Minkowski diagram is used to define concepts and demonstrate properties of Lorentz transformations and to provide geometrical interpretation to the generalization of quantum mechanics to relativistic mechanics.
D) The Minkowski diagram is used to define concepts and demonstrate properties of special relativity and to provide geometrical interpretation to the generalization of general relativity to relativistic mechanics.
E) The Minkowski diagram is used to define concepts and demonstrate properties of Lorentz transformations and to provide geometrical interpretation to the generalization of Newtonian mechanics to relativistic mechanics.",E
63,closest,1,0.03721237927675247,852,Choose the correct answer: Which of the following statements accurately describes the dimension of an object in a CW complex? from the following choices.,"Question: Choose the correct answer: Which of the following statements accurately describes the dimension of an object in a CW complex? from the following choices.
A) The dimension of an object in a CW complex is the largest n for which the n-skeleton is nontrivial, where the empty set is considered to have dimension -1 and the boundary of a discrete set of points is the empty set.
B) The dimension of an object in a CW complex is determined by the number of critical points the object contains. The boundary of a discrete set of points is considered to have dimension 1, while the empty set is given a dimension of 0.
C) The dimension of an object in a CW complex is the smallest n for which the n-skeleton is nontrivial. The empty set is given a dimension of -1, while the boundary of a discrete set of points is assigned a dimension of 0.
D) The dimension of an object in a CW complex is calculated by counting the number of cells of all dimensions in the object. The empty set is given a dimension of 0, while the boundary of a discrete set of points is assigned a dimension of -1.
E) The dimension of an object in a CW complex depends on the number of singularities in the object. The empty set and the boundary of a discrete set of points are both assigned a dimension of 0.",A
63,furthest,1,0.25840795040130615,472,Which of the following is correct? Which of the following statements accurately describes the dimension of an object in a CW complex? from the following choices.,"Question: Which of the following is correct? Which of the following statements accurately describes the dimension of an object in a CW complex? from the following choices.
A) The dimension of an object in a CW complex is the largest n for which the n-skeleton is nontrivial, where the empty set is considered to have dimension -1 and the boundary of a discrete set of points is the empty set.
B) The dimension of an object in a CW complex is determined by the number of critical points the object contains. The boundary of a discrete set of points is considered to have dimension 1, while the empty set is given a dimension of 0.
C) The dimension of an object in a CW complex is the smallest n for which the n-skeleton is nontrivial. The empty set is given a dimension of -1, while the boundary of a discrete set of points is assigned a dimension of 0.
D) The dimension of an object in a CW complex is calculated by counting the number of cells of all dimensions in the object. The empty set is given a dimension of 0, while the boundary of a discrete set of points is assigned a dimension of -1.
E) The dimension of an object in a CW complex depends on the number of singularities in the object. The empty set and the boundary of a discrete set of points are both assigned a dimension of 0.",A
64,closest,1,0.08955562114715576,1570,Which of the following is correct? What is the definition of dimension in mathematics? from the following choices.,"Question: Which of the following is correct? What is the definition of dimension in mathematics? from the following choices.
A) The dimension of an object is the number of independent parameters or coordinates needed to define the position of a point constrained to be on the object, and is an extrinsic property of the object, dependent on the dimension of the space in which it is embedded.
B) The dimension of an object is the number of degrees of freedom of a point that moves on this object, and is an extrinsic property of the object, dependent on the dimension of the space in which it is embedded.
C) The dimension of an object is the number of independent parameters or coordinates needed to define the position of a point constrained to be on the object, and is an intrinsic property of the object, independent of the dimension of the space in which it is embedded.
D) The dimension of an object is the number of directions in which a point can move on the object, and is an extrinsic property of the object, dependent on the dimension of the space in which it is embedded.
E) The dimension of an object is the number of directions in which a point can move on the object, and is an intrinsic property of the object, independent of the dimension of the space in which it is embedded.",C
64,furthest,1,0.23133215308189392,926,Determine the correct option: What is the definition of dimension in mathematics? carefully.,"Question: Determine the correct option: What is the definition of dimension in mathematics? carefully.
A) The dimension of an object is the number of independent parameters or coordinates needed to define the position of a point constrained to be on the object, and is an extrinsic property of the object, dependent on the dimension of the space in which it is embedded.
B) The dimension of an object is the number of degrees of freedom of a point that moves on this object, and is an extrinsic property of the object, dependent on the dimension of the space in which it is embedded.
C) The dimension of an object is the number of independent parameters or coordinates needed to define the position of a point constrained to be on the object, and is an intrinsic property of the object, independent of the dimension of the space in which it is embedded.
D) The dimension of an object is the number of directions in which a point can move on the object, and is an extrinsic property of the object, dependent on the dimension of the space in which it is embedded.
E) The dimension of an object is the number of directions in which a point can move on the object, and is an intrinsic property of the object, independent of the dimension of the space in which it is embedded.",C
65,closest,1,0.02224281057715416,1342,Determine the correct option: What is the definition of Atomristor?,"Question: Determine the correct option: What is the definition of Atomristor?
A) Atomristor is a flexible memristive device comprising a MoOx/MoS2 heterostructure sandwiched between silver electrodes on a plastic foil.
B) Atomristor is a prominent memcapacitive effect observed in switches with memristive behavior.
C) Atomristor is defined as the electrical devices showing memristive behavior in atomically thin nanomaterials or atomic sheets.
D) Atomristor is a printing and solution-processing technology used to fabricate memristive devices.
E) Atomristor is a type of two-dimensional layered transition metal dichalcogenides (TMDs) used in the fabrication of memristive devices.",C
65,furthest,1,0.0787891373038292,244,Pick the best possible answer: What is the definition of Atomristor? from the following choices.,"Question: Pick the best possible answer: What is the definition of Atomristor? from the following choices.
A) Atomristor is a flexible memristive device comprising a MoOx/MoS2 heterostructure sandwiched between silver electrodes on a plastic foil.
B) Atomristor is a prominent memcapacitive effect observed in switches with memristive behavior.
C) Atomristor is defined as the electrical devices showing memristive behavior in atomically thin nanomaterials or atomic sheets.
D) Atomristor is a printing and solution-processing technology used to fabricate memristive devices.
E) Atomristor is a type of two-dimensional layered transition metal dichalcogenides (TMDs) used in the fabrication of memristive devices.",C
66,closest,1,0.04102528840303421,839,Which of the following is correct? What is the order parameter that breaks the electromagnetic gauge symmetry in superconductors? carefully.,"Question: Which of the following is correct? What is the order parameter that breaks the electromagnetic gauge symmetry in superconductors? carefully.
A) None of the above.
B) A thin cylindrical plastic rod.
C) A condensed-matter collective field ψ.
D) The cosmic microwave background.
E) A component of the Higgs field.",C
66,furthest,1,0.11599522829055786,1867,Identify the correct statement: What is the order parameter that breaks the electromagnetic gauge symmetry in superconductors? based on the given context.,"Question: Identify the correct statement: What is the order parameter that breaks the electromagnetic gauge symmetry in superconductors? based on the given context.
A) None of the above.
B) A thin cylindrical plastic rod.
C) A condensed-matter collective field ψ.
D) The cosmic microwave background.
E) A component of the Higgs field.",C
67,closest,1,0.05823963135480881,253,Pick the best possible answer: What is the result of the collapse of a cavitation bubble? among the listed options.,"Question: Pick the best possible answer: What is the result of the collapse of a cavitation bubble? among the listed options.
A) The collapse of a cavitation bubble causes the surrounding liquid to expand, resulting in the formation of a low-pressure vapor bubble.
B) The collapse of a cavitation bubble causes a minimize in pressure and temperature of the vapor within, releasing a small amount of energy in the form of an acoustic shock wave and visible light.
C) The collapse of a cavitation bubble causes a sharp enhance in pressure and temperature of the vapor within, releasing a significant amount of energy in the form of an acoustic shock wave and visible light.
D) The collapse of a cavitation bubble causes the surrounding liquid to implode, resulting in the formation of a vacuum.
E) The collapse of a cavitation bubble has no effect on the surrounding liquid or vapor.",C
67,furthest,1,0.6477023959159851,279,Select the most accurate option: What is the result of the collapse of a cavitation bubble? based on the given context.,"Question: Select the most accurate option: What is the result of the collapse of a cavitation bubble? based on the given context.
A) The collapse of a cavitation bubble causes the surrounding liquid to expand, resulting in the formation of a low-pressure vapor bubble.
B) The collapse of a cavitation bubble causes a minimize in pressure and temperature of the vapor within, releasing a small amount of energy in the form of an acoustic shock wave and visible light.
C) The collapse of a cavitation bubble causes a sharp enhance in pressure and temperature of the vapor within, releasing a significant amount of energy in the form of an acoustic shock wave and visible light.
D) The collapse of a cavitation bubble causes the surrounding liquid to implode, resulting in the formation of a vacuum.
E) The collapse of a cavitation bubble has no effect on the surrounding liquid or vapor.",C
68,closest,1,0.03216860443353653,87,Which of the following is correct? What is the Kutta condition? from the following choices.,"Question: Which of the following is correct? What is the Kutta condition? from the following choices.
A) The Kutta condition is a physical requirement that the fluid moving along the lower and upper surfaces of an airfoil meet smoothly, with no fluid moving around the trailing edge of the airfoil.
B) The Kutta condition is a physical requirement that the fluid moving along the lower and upper surfaces of an airfoil meet smoothly, with no fluid moving around the leading edge of the airfoil.
C) The Kutta condition is a mathematical requirement that the loop used in applying the Kutta-Joukowski theorem must be chosen outside the boundary layer of the airfoil.
D) The Kutta condition is a mathematical requirement that the flow can be assumed inviscid in the entire region outside the airfoil provided the Reynolds number is large and the angle of attack is small.
E) The Kutta condition is a physical requirement that the circulation calculated using the loop corresponding to the surface of the airfoil must be zero for a viscous fluid.",A
68,furthest,1,0.2678789496421814,698,Determine the correct option: What is the Kutta condition? based on the given context.,"Question: Determine the correct option: What is the Kutta condition? based on the given context.
A) The Kutta condition is a physical requirement that the fluid moving along the lower and upper surfaces of an airfoil meet smoothly, with no fluid moving around the trailing edge of the airfoil.
B) The Kutta condition is a physical requirement that the fluid moving along the lower and upper surfaces of an airfoil meet smoothly, with no fluid moving around the leading edge of the airfoil.
C) The Kutta condition is a mathematical requirement that the loop used in applying the Kutta-Joukowski theorem must be chosen outside the boundary layer of the airfoil.
D) The Kutta condition is a mathematical requirement that the flow can be assumed inviscid in the entire region outside the airfoil provided the Reynolds number is large and the angle of attack is small.
E) The Kutta condition is a physical requirement that the circulation calculated using the loop corresponding to the surface of the airfoil must be zero for a viscous fluid.",A
69,closest,1,0.13571548461914062,986,Choose the correct answer: What is classical mechanics? carefully.,"Question: Choose the correct answer: What is classical mechanics? carefully.
A) Classical mechanics is the branch of physics that describes the motion of macroscopic objects using concepts such as mass, acceleration, and force. It is based on a three-dimensional Euclidean space with fixed axes, and utilises many equations and mathematical concepts to relate physical quantities to one another.
B) Classical mechanics is the branch of physics that describes the motion of microscopic objects using concepts such as energy, momentum, and wave-particle duality. It is based on a four-dimensional space-time continuum and utilises many equations and mathematical concepts to relate physical quantities to one another.
C) Classical mechanics is the branch of physics that studies the behaviour of subatomic particles such as electrons and protons. It is based on the principles of quantum mechanics and utilises many equations and mathematical concepts to describe the properties of these particles.
D) Classical mechanics is the branch of physics that studies the behaviour of light and electromagnetic radiation. It is based on the principles of wave-particle duality and utilises many equations and mathematical concepts to describe the properties of light.
E) Classical mechanics is the branch of physics that studies the behaviour of fluids and gases. It is based on the principles of thermodynamics and utilises many equations and mathematical concepts to describe the properties of these substances.",A
69,furthest,1,0.25853511691093445,1898,What is classical mechanics?,"Question: What is classical mechanics?
A) Classical mechanics is the branch of physics that describes the motion of macroscopic objects using concepts such as mass, acceleration, and force. It is based on a three-dimensional Euclidean space with fixed axes, and utilises many equations and mathematical concepts to relate physical quantities to one another.
B) Classical mechanics is the branch of physics that describes the motion of microscopic objects using concepts such as energy, momentum, and wave-particle duality. It is based on a four-dimensional space-time continuum and utilises many equations and mathematical concepts to relate physical quantities to one another.
C) Classical mechanics is the branch of physics that studies the behaviour of subatomic particles such as electrons and protons. It is based on the principles of quantum mechanics and utilises many equations and mathematical concepts to describe the properties of these particles.
D) Classical mechanics is the branch of physics that studies the behaviour of light and electromagnetic radiation. It is based on the principles of wave-particle duality and utilises many equations and mathematical concepts to describe the properties of light.
E) Classical mechanics is the branch of physics that studies the behaviour of fluids and gases. It is based on the principles of thermodynamics and utilises many equations and mathematical concepts to describe the properties of these substances.",A
70,closest,1,0.01580929011106491,1351,Identify the correct statement: What is the application of Memristor? among the listed options.,"Question: Identify the correct statement: What is the application of Memristor? among the listed options.
A) Memristor has applications in the production of electric cars, airplanes, and ships.
B) Memristor has applications in the production of food, clothing, and shelter.
C) Memristor has applications in the production of solar panels, wind turbines, and hydroelectric power plants.
D) Memristor has applications in programmable logic signal processing, Super-resolution imaging, physical neural networks, control structures, reconfigurable computing, in-memory computing, brain–computer interfaces and RFID.
E) Memristor has applications in optical fiber communication, satellite communication, and wireless communication.",D
70,furthest,1,0.1206435039639473,1293,Select the most accurate option: What is the main advantage of ferroelectric memristors? among the listed options.,"Question: Select the most accurate option: What is the main advantage of ferroelectric memristors? among the listed options.
A) Ferroelectric memristors have a higher resistance than other types of memristors, making them more suitable for high-power applications.
B) Ferroelectric domain dynamics can be tuned, allowing for the engineering of memristor response, and resistance variations are due to purely electronic phenomena, making the device more reliable.
C) Ferroelectric memristors have a more complex structure than other types of memristors, allowing for a wider range of applications.
D) Ferroelectric memristors have a unique piezoelectric field that allows for the creation of non-uniform elastic strain and a more stable structure.
E) Ferroelectric memristors are based on vertically aligned carbon nanotubes, which offer a more efficient and faster switching mechanism than other materials.",B
71,closest,1,0.016783522441983223,799,Determine the correct option: What is the main advantage of ferroelectric memristors? based on the given context.,"Question: Determine the correct option: What is the main advantage of ferroelectric memristors? based on the given context.
A) Ferroelectric memristors have a higher resistance than other types of memristors, making them more suitable for high-power applications.
B) Ferroelectric domain dynamics can be tuned, allowing for the engineering of memristor response, and resistance variations are due to purely electronic phenomena, making the device more reliable.
C) Ferroelectric memristors have a more complex structure than other types of memristors, allowing for a wider range of applications.
D) Ferroelectric memristors have a unique piezoelectric field that allows for the creation of non-uniform elastic strain and a more stable structure.
E) Ferroelectric memristors are based on vertically aligned carbon nanotubes, which offer a more efficient and faster switching mechanism than other materials.",B
71,furthest,1,0.04661352187395096,905,What is the application of Memristor?,"Question: What is the application of Memristor?
A) Memristor has applications in the production of electric cars, airplanes, and ships.
B) Memristor has applications in the production of food, clothing, and shelter.
C) Memristor has applications in the production of solar panels, wind turbines, and hydroelectric power plants.
D) Memristor has applications in programmable logic signal processing, Super-resolution imaging, physical neural networks, control systems, reconfigurable computing, in-memory computing, brain–computer interfaces and RFID.
E) Memristor has applications in optical fiber communication, satellite communication, and wireless communication.",D
72,closest,1,0.13908113539218903,1456,Choose the correct answer: What is the origin of the permanent moment in paramagnetism? based on the given context.,"Question: Choose the correct answer: What is the origin of the permanent moment in paramagnetism? based on the given context.
A) The permanent moment is generally due to the spin of unpaired electrons in atomic or molecular electron orbitals.
B) The permanent moment is due to the alignment of dipoles perpendicular to the applied field.
C) The permanent moment is due to the torque provided on the magnetic moments by an applied field, which tries to align the dipoles perpendicular to the applied field.
D) The permanent moment is due to the quantum-mechanical properties of spin and angular momentum.
E) The permanent moment is due to the interaction of dipoles with one another and are randomly oriented in the absence of an external field due to thermal agitation.",A
72,furthest,1,0.527846097946167,304,Determine the correct option: What is the effect generated by a spinning superconductor? based on the given context.,"Question: Determine the correct option: What is the effect generated by a spinning superconductor? based on the given context.
A) An electric field, precisely aligned with the spin axis.
B) A magnetic field, randomly aligned with the spin axis.
C) A magnetic field, precisely aligned with the spin axis.
D) A gravitational field, randomly aligned with the spin axis.
E) A gravitational field, precisely aligned with the spin axis.",C
73,closest,1,0.05788155645132065,311,Determine the correct option: What is the effect generated by a spinning superconductor?,"Question: Determine the correct option: What is the effect generated by a spinning superconductor?
A) An electric field, precisely aligned with the spin axis.
B) A magnetic field, randomly aligned with the spin axis.
C) A magnetic field, precisely aligned with the spin axis.
D) A gravitational field, randomly aligned with the spin axis.
E) A gravitational field, precisely aligned with the spin axis.",C
73,furthest,1,0.29288744926452637,137,What is the effect generated by a spinning superconductor?,"Question: What is the effect generated by a spinning superconductor?
A) An electric field, precisely aligned with the spin axis.
B) A magnetic field, randomly aligned with the spin axis.
C) A magnetic field, precisely aligned with the spin axis.
D) A gravitational field, randomly aligned with the spin axis.
E) A gravitational field, precisely aligned with the spin axis.",C
74,closest,1,0.06116267293691635,568,Determine the correct option: What is the role of IL-10 in the formation of Tr1 cells and tolerogenic DCs? from the following choices.,"Question: Determine the correct option: What is the role of IL-10 in the formation of Tr1 cells and tolerogenic DCs? from the following choices.
A) IL-10 inhibits the formation of Tr1 cells and tolerogenic DCs, which are dependent on TGF-β and Tregs. Tr1 cells produce low levels of IL-10 and TGF-β, while tolerogenic DCs produce TGF-β that is significant for Tr1 formation.
B) IL-10 induces the formation of Tr1 cells and tolerogenic DCs, which are dependent on IL-10 and TGF-β, but differ from Tregs by lacking expression of Foxp3. Tr1 cells produce high levels of IL-10 and TGF-β, while tolerogenic DCs produce IL-10 that is significant for Tr1 formation.
C) IL-10 has no role in the formation of Tr1 cells and tolerogenic DCs. TGF-β and Tregs are the only factors involved in the formation of Tr1 cells and tolerogenic DCs.
D) IL-10 induces the formation of Tr1 cells and tolerogenic DCs, which are dependent on IL-10 and Tregs, but differ from Tregs by expressing Foxp3. Tr1 cells produce low levels of IL-10 and TGF-β, while tolerogenic DCs produce IL-10 that is essential for Tr1 formation.
E) IL-10 induces the formation of Tregs, which are dependent on TGF-β and Foxp3. Tr1 cells and tolerogenic DCs are not involved in this process.",B
74,furthest,1,0.15227095782756805,1722,Determine the correct option: What is the role of IL-10 in the formation of Tr1 cells and tolerogenic DCs? from the following choices.,"Question: Determine the correct option: What is the role of IL-10 in the formation of Tr1 cells and tolerogenic DCs? from the following choices.
A) IL-10 inhibits the formation of Tr1 cells and tolerogenic DCs, which are dependent on TGF-β and Tregs. Tr1 cells produce low levels of IL-10 and TGF-β, while tolerogenic DCs produce TGF-β that is significant for Tr1 formation.
B) IL-10 induces the formation of Tr1 cells and tolerogenic DCs, which are dependent on IL-10 and TGF-β, but differ from Tregs by lacking expression of Foxp3. Tr1 cells produce high levels of IL-10 and TGF-β, while tolerogenic DCs produce IL-10 that is essential for Tr1 formation.
C) IL-10 has no role in the formation of Tr1 cells and tolerogenic DCs. TGF-β and Tregs are the only factors involved in the formation of Tr1 cells and tolerogenic DCs.
D) IL-10 induces the formation of Tr1 cells and tolerogenic DCs, which are dependent on IL-10 and Tregs, but differ from Tregs by expressing Foxp3. Tr1 cells produce low levels of IL-10 and TGF-β, while tolerogenic DCs produce IL-10 that is significant for Tr1 formation.
E) IL-10 induces the formation of Tregs, which are dependent on TGF-β and Foxp3. Tr1 cells and tolerogenic DCs are not involved in this process.",B
75,closest,1,0.07749862223863602,582,Determine the correct option: Which of the following statements accurately describes the origin and significance of the triskeles symbol?,"Question: Determine the correct option: Which of the following statements accurately describes the origin and significance of the triskeles symbol?
A) The triskeles symbol was reconstructed as a feminine divine triad by the rulers of Syracuse, and later adopted as an emblem. Its usage may also be related to the Greek name of Sicily, Trinacria, which means ""having three headlands."" The head of Medusa at the center of the Sicilian triskeles represents the three headlands.
B) The triskeles symbol is a representation of three interlinked spirals, which was adopted as an emblem by the rulers of Syracuse. Its usage in modern flags of Sicily has its origins in the ancient Greek name for the island, Trinacria, which means ""Sicily with three corners."" The head of Medusa at the center is a representation of the island's rich cultural heritage.
C) The triskeles symbol is a representation of a triple goddess, reconstructed by the rulers of Syracuse, who adopted it as an emblem. Its significance lies in the fact that it represents the Greek name for Sicily, Trinacria, which contains the element ""tria,"" meaning three. The head of Medusa at the center of the Sicilian triskeles represents the three headlands.
D) The triskeles symbol represents three interlocked spiral arms, which became an emblem for the rulers of Syracuse. Its usage in modern flags of Sicily is due to the island's rich cultural heritage, which dates back to ancient times. The head of Medusa at the center represents the lasting influence of Greek mythology on Sicilian culture.
E) The triskeles symbol is a representation of the Greek goddess Hecate, reconstructed by the rulers of Syracuse. Its adoption as an emblem was due to its cultural significance, as it represented the ancient Greek name for Sicily, Trinacria. The head of Medusa at the center of the Sicilian triskeles represents the island's central location in the Mediterranean.",A
75,furthest,1,0.1333369016647339,1081,Pick the best possible answer: Which of the following statements accurately describes the origin and significance of the triskeles symbol? carefully.,"Question: Pick the best possible answer: Which of the following statements accurately describes the origin and significance of the triskeles symbol? carefully.
A) The triskeles symbol was reconstructed as a feminine divine triad by the rulers of Syracuse, and later adopted as an emblem. Its usage may also be related to the Greek name of Sicily, Trinacria, which means ""having three headlands."" The head of Medusa at the center of the Sicilian triskeles represents the three headlands.
B) The triskeles symbol is a representation of three interlinked spirals, which was adopted as an emblem by the rulers of Syracuse. Its usage in modern flags of Sicily has its origins in the ancient Greek name for the island, Trinacria, which means ""Sicily with three corners."" The head of Medusa at the center is a representation of the island's rich cultural heritage.
C) The triskeles symbol is a representation of a triple goddess, reconstructed by the rulers of Syracuse, who adopted it as an emblem. Its significance lies in the fact that it represents the Greek name for Sicily, Trinacria, which contains the element ""tria,"" meaning three. The head of Medusa at the center of the Sicilian triskeles represents the three headlands.
D) The triskeles symbol represents three interlocked spiral arms, which became an emblem for the rulers of Syracuse. Its usage in modern flags of Sicily is due to the island's rich cultural heritage, which dates back to ancient times. The head of Medusa at the center represents the lasting influence of Greek mythology on Sicilian culture.
E) The triskeles symbol is a representation of the Greek goddess Hecate, reconstructed by the rulers of Syracuse. Its adoption as an emblem was due to its cultural significance, as it represented the ancient Greek name for Sicily, Trinacria. The head of Medusa at the center of the Sicilian triskeles represents the island's central location in the Mediterranean.",A
76,closest,1,0.060563378036022186,348,Choose the correct answer: What is the spin quantum number? from the following choices.,"Question: Choose the correct answer: What is the spin quantum number? from the following choices.
A) The spin quantum number is a measure of the distance between an elementary particle and the nucleus of an atom.
B) The spin quantum number is a measure of the size of an elementary particle.
C) The spin quantum number is a measure of the charge of an elementary particle.
D) The spin quantum number is a measure of the speed of an elementary particle's rotation around some axis.
E) The spin quantum number is a dimensionless quantity obtained by dividing the spin angular momentum by the reduced Planck constant ħ, which has the same dimensions as angular momentum.",E
76,furthest,1,0.42142394185066223,161,Determine the correct option: What is the spin quantum number? based on the given context.,"Question: Determine the correct option: What is the spin quantum number? based on the given context.
A) The spin quantum number is a measure of the distance between an elementary particle and the nucleus of an atom.
B) The spin quantum number is a measure of the size of an elementary particle.
C) The spin quantum number is a measure of the charge of an elementary particle.
D) The spin quantum number is a measure of the speed of an elementary particle's rotation around some axis.
E) The spin quantum number is a dimensionless quantity obtained by dividing the spin angular momentum by the reduced Planck constant ħ, which has the same dimensions as angular momentum.",E
77,closest,1,0.043352678418159485,1432,Which of the following is correct? What is the Maxwell's Demon thought experiment?,"Question: Which of the following is correct? What is the Maxwell's Demon thought experiment?
A) A thought experiment in which a demon guards a microscopic trapdoor in a wall separating two parts of a container filled with different gases at equal temperatures. The demon selectively allows molecules to pass from one side to the other, causing an raise in temperature in one part and a reduce in temperature in the other, contrary to the second law of thermodynamics.
B) A thought experiment in which a demon guards a macroscopic trapdoor in a wall separating two parts of a container filled with different gases at different temperatures. The demon selectively allows molecules to pass from one side to the other, causing a reduce in temperature in one part and an raise in temperature in the other, in accordance with the second law of thermodynamics.
C) A thought experiment in which a demon guards a microscopic trapdoor in a wall separating two parts of a container filled with the same gas at equal temperatures. The demon selectively allows faster-than-average molecules to pass from one side to the other, causing a reduce in temperature in one part and an enhance in temperature in the other, contrary to the second law of thermodynamics.
D) A thought experiment in which a demon guards a macroscopic trapdoor in a wall separating two parts of a container filled with the same gas at equal temperatures. The demon selectively allows faster-than-average molecules to pass from one side to the other, causing an enhance in temperature in one part and a minimize in temperature in the other, contrary to the second law of thermodynamics.
E) A thought experiment in which a demon guards a microscopic trapdoor in a wall separating two parts of a container filled with the same gas at different temperatures. The demon selectively allows slower-than-average molecules to pass from one side to the other, causing a minimize in temperature in one part and an enhance in temperature in the other, in accordance with the second law of thermodynamics.",C
77,furthest,1,0.12621024250984192,739,Determine the correct option: What is the Maxwell's Demon thought experiment? among the listed options.,"Question: Determine the correct option: What is the Maxwell's Demon thought experiment? among the listed options.
A) A thought experiment in which a demon guards a microscopic trapdoor in a wall separating two parts of a container filled with different gases at equal temperatures. The demon selectively allows molecules to pass from one side to the other, causing an enhance in temperature in one part and a minimize in temperature in the other, contrary to the second law of thermodynamics.
B) A thought experiment in which a demon guards a macroscopic trapdoor in a wall separating two parts of a container filled with different gases at different temperatures. The demon selectively allows molecules to pass from one side to the other, causing a reduce in temperature in one part and an raise in temperature in the other, in accordance with the second law of thermodynamics.
C) A thought experiment in which a demon guards a microscopic trapdoor in a wall separating two parts of a container filled with the same gas at equal temperatures. The demon selectively allows faster-than-average molecules to pass from one side to the other, causing a lower in temperature in one part and an boost in temperature in the other, contrary to the second law of thermodynamics.
D) A thought experiment in which a demon guards a macroscopic trapdoor in a wall separating two parts of a container filled with the same gas at equal temperatures. The demon selectively allows faster-than-average molecules to pass from one side to the other, causing an boost in temperature in one part and a lower in temperature in the other, contrary to the second law of thermodynamics.
E) A thought experiment in which a demon guards a microscopic trapdoor in a wall separating two parts of a container filled with the same gas at different temperatures. The demon selectively allows slower-than-average molecules to pass from one side to the other, causing a lower in temperature in one part and an boost in temperature in the other, in accordance with the second law of thermodynamics.",C
78,closest,1,0.029479261487722397,1410,What is the most popular explanation for the shower-curtain effect?,"Question: What is the most popular explanation for the shower-curtain effect?
A) The pressure differential between the inside and outside of the shower
B) The decrease in velocity resulting in an increase in pressure
C) The movement of air across the outside surface of the shower curtain
D) The use of cold water
E) Bernoulli's principle",E
78,furthest,1,0.1947089284658432,1034,Identify the correct statement: What is the most popular explanation for the shower-curtain effect? based on the given context.,"Question: Identify the correct statement: What is the most popular explanation for the shower-curtain effect? based on the given context.
A) The pressure differential between the inside and outside of the shower
B) The lower in velocity resulting in an boost in pressure
C) The movement of air across the outside surface of the shower curtain
D) The use of cold water
E) Bernoulli's principle",E
79,closest,1,0.06282361596822739,238,Choose the correct answer: What is water hammer?,"Question: Choose the correct answer: What is water hammer?
A) Water hammer is a type of water turbine used in hydroelectric generating stations to generate electricity.
B) Water hammer is a type of air trap or standpipe used to dampen the sound of moving water in plumbing frameworks.
C) Water hammer is a type of plumbing tool used to break pipelines and absorb the potentially damaging forces caused by moving water.
D) Water hammer is a type of water pump used to enhance the pressure of water in pipelines.
E) Water hammer is a loud banging noise resembling a hammering sound that occurs when moving water is suddenly stopped, causing a rise in pressure and resulting shock wave.",E
79,furthest,1,0.3704356849193573,1912,Identify the correct statement: What is the most popular explanation for the shower-curtain effect? based on the given context.,"Question: Identify the correct statement: What is the most popular explanation for the shower-curtain effect? based on the given context.
A) The pressure differential between the inside and outside of the shower
B) The minimize in velocity resulting in an boost in pressure
C) The movement of air across the outside surface of the shower curtain
D) The use of cold water
E) Bernoulli's principle",E
80,closest,1,0.10748180747032166,1706,Pick the best possible answer: What is the variation between active and passive transport in cells?,"Question: Pick the best possible answer: What is the variation between active and passive transport in cells?
A) Active transport and passive transport both require energy input from the cell to function.
B) Passive transport is powered by the arithmetic sum of osmosis and an electric field, while active transport requires energy input from the cell.
C) Passive transport requires energy input from the cell, while active transport is powered by the arithmetic sum of osmosis and an electric field.
D) Active transport and passive transport are both powered by the arithmetic sum of osmosis and an electric field.
E) Active transport is powered by the arithmetic sum of osmosis and an electric field, while passive transport requires energy input from the cell.",B
80,furthest,1,0.47431233525276184,1310,Pick the best possible answer: What is the variation between active and passive transport in cells? based on the given context.,"Question: Pick the best possible answer: What is the variation between active and passive transport in cells? based on the given context.
A) Active transport and passive transport both require energy input from the cell to function.
B) Passive transport is powered by the arithmetic sum of osmosis and an electric field, while active transport requires energy input from the cell.
C) Passive transport requires energy input from the cell, while active transport is powered by the arithmetic sum of osmosis and an electric field.
D) Active transport and passive transport are both powered by the arithmetic sum of osmosis and an electric field.
E) Active transport is powered by the arithmetic sum of osmosis and an electric field, while passive transport requires energy input from the cell.",B
81,closest,1,0.055504683405160904,266,Determine the correct option: What is the distinction between natural convection and forced convection?,"Question: Determine the correct option: What is the distinction between natural convection and forced convection?
A) Natural convection and forced convection are the same phenomenon, where a fluid is forced to flow over the surface by an internal source such as fans, stirring, and pumps, causing the fluid to be less dense and displaced.
B) Natural convection and forced convection are two different phenomena that do not relate to each other.
C) Natural convection occurs when a fluid is in contact with a hot surface, causing the fluid to be less dense and displaced, while forced convection is when a fluid is forced to flow over the surface by an internal source such as fans, stirring, and pumps.
D) Natural convection is when a fluid is forced to flow over the surface by an internal source such as fans, stirring, and pumps, while forced convection occurs when a fluid is in contact with a hot surface, causing the fluid to be less dense and displaced.
E) Natural convection and forced convection are the same phenomenon, where a fluid is in contact with a hot surface, causing the fluid to be less dense and displaced, and then forced to flow over the surface by an internal source such as fans, stirring, and pumps.",C
81,furthest,1,0.13111943006515503,1386,Determine the correct option: What is the distinction between natural convection and forced convection? carefully.,"Question: Determine the correct option: What is the distinction between natural convection and forced convection? carefully.
A) Natural convection and forced convection are the same phenomenon, where a fluid is forced to flow over the surface by an internal source such as fans, stirring, and pumps, causing the fluid to be less dense and displaced.
B) Natural convection and forced convection are two different phenomena that do not relate to each other.
C) Natural convection occurs when a fluid is in contact with a hot surface, causing the fluid to be less dense and displaced, while forced convection is when a fluid is forced to flow over the surface by an internal source such as fans, stirring, and pumps.
D) Natural convection is when a fluid is forced to flow over the surface by an internal source such as fans, stirring, and pumps, while forced convection occurs when a fluid is in contact with a hot surface, causing the fluid to be less dense and displaced.
E) Natural convection and forced convection are the same phenomenon, where a fluid is in contact with a hot surface, causing the fluid to be less dense and displaced, and then forced to flow over the surface by an internal source such as fans, stirring, and pumps.",C
82,closest,1,0.05925482138991356,635,Pick the best possible answer: What is the interpretation of supersymmetry in stochastic supersymmetric principle?,"Question: Pick the best possible answer: What is the interpretation of supersymmetry in stochastic supersymmetric principle?
A) Supersymmetry is a type of hydromagnetic dynamo that arises when the magnetic field becomes strong enough to affect the fluid motions.
B) Supersymmetry is a measure of the amplitude of the dynamo in the induction equation of the kinematic approximation.
C) Supersymmetry is a measure of the strength of the magnetic field in the induction equation of the kinematic dynamo.
D) Supersymmetry is a property of deterministic chaos that arises from the continuity of the flow in the model's phase space.
E) Supersymmetry is an intrinsic property of all stochastic differential equations, and it preserves continuity in the model's phase space via continuous time flows.",E
82,furthest,1,0.3002432882785797,14,What is the interpretation of supersymmetry in stochastic supersymmetric theory?,"Question: What is the interpretation of supersymmetry in stochastic supersymmetric theory?
A) Supersymmetry is a type of hydromagnetic dynamo that arises when the magnetic field becomes strong enough to affect the fluid motions.
B) Supersymmetry is a measure of the amplitude of the dynamo in the induction equation of the kinematic approximation.
C) Supersymmetry is a measure of the strength of the magnetic field in the induction equation of the kinematic dynamo.
D) Supersymmetry is a property of deterministic chaos that arises from the continuity of the flow in the model's phase space.
E) Supersymmetry is an intrinsic property of all stochastic differential equations, and it preserves continuity in the model's phase space via continuous time flows.",E
83,closest,1,0.0371825210750103,600,Pick the best possible answer: What is the relationship between the Hamiltonians and eigenstates in supersymmetric quantum mechanics? among the listed options.,"Question: Pick the best possible answer: What is the relationship between the Hamiltonians and eigenstates in supersymmetric quantum mechanics? among the listed options.
A) For every eigenstate of one Hamiltonian, its partner Hamiltonian has a corresponding eigenstate with the same energy.
B) For every eigenstate of one Hamiltonian, its partner Hamiltonian has a corresponding eigenstate with a higher energy.
C) For every eigenstate of one Hamiltonian, its partner Hamiltonian has a corresponding eigenstate with a different spin.
D) For every eigenstate of one Hamiltonian, its partner Hamiltonian has a corresponding eigenstate with a different energy.
E) For every eigenstate of one Hamiltonian, its partner Hamiltonian has a corresponding eigenstate with a lower energy.",A
83,furthest,1,0.18048697710037231,730,Determine the correct option: What is the relationship between the Hamiltonians and eigenstates in supersymmetric quantum mechanics? based on the given context.,"Question: Determine the correct option: What is the relationship between the Hamiltonians and eigenstates in supersymmetric quantum mechanics? based on the given context.
A) For every eigenstate of one Hamiltonian, its partner Hamiltonian has a corresponding eigenstate with the same energy.
B) For every eigenstate of one Hamiltonian, its partner Hamiltonian has a corresponding eigenstate with a higher energy.
C) For every eigenstate of one Hamiltonian, its partner Hamiltonian has a corresponding eigenstate with a different spin.
D) For every eigenstate of one Hamiltonian, its partner Hamiltonian has a corresponding eigenstate with a different energy.
E) For every eigenstate of one Hamiltonian, its partner Hamiltonian has a corresponding eigenstate with a lower energy.",A
84,closest,1,0.07076157629489899,1942,Select the most accurate option: What is the relationship between the complete electromagnetic Hamiltonian of a molecule and the parity operation?,"Question: Select the most accurate option: What is the relationship between the complete electromagnetic Hamiltonian of a molecule and the parity operation?
A) The complete electromagnetic Hamiltonian of any molecule is invariant to the parity operation, and its eigenvalues cannot be given the parity symmetry label + or -.
B) The complete electromagnetic Hamiltonian of any molecule is dependent on the parity operation, and its eigenvalues can be given the parity symmetry label even or odd, respectively.
C) The complete electromagnetic Hamiltonian of any molecule is dependent on the parity operation, and its eigenvalues can be given the parity symmetry label + or - depending on whether they are even or odd, respectively.
D) The complete electromagnetic Hamiltonian of any molecule is invariant to the parity operation, and its eigenvalues can be given the parity symmetry label + or - depending on whether they are even or odd, respectively.
E) The complete electromagnetic Hamiltonian of any molecule does not involve the parity operation, and its eigenvalues cannot be given the parity symmetry label + or -.",D
84,furthest,1,0.26353558897972107,234,Determine the correct option: What is the relationship between the complete electromagnetic Hamiltonian of a molecule and the parity operation? based on the given context.,"Question: Determine the correct option: What is the relationship between the complete electromagnetic Hamiltonian of a molecule and the parity operation? based on the given context.
A) The complete electromagnetic Hamiltonian of any molecule is invariant to the parity operation, and its eigenvalues cannot be given the parity symmetry label + or -.
B) The complete electromagnetic Hamiltonian of any molecule is dependent on the parity operation, and its eigenvalues can be given the parity symmetry label even or odd, respectively.
C) The complete electromagnetic Hamiltonian of any molecule is dependent on the parity operation, and its eigenvalues can be given the parity symmetry label + or - depending on whether they are even or odd, respectively.
D) The complete electromagnetic Hamiltonian of any molecule is invariant to the parity operation, and its eigenvalues can be given the parity symmetry label + or - depending on whether they are even or odd, respectively.
E) The complete electromagnetic Hamiltonian of any molecule does not involve the parity operation, and its eigenvalues cannot be given the parity symmetry label + or -.",D
85,closest,1,0.04283180832862854,1580,Identify the correct statement: What is the main focus of the Environmental Science Center at Qatar University? based on the given context.,"Question: Identify the correct statement: What is the main focus of the Environmental Science Center at Qatar University? based on the given context.
A) Environmental studies, with a main focus on marine science, atmospheric and political sciences.
B) Environmental studies, with a main focus on marine science, atmospheric and physical sciences.
C) Environmental studies, with a main focus on marine science, atmospheric and social sciences.
D) Environmental studies, with a main focus on marine science, atmospheric and biological sciences.
E) Environmental studies, with a main focus on space science, atmospheric and biological sciences.",D
85,furthest,1,0.19414235651493073,1484,Pick the best possible answer: What is the main focus of the Environmental Science Center at Qatar University? among the listed options.,"Question: Pick the best possible answer: What is the main focus of the Environmental Science Center at Qatar University? among the listed options.
A) Environmental studies, with a main focus on marine science, atmospheric and political sciences.
B) Environmental studies, with a main focus on marine science, atmospheric and physical sciences.
C) Environmental studies, with a main focus on marine science, atmospheric and social sciences.
D) Environmental studies, with a main focus on marine science, atmospheric and biological sciences.
E) Environmental studies, with a main focus on space science, atmospheric and biological sciences.",D
86,closest,1,0.034455556422472,1090,Which of the following is correct? What is the isophotal diameter used for in measuring a galaxy's size? carefully.,"Question: Which of the following is correct? What is the isophotal diameter used for in measuring a galaxy's size? carefully.
A) The isophotal diameter is a way of measuring a galaxy's distance from Earth.
B) The isophotal diameter is a measure of a galaxy's age.
C) The isophotal diameter is a measure of a galaxy's mass.
D) The isophotal diameter is a measure of a galaxy's temperature.
E) The isophotal diameter is a conventional way of measuring a galaxy's size based on its apparent surface brightness.",E
86,furthest,1,0.14276936650276184,1073,Determine the correct option: What is the isophotal diameter used for in measuring a galaxy's size? among the listed options.,"Question: Determine the correct option: What is the isophotal diameter used for in measuring a galaxy's size? among the listed options.
A) The isophotal diameter is a way of measuring a galaxy's distance from Earth.
B) The isophotal diameter is a measure of a galaxy's age.
C) The isophotal diameter is a measure of a galaxy's mass.
D) The isophotal diameter is a measure of a galaxy's temperature.
E) The isophotal diameter is a conventional way of measuring a galaxy's size based on its apparent surface brightness.",E
87,closest,1,0.0372951440513134,332,"Identify the correct statement: What is the purpose of expressing a map's scale as a ratio, such as 1:10,000? carefully.","Question: Identify the correct statement: What is the purpose of expressing a map's scale as a ratio, such as 1:10,000? carefully.
A) To indicate the use of south-up orientation, as used in Ancient Africa and some maps in Brazil today.
B) To indicate the orientation of the map, such as whether the 0° meridian is at the top or bottom of the page.
C) To indicate the projection used to create the map, such as Buckminster Fuller's Dymaxion projection.
D) To indicate the arrangement of the map, such as the world map of Gott, Vanderbei, and Goldberg arranged as a pair of disks back-to-back.
E) To indicate the relationship between the size of the map and the size of the area being represented.",E
87,furthest,1,0.7177822589874268,1594,"Determine the correct option: What is the purpose of expressing a map's scale as a ratio, such as 1:10,000? based on the given context.","Question: Determine the correct option: What is the purpose of expressing a map's scale as a ratio, such as 1:10,000? based on the given context.
A) To indicate the use of south-up orientation, as used in Ancient Africa and some maps in Brazil today.
B) To indicate the orientation of the map, such as whether the 0° meridian is at the top or bottom of the page.
C) To indicate the projection used to create the map, such as Buckminster Fuller's Dymaxion projection.
D) To indicate the arrangement of the map, such as the world map of Gott, Vanderbei, and Goldberg arranged as a pair of disks back-to-back.
E) To indicate the relationship between the size of the map and the size of the area being represented.",E
88,closest,1,0.060861170291900635,1022,Which of the following is correct? What is the contrast between probability mass function (PMF) and probability density function (PDF)? from the following choices.,"Question: Which of the following is correct? What is the contrast between probability mass function (PMF) and probability density function (PDF)? from the following choices.
A) PMF is used only for continuous random variables, while PDF is used for both continuous and discrete random variables.
B) PMF is used for both continuous and discrete random variables, while PDF is used only for continuous random variables.
C) PMF is used for continuous random variables, while PDF is used for discrete random variables.
D) PMF is used for discrete random variables, while PDF is used for continuous random variables.
E) PMF and PDF are interchangeable terms used for the same concept in probability framework.",D
88,furthest,1,0.4178057014942169,960,Determine the correct option: What is the distinction between probability mass function (PMF) and probability density function (PDF)? based on the given context.,"Question: Determine the correct option: What is the distinction between probability mass function (PMF) and probability density function (PDF)? based on the given context.
A) PMF is used only for continuous random variables, while PDF is used for both continuous and discrete random variables.
B) PMF is used for both continuous and discrete random variables, while PDF is used only for continuous random variables.
C) PMF is used for continuous random variables, while PDF is used for discrete random variables.
D) PMF is used for discrete random variables, while PDF is used for continuous random variables.
E) PMF and PDF are interchangeable terms used for the same concept in probability concept.",D
89,closest,1,0.032273877412080765,1787,Pick the best possible answer: What is the identity operation in symmetry groups? from the following choices.,"Question: Pick the best possible answer: What is the identity operation in symmetry groups? from the following choices.
A) The identity operation leaves the molecule unchanged and forms the identity element in the symmetry group.
B) The identity operation rotates the molecule about its center of mass.
C) The identity operation inverts the molecule about its center of inversion.
D) The identity operation reflects the molecule across a plane of symmetry.
E) The identity operation translates the molecule in 3-D space.",A
89,furthest,1,0.14314895868301392,676,Pick the best possible answer: What is the identity operation in symmetry groups? among the listed options.,"Question: Pick the best possible answer: What is the identity operation in symmetry groups? among the listed options.
A) The identity operation leaves the molecule unchanged and forms the identity element in the symmetry group.
B) The identity operation rotates the molecule about its center of mass.
C) The identity operation inverts the molecule about its center of inversion.
D) The identity operation reflects the molecule across a plane of symmetry.
E) The identity operation translates the molecule in 3-D space.",A
90,closest,1,0.016372889280319214,606,Choose the correct answer: What are permutation-inversion groups?,"Question: Choose the correct answer: What are permutation-inversion groups?
A) Permutation-inversion groups are groups of symmetry operations that are energetically feasible inversions of identical nuclei or rotation with respect to the center of mass.
B) Permutation-inversion groups are groups of symmetry operations that are energetically feasible inversions of identical nuclei or rotation with respect to the center of mass, or a combination of both.
C) Permutation-inversion groups are groups of symmetry operations that are energetically feasible rotations of the entire molecule about the C3 axis.
D) Permutation-inversion groups are groups of symmetry operations that are energetically feasible inversions of the entire molecule about the C3 axis.
E) Permutation-inversion groups are groups of symmetry operations that are energetically feasible permutations of identical nuclei or inversion with respect to the center of mass, or a combination of both.",E
90,furthest,1,0.09640394896268845,1465,Choose the correct answer: What are permutation-inversion groups? based on the given context.,"Question: Choose the correct answer: What are permutation-inversion groups? based on the given context.
A) Permutation-inversion groups are groups of symmetry operations that are energetically feasible inversions of identical nuclei or rotation with respect to the center of mass.
B) Permutation-inversion groups are groups of symmetry operations that are energetically feasible inversions of identical nuclei or rotation with respect to the center of mass, or a combination of both.
C) Permutation-inversion groups are groups of symmetry operations that are energetically feasible rotations of the entire molecule about the C3 axis.
D) Permutation-inversion groups are groups of symmetry operations that are energetically feasible inversions of the entire molecule about the C3 axis.
E) Permutation-inversion groups are groups of symmetry operations that are energetically feasible permutations of identical nuclei or inversion with respect to the center of mass, or a combination of both.",E
91,closest,1,0.04493853449821472,789,Choose the correct answer: Who shared the other half of the Nobel Prize with Yoichiro Nambu for discovering the origin of the explicit breaking of CP symmetry in the weak interactions?,"Question: Choose the correct answer: Who shared the other half of the Nobel Prize with Yoichiro Nambu for discovering the origin of the explicit breaking of CP symmetry in the weak interactions?
A) Richard Feynman and Julian Schwinger
B) Makoto Kobayashi and Toshihide Maskawa
C) Steven Weinberg and Sheldon Glashow
D) Peter Higgs and Francois Englert
E) Murray Gell-Mann and George Zweig",B
91,furthest,1,0.13804945349693298,1273,Identify the correct statement: Who shared the other half of the Nobel Prize with Yoichiro Nambu for discovering the origin of the explicit breaking of CP symmetry in the weak interactions? from the following choices.,"Question: Identify the correct statement: Who shared the other half of the Nobel Prize with Yoichiro Nambu for discovering the origin of the explicit breaking of CP symmetry in the weak interactions? from the following choices.
A) Richard Feynman and Julian Schwinger
B) Makoto Kobayashi and Toshihide Maskawa
C) Steven Weinberg and Sheldon Glashow
D) Peter Higgs and Francois Englert
E) Murray Gell-Mann and George Zweig",B
92,closest,1,0.04146324098110199,255,Select the most accurate option: What is the information loss paradox in black holes? based on the given context.,"Question: Select the most accurate option: What is the information loss paradox in black holes? based on the given context.
A) Black holes have an infinite number of internal parameters, so all the information about the matter that went into forming the black hole is preserved. Regardless of the type of matter which goes into a black hole, it appears that all the information is conserved. As black holes evaporate by emitting Hawking radiation, the information is lost forever.
B) Black holes have an infinite number of internal parameters, so all the information about the matter that went into forming the black hole is preserved. Regardless of the type of matter which goes into a black hole, it appears that all the information is conserved. As black holes evaporate by emitting Hawking radiation, the information is lost temporarily but reappears once the black hole has fully evaporated.
C) Black holes have only a few internal parameters, so most of the information about the matter that went into forming the black hole is lost. Regardless of the type of matter which goes into a black hole, it appears that only information concerning the total mass, charge, and angular momentum are conserved. As black holes evaporate by emitting Hawking radiation, the information is lost forever.
D) Black holes have only a few internal parameters, so most of the information about the matter that went into forming the black hole is lost. Regardless of the type of matter which goes into a black hole, it appears that only information concerning the total mass, charge, and angular momentum are conserved. As black holes evaporate by emitting Hawking radiation, the information is preserved and reappears once the black hole has fully evaporated.
E) Black holes have only a few internal parameters, so most of the information about the matter that went into forming the black hole is preserved. Regardless of the type of matter which goes into a black hole, it appears that all the information is conserved. As black holes evaporate by emitting Hawking radiation, the information is preserved and reappears once the black hole has fully evaporated.",C
92,furthest,1,0.20494116842746735,1392,Identify the correct statement: What is the information loss paradox in black holes? based on the given context.,"Question: Identify the correct statement: What is the information loss paradox in black holes? based on the given context.
A) Black holes have an infinite number of internal parameters, so all the information about the matter that went into forming the black hole is preserved. Regardless of the type of matter which goes into a black hole, it appears that all the information is conserved. As black holes evaporate by emitting Hawking radiation, the information is lost forever.
B) Black holes have an infinite number of internal parameters, so all the information about the matter that went into forming the black hole is preserved. Regardless of the type of matter which goes into a black hole, it appears that all the information is conserved. As black holes evaporate by emitting Hawking radiation, the information is lost temporarily but reappears once the black hole has fully evaporated.
C) Black holes have only a few internal parameters, so most of the information about the matter that went into forming the black hole is lost. Regardless of the type of matter which goes into a black hole, it appears that only information concerning the total mass, charge, and angular momentum are conserved. As black holes evaporate by emitting Hawking radiation, the information is lost forever.
D) Black holes have only a few internal parameters, so most of the information about the matter that went into forming the black hole is lost. Regardless of the type of matter which goes into a black hole, it appears that only information concerning the total mass, charge, and angular momentum are conserved. As black holes evaporate by emitting Hawking radiation, the information is preserved and reappears once the black hole has fully evaporated.
E) Black holes have only a few internal parameters, so most of the information about the matter that went into forming the black hole is preserved. Regardless of the type of matter which goes into a black hole, it appears that all the information is conserved. As black holes evaporate by emitting Hawking radiation, the information is preserved and reappears once the black hole has fully evaporated.",C
93,closest,1,0.031987983733415604,1406,Pick the best possible answer: What is the Liouville density? among the listed options.,"Question: Pick the best possible answer: What is the Liouville density? among the listed options.
A) The Liouville density is a probability distribution that specifies the probability of finding a particle at a certain position in phase space for a collection of particles.
B) The Liouville density is a quasiprobability distribution that plays an analogous role to the probability distribution for a quantum particle.
C) The Liouville density is a bounded probability distribution that is a convenient indicator of quantum-mechanical interference.
D) The Liouville density is a probability distribution that takes on negative values for states which have no classical model.
E) The Liouville density is a probability distribution that satisfies all the properties of a conventional probability distribution for a quantum particle.",A
93,furthest,1,0.3349904716014862,1731,What is the Liouville density?,"Question: What is the Liouville density?
A) The Liouville density is a probability distribution that specifies the probability of finding a particle at a certain position in phase space for a collection of particles.
B) The Liouville density is a quasiprobability distribution that plays an analogous role to the probability distribution for a quantum particle.
C) The Liouville density is a bounded probability distribution that is a convenient indicator of quantum-mechanical interference.
D) The Liouville density is a probability distribution that takes on negative values for states which have no classical model.
E) The Liouville density is a probability distribution that satisfies all the properties of a conventional probability distribution for a quantum particle.",A
94,closest,1,0.0928143635392189,1524,Determine the correct option: What is the Carnot engine? carefully.,"Question: Determine the correct option: What is the Carnot engine? carefully.
A) The Carnot engine is a theoretical engine that operates in the limiting mode of extreme speed known as dynamic. It represents the theoretical maximum efficiency of a heat engine operating between any two given thermal or heat reservoirs at different temperatures.
B) The Carnot engine is an ideal heat engine that operates in the limiting mode of extreme slowness known as quasi-static. It represents the theoretical maximum efficiency of a heat engine operating between any two given thermal or heat reservoirs at different temperatures.
C) The Carnot engine is a real heat engine that operates in the limiting mode of extreme speed known as dynamic. It represents the theoretical minimum efficiency of a heat engine operating between any two given thermal or heat reservoirs at different temperatures.
D) The Carnot engine is a theoretical engine that operates in the limiting mode of extreme slowness known as quasi-static. It represents the theoretical minimum efficiency of a heat engine operating between any two given thermal or heat reservoirs at different temperatures.
E) The Carnot engine is a real engine that operates in the limiting mode of extreme slowness known as quasi-static. It represents the theoretical maximum efficiency of a heat engine operating between any two given thermal or heat reservoirs at different temperatures.",B
94,furthest,1,0.3908749222755432,512,Pick the best possible answer: What is the Carnot engine? from the following choices.,"Question: Pick the best possible answer: What is the Carnot engine? from the following choices.
A) The Carnot engine is a theoretical engine that operates in the limiting mode of extreme speed known as dynamic. It represents the theoretical maximum efficiency of a heat engine operating between any two given thermal or heat reservoirs at different temperatures.
B) The Carnot engine is an ideal heat engine that operates in the limiting mode of extreme slowness known as quasi-static. It represents the theoretical maximum efficiency of a heat engine operating between any two given thermal or heat reservoirs at different temperatures.
C) The Carnot engine is a real heat engine that operates in the limiting mode of extreme speed known as dynamic. It represents the theoretical minimum efficiency of a heat engine operating between any two given thermal or heat reservoirs at different temperatures.
D) The Carnot engine is a theoretical engine that operates in the limiting mode of extreme slowness known as quasi-static. It represents the theoretical minimum efficiency of a heat engine operating between any two given thermal or heat reservoirs at different temperatures.
E) The Carnot engine is a real engine that operates in the limiting mode of extreme slowness known as quasi-static. It represents the theoretical maximum efficiency of a heat engine operating between any two given thermal or heat reservoirs at different temperatures.",B
95,closest,1,0.04701009392738342,936,Select the most accurate option: What is the second law of thermodynamics?,"Question: Select the most accurate option: What is the second law of thermodynamics?
A) The second law of thermodynamics is a physical law based on universal experience concerning heat and energy interconversions. It states that heat always moves from colder objects to hotter objects unless energy in some form is supplied to reverse the direction of heat flow.
B) The second law of thermodynamics is a physical law based on universal experience concerning heat and energy interconversions. It establishes that the internal energy of a thermodynamic mechanism is a physical property that can be used to predict whether processes are forbidden despite obeying the requirement of conservation of energy as expressed in the first law of thermodynamics.
C) The second law of thermodynamics is a physical law based on universal experience concerning heat and energy interconversions. It establishes that all heat energy can be converted into work in a cyclic process.
D) The second law of thermodynamics is a physical law based on universal experience concerning heat and energy interconversions. It states that the entropy of isolated mechanisms left to spontaneous evolution can lower, as they always arrive at a state of thermodynamic equilibrium where the entropy is highest at the given internal energy.
E) The second law of thermodynamics is a physical law based on universal experience concerning heat and energy interconversions. It establishes the concept of entropy as a physical property of a thermodynamic structure and can be used to predict whether processes are forbidden despite obeying the requirement of conservation of energy as expressed in the first law of thermodynamics.",E
95,furthest,1,0.12259946763515472,1993,Identify the correct statement: What is the second law of thermodynamics? based on the given context.,"Question: Identify the correct statement: What is the second law of thermodynamics? based on the given context.
A) The second law of thermodynamics is a physical law based on universal experience concerning heat and energy interconversions. It states that heat always moves from colder objects to hotter objects unless energy in some form is supplied to reverse the direction of heat flow.
B) The second law of thermodynamics is a physical law based on universal experience concerning heat and energy interconversions. It establishes that the internal energy of a thermodynamic framework is a physical property that can be used to predict whether processes are forbidden despite obeying the requirement of conservation of energy as expressed in the first law of thermodynamics.
C) The second law of thermodynamics is a physical law based on universal experience concerning heat and energy interconversions. It establishes that all heat energy can be converted into work in a cyclic process.
D) The second law of thermodynamics is a physical law based on universal experience concerning heat and energy interconversions. It states that the entropy of isolated frameworks left to spontaneous evolution can minimize, as they always arrive at a state of thermodynamic equilibrium where the entropy is highest at the given internal energy.
E) The second law of thermodynamics is a physical law based on universal experience concerning heat and energy interconversions. It establishes the concept of entropy as a physical property of a thermodynamic mechanism and can be used to predict whether processes are forbidden despite obeying the requirement of conservation of energy as expressed in the first law of thermodynamics.",E
96,closest,1,0.10063881427049637,1738,"Pick the best possible answer: What is the throttling process, and why is it significant? carefully.","Question: Pick the best possible answer: What is the throttling process, and why is it significant? carefully.
A) The throttling process is a steady flow of a fluid through a flow resistance, such as a valve or porous plug, and is responsible for the pressure boost in domestic refrigerators. This process is key because it is at the heart of the refrigeration cycle.
B) The throttling process is a steady adiabatic flow of a fluid through a flow resistance, such as a valve or porous plug, and is responsible for the temperature drop in domestic refrigerators. This process is essential because it is at the heart of the refrigeration cycle.
C) The throttling process is a steady adiabatic flow of a fluid through a flow resistance, such as a valve or porous plug, and is responsible for the pressure drop in domestic refrigerators. This process is essential because it is at the heart of the refrigeration cycle.
D) The throttling process is a steady flow of a fluid through a flow resistance, such as a valve or porous plug, and is responsible for the temperature raise in domestic refrigerators. This process is essential because it is at the heart of the refrigeration cycle.
E) The throttling process is a steady adiabatic flow of a fluid through a flow resistance, such as a valve or porous plug, and is responsible for the temperature drop in domestic refrigerators. This process is not key because it is not used in the refrigeration cycle.",B
96,furthest,1,0.2611069679260254,175,"What is the throttling process, and why is it important?","Question: What is the throttling process, and why is it important?
A) The throttling process is a steady flow of a fluid through a flow resistance, such as a valve or porous plug, and is responsible for the pressure increase in domestic refrigerators. This process is important because it is at the heart of the refrigeration cycle.
B) The throttling process is a steady adiabatic flow of a fluid through a flow resistance, such as a valve or porous plug, and is responsible for the temperature drop in domestic refrigerators. This process is important because it is at the heart of the refrigeration cycle.
C) The throttling process is a steady adiabatic flow of a fluid through a flow resistance, such as a valve or porous plug, and is responsible for the pressure drop in domestic refrigerators. This process is important because it is at the heart of the refrigeration cycle.
D) The throttling process is a steady flow of a fluid through a flow resistance, such as a valve or porous plug, and is responsible for the temperature increase in domestic refrigerators. This process is important because it is at the heart of the refrigeration cycle.
E) The throttling process is a steady adiabatic flow of a fluid through a flow resistance, such as a valve or porous plug, and is responsible for the temperature drop in domestic refrigerators. This process is not important because it is not used in the refrigeration cycle.",B
97,closest,1,0.09999310970306396,1941,Which of the following is correct? What is the role of methane in Fischer-Tropsch processes? from the following choices.,"Question: Which of the following is correct? What is the role of methane in Fischer-Tropsch processes? from the following choices.
A) Methane is partially converted to carbon monoxide for utilization in Fischer-Tropsch processes.
B) Methane is used as a catalyst in Fischer-Tropsch processes.
C) Methane is not used in Fischer-Tropsch processes.
D) Methane is fully converted to carbon monoxide for utilization in Fischer-Tropsch processes.
E) Methane is a byproduct of Fischer-Tropsch processes.",A
97,furthest,1,0.21499232947826385,949,Select the most accurate option: What is the role of methane in Fischer-Tropsch processes? from the following choices.,"Question: Select the most accurate option: What is the role of methane in Fischer-Tropsch processes? from the following choices.
A) Methane is partially converted to carbon monoxide for utilization in Fischer-Tropsch processes.
B) Methane is used as a catalyst in Fischer-Tropsch processes.
C) Methane is not used in Fischer-Tropsch processes.
D) Methane is fully converted to carbon monoxide for utilization in Fischer-Tropsch processes.
E) Methane is a byproduct of Fischer-Tropsch processes.",A
98,closest,1,0.024507641792297363,577,"Choose the correct answer: What is the butterfly effect, as defined by Lorenz in his book ""The Essence of Chaos""? among the listed options.","Question: Choose the correct answer: What is the butterfly effect, as defined by Lorenz in his book ""The Essence of Chaos""? among the listed options.
A) The butterfly effect is the phenomenon that a small change in the initial conditions of a dynamical mechanism can cause subsequent states to differ greatly from the states that would have followed without the alteration, as defined by Einstein in his book ""The concept of Relativity.""
B) The butterfly effect is the phenomenon that a large change in the initial conditions of a dynamical mechanism has no effect on subsequent states, as defined by Lorenz in his book ""The Essence of Chaos.""
C) The butterfly effect is the phenomenon that a small change in the initial conditions of a dynamical structure can cause significant contrasts in subsequent states, as defined by Lorenz in his book ""The Essence of Chaos.""
D) The butterfly effect is the phenomenon that a small change in the initial conditions of a dynamical mechanism has no effect on subsequent states, as defined by Lorenz in his book ""The Essence of Chaos.""
E) The butterfly effect is the phenomenon that a large change in the initial conditions of a dynamical mechanism can cause significant distinctions in subsequent states, as defined by Lorenz in his book ""The Essence of Chaos.""",C
98,furthest,1,0.12282789498567581,664,"Identify the correct statement: What is the butterfly effect, as defined by Lorenz in his book ""The Essence of Chaos""? based on the given context.","Question: Identify the correct statement: What is the butterfly effect, as defined by Lorenz in his book ""The Essence of Chaos""? based on the given context.
A) The butterfly effect is the phenomenon that a small change in the initial conditions of a dynamical structure can cause subsequent states to differ greatly from the states that would have followed without the alteration, as defined by Einstein in his book ""The concept of Relativity.""
B) The butterfly effect is the phenomenon that a large change in the initial conditions of a dynamical structure has no effect on subsequent states, as defined by Lorenz in his book ""The Essence of Chaos.""
C) The butterfly effect is the phenomenon that a small change in the initial conditions of a dynamical mechanism can cause significant contrasts in subsequent states, as defined by Lorenz in his book ""The Essence of Chaos.""
D) The butterfly effect is the phenomenon that a small change in the initial conditions of a dynamical framework has no effect on subsequent states, as defined by Lorenz in his book ""The Essence of Chaos.""
E) The butterfly effect is the phenomenon that a large change in the initial conditions of a dynamical mechanism can cause significant contrasts in subsequent states, as defined by Lorenz in his book ""The Essence of Chaos.""",C
99,closest,1,0.038820814341306686,1940,Pick the best possible answer: What is the butterfly effect? among the listed options.,"Question: Pick the best possible answer: What is the butterfly effect? among the listed options.
A) The butterfly effect is a physical cause that occurs when a massive sphere is caused to roll down a slope starting from a point of unstable equilibrium, and its velocity is assumed to be caused by the force of gravity accelerating it.
B) The butterfly effect is a distributed causality that opens up the opportunity to understand the relationship between necessary and sufficient conditions in classical (Newtonian) physics.
C) The butterfly effect is a proportionality between the cause and the effect of a physical phenomenon in classical (Newtonian) physics.
D) The butterfly effect is a small push that is needed to set a massive sphere into motion when it is caused to roll down a slope starting from a point of unstable equilibrium.
E) The butterfly effect is a phenomenon that highlights the contrast between the application of the notion of causality in physics and a more general use of causality as represented by Mackie's INUS conditions.",E
99,furthest,1,0.08376344293355942,990,Which of the following is correct? What is the butterfly effect?,"Question: Which of the following is correct? What is the butterfly effect?
A) The butterfly effect is a physical cause that occurs when a massive sphere is caused to roll down a slope starting from a point of unstable equilibrium, and its velocity is assumed to be caused by the force of gravity accelerating it.
B) The butterfly effect is a distributed causality that opens up the opportunity to understand the relationship between necessary and sufficient conditions in classical (Newtonian) physics.
C) The butterfly effect is a proportionality between the cause and the effect of a physical phenomenon in classical (Newtonian) physics.
D) The butterfly effect is a small push that is needed to set a massive sphere into motion when it is caused to roll down a slope starting from a point of unstable equilibrium.
E) The butterfly effect is a phenomenon that highlights the variation between the application of the notion of causality in physics and a more general use of causality as represented by Mackie's INUS conditions.",E
100,closest,1,0.1514005959033966,1473,Select the most accurate option: What is a pycnometer? carefully.,"Question: Select the most accurate option: What is a pycnometer? carefully.
A) A device used to measure the density of a gas.
B) A device used to measure the mass of a liquid.
C) A device used to measure the volume of a gas.
D) A device used to determine the density of a liquid.
E) A device used to determine the volume of a liquid.",D
100,furthest,1,0.5385884642601013,633,Pick the best possible answer: What is the American Petroleum Institute (API) gravity? based on the given context.,"Question: Pick the best possible answer: What is the American Petroleum Institute (API) gravity? based on the given context.
A) API gravity is a measure of how heavy or light a petroleum liquid is compared to water. It is an inverse measure of a petroleum liquid's density relative to that of water and is graduated in degrees on a hydrometer instrument.
B) API gravity is a measure of the viscosity of a petroleum liquid. It is an inverse measure of a petroleum liquid's density relative to that of water and is graduated in degrees on a hydrometer instrument.
C) API gravity is a measure of the temperature at which a petroleum liquid freezes. It is an inverse measure of a petroleum liquid's density relative to that of water and is graduated in degrees on a hydrometer instrument.
D) API gravity is a measure of how much petroleum liquid is present in a given volume of water. It is an inverse measure of a petroleum liquid's density relative to that of water and is graduated in degrees on a hydrometer instrument.
E) API gravity is a measure of the acidity or alkalinity of a petroleum liquid. It is an inverse measure of a petroleum liquid's density relative to that of water and is graduated in degrees on a hydrometer instrument.",A
101,closest,1,0.032227009534835815,1014,Choose the correct answer: What is the American Petroleum Institute (API) gravity? from the following choices.,"Question: Choose the correct answer: What is the American Petroleum Institute (API) gravity? from the following choices.
A) API gravity is a measure of how heavy or light a petroleum liquid is compared to water. It is an inverse measure of a petroleum liquid's density relative to that of water and is graduated in degrees on a hydrometer instrument.
B) API gravity is a measure of the viscosity of a petroleum liquid. It is an inverse measure of a petroleum liquid's density relative to that of water and is graduated in degrees on a hydrometer instrument.
C) API gravity is a measure of the temperature at which a petroleum liquid freezes. It is an inverse measure of a petroleum liquid's density relative to that of water and is graduated in degrees on a hydrometer instrument.
D) API gravity is a measure of how much petroleum liquid is present in a given volume of water. It is an inverse measure of a petroleum liquid's density relative to that of water and is graduated in degrees on a hydrometer instrument.
E) API gravity is a measure of the acidity or alkalinity of a petroleum liquid. It is an inverse measure of a petroleum liquid's density relative to that of water and is graduated in degrees on a hydrometer instrument.",A
101,furthest,1,0.13541322946548462,1755,Select the most accurate option: What is the American Petroleum Institute (API) gravity? among the listed options.,"Question: Select the most accurate option: What is the American Petroleum Institute (API) gravity? among the listed options.
A) API gravity is a measure of how heavy or light a petroleum liquid is compared to water. It is an inverse measure of a petroleum liquid's density relative to that of water and is graduated in degrees on a hydrometer instrument.
B) API gravity is a measure of the viscosity of a petroleum liquid. It is an inverse measure of a petroleum liquid's density relative to that of water and is graduated in degrees on a hydrometer instrument.
C) API gravity is a measure of the temperature at which a petroleum liquid freezes. It is an inverse measure of a petroleum liquid's density relative to that of water and is graduated in degrees on a hydrometer instrument.
D) API gravity is a measure of how much petroleum liquid is present in a given volume of water. It is an inverse measure of a petroleum liquid's density relative to that of water and is graduated in degrees on a hydrometer instrument.
E) API gravity is a measure of the acidity or alkalinity of a petroleum liquid. It is an inverse measure of a petroleum liquid's density relative to that of water and is graduated in degrees on a hydrometer instrument.",A
102,closest,1,0.041147150099277496,506,Select the most accurate option: What is the SI base unit of time and how is it defined? among the listed options.,"Question: Select the most accurate option: What is the SI base unit of time and how is it defined? among the listed options.
A) The SI base unit of time is the week, which is defined by measuring the electronic transition frequency of caesium atoms.
B) The SI base unit of time is the second, which is defined by measuring the electronic transition frequency of caesium atoms.
C) The SI base unit of time is the hour, which is defined by measuring the electronic transition frequency of caesium atoms.
D) The SI base unit of time is the day, which is defined by measuring the electronic transition frequency of caesium atoms.
E) The SI base unit of time is the minute, which is defined by measuring the electronic transition frequency of caesium atoms.",B
102,furthest,1,0.2741532027721405,1352,Determine the correct option: What is the SI base unit of time and how is it defined? based on the given context.,"Question: Determine the correct option: What is the SI base unit of time and how is it defined? based on the given context.
A) The SI base unit of time is the week, which is defined by measuring the electronic transition frequency of caesium atoms.
B) The SI base unit of time is the second, which is defined by measuring the electronic transition frequency of caesium atoms.
C) The SI base unit of time is the hour, which is defined by measuring the electronic transition frequency of caesium atoms.
D) The SI base unit of time is the day, which is defined by measuring the electronic transition frequency of caesium atoms.
E) The SI base unit of time is the minute, which is defined by measuring the electronic transition frequency of caesium atoms.",B
103,closest,1,0.04313887283205986,1113,Pick the best possible answer: What is the decay energy for the free neutron decay process? among the listed options.,"Question: Pick the best possible answer: What is the decay energy for the free neutron decay process? among the listed options.
A) 0.013343 MeV
B) 0.013 MeV
C) 1,000 MeV
D) 0.782 MeV
E) 0.782343 MeV",E
103,furthest,1,0.5257914662361145,1771,Determine the correct option: What is the decay energy for the free neutron decay process? carefully.,"Question: Determine the correct option: What is the decay energy for the free neutron decay process? carefully.
A) 0.013343 MeV
B) 0.013 MeV
C) 1,000 MeV
D) 0.782 MeV
E) 0.782343 MeV",E
104,closest,1,0.04005923494696617,308,Identify the correct statement: Who was Giordano Bruno? based on the given context.,"Question: Identify the correct statement: Who was Giordano Bruno? based on the given context.
A) A German philosopher who supported the Keplerian framework that planets move in elliptical orbits around the Sun and believed that fixed stars are similar to the Sun but have different designs and are not subject to the dominion of One.
B) An English philosopher who supported the Ptolemaic framework that Earth is the center of the universe and believed that fixed stars are not similar to the Sun and do not have planets orbiting them.
C) A French philosopher who supported the Aristotelian principle that Earth is at the center of the universe and believed that fixed stars are similar to the Sun but do not have planets orbiting them.
D) An Italian philosopher who supported the Copernican principle that Earth and other planets orbit the Sun and believed that fixed stars are similar to the Sun and have planets orbiting them.
E) A Spanish philosopher who supported the Galilean framework that Earth and other planets orbit the Sun and believed that fixed stars are not similar to the Sun and do not have planets orbiting them.",D
104,furthest,1,0.5660412907600403,373,Pick the best possible answer: Who was Giordano Bruno? from the following choices.,"Question: Pick the best possible answer: Who was Giordano Bruno? from the following choices.
A) A German philosopher who supported the Keplerian principle that planets move in elliptical orbits around the Sun and believed that fixed stars are similar to the Sun but have different designs and are not subject to the dominion of One.
B) An English philosopher who supported the Ptolemaic principle that Earth is the center of the universe and believed that fixed stars are not similar to the Sun and do not have planets orbiting them.
C) A French philosopher who supported the Aristotelian concept that Earth is at the center of the universe and believed that fixed stars are similar to the Sun but do not have planets orbiting them.
D) An Italian philosopher who supported the Copernican principle that Earth and other planets orbit the Sun and believed that fixed stars are similar to the Sun and have planets orbiting them.
E) A Spanish philosopher who supported the Galilean concept that Earth and other planets orbit the Sun and believed that fixed stars are not similar to the Sun and do not have planets orbiting them.",D
105,closest,1,0.057041388005018234,1817,Pick the best possible answer: What is an order parameter?,"Question: Pick the best possible answer: What is an order parameter?
A) An order parameter is a measure of the temperature of a physical framework.
B) An order parameter is a measure of the gravitational force in a physical framework.
C) An order parameter is a measure of the magnetic field strength in a physical structure.
D) An order parameter is a measure of the degree of symmetry breaking in a physical mechanism.
E) An order parameter is a measure of the rotational symmetry in a physical framework.",D
105,furthest,1,0.30577507615089417,1380,Which of the following is correct? What is an order parameter? among the listed options.,"Question: Which of the following is correct? What is an order parameter? among the listed options.
A) An order parameter is a measure of the temperature of a physical structure.
B) An order parameter is a measure of the gravitational force in a physical structure.
C) An order parameter is a measure of the magnetic field strength in a physical mechanism.
D) An order parameter is a measure of the degree of symmetry breaking in a physical structure.
E) An order parameter is a measure of the rotational symmetry in a physical framework.",D
106,closest,1,0.1210685446858406,930,What is explicit symmetry breaking in theoretical physics?,"Question: What is explicit symmetry breaking in theoretical physics?
A) Explicit symmetry breaking is the breaking of a symmetry of a theory by terms in its defining equations of motion that do not respect the symmetry, always in situations where these symmetry-breaking terms are large, so that the symmetry is not respected by the theory.
B) Explicit symmetry breaking is the breaking of a symmetry of a theory by terms in its defining equations of motion that do not respect the symmetry, usually in situations where these symmetry-breaking terms are small, so that the symmetry is approximately respected by the theory.
C) Explicit symmetry breaking is the breaking of a symmetry of a theory by terms in its defining equations of motion that respect the symmetry, always in situations where these symmetry-breaking terms are small, so that the symmetry is approximately respected by the theory.
D) Explicit symmetry breaking is the breaking of a symmetry of a theory by terms in its defining equations of motion that respect the symmetry, always in situations where these symmetry-breaking terms are large, so that the symmetry is not respected by the theory.
E) Explicit symmetry breaking is the breaking of a symmetry of a theory by terms in its defining equations of motion that respect the symmetry, usually in situations where these symmetry-breaking terms are large, so that the symmetry is not respected by the theory.",B
106,furthest,1,0.35135960578918457,1716,Pick the best possible answer: What is explicit symmetry breaking in theoretical physics? from the following choices.,"Question: Pick the best possible answer: What is explicit symmetry breaking in theoretical physics? from the following choices.
A) Explicit symmetry breaking is the breaking of a symmetry of a concept by terms in its defining equations of motion that do not respect the symmetry, always in situations where these symmetry-breaking terms are large, so that the symmetry is not respected by the concept.
B) Explicit symmetry breaking is the breaking of a symmetry of a principle by terms in its defining equations of motion that do not respect the symmetry, usually in situations where these symmetry-breaking terms are small, so that the symmetry is approximately respected by the principle.
C) Explicit symmetry breaking is the breaking of a symmetry of a concept by terms in its defining equations of motion that respect the symmetry, always in situations where these symmetry-breaking terms are small, so that the symmetry is approximately respected by the concept.
D) Explicit symmetry breaking is the breaking of a symmetry of a principle by terms in its defining equations of motion that respect the symmetry, always in situations where these symmetry-breaking terms are large, so that the symmetry is not respected by the principle.
E) Explicit symmetry breaking is the breaking of a symmetry of a concept by terms in its defining equations of motion that respect the symmetry, usually in situations where these symmetry-breaking terms are large, so that the symmetry is not respected by the concept.",B
107,closest,1,0.019255248829722404,1359,Choose the correct answer: What is the purpose of the proximity-focusing design in a RICH detector? from the following choices.,"Question: Choose the correct answer: What is the purpose of the proximity-focusing design in a RICH detector? from the following choices.
A) To emit a cone of Askaryan radiation that traverses a small distance and is detected on the photon detector plane, creating a ring of light whose radius is defined by the Cherenkov emission angle and the proximity gap.
B) To emit a cone of Bremsstrahlung radiation that traverses a large distance and is detected on the photon detector plane, creating a ring of light whose radius is defined by the Cherenkov emission angle and the proximity gap.
C) To emit a cone of Cherenkov light that traverses a large distance and is detected on the photon detector plane, creating a ring of light whose radius is defined by the Cherenkov emission angle and the proximity gap.
D) To emit a cone of Cherenkov light that traverses a small distance and is detected on the photon detector plane, creating a ring of light whose radius is defined by the Cherenkov emission angle and the proximity gap.
E) To emit a cone of Bremsstrahlung radiation that traverses a small distance and is detected on the photon detector plane, creating a ring of light whose radius is defined by the Cherenkov emission angle and the proximity gap.",D
107,furthest,1,0.09631267189979553,1395,What is the purpose of the proximity-focusing design in a RICH detector?,"Question: What is the purpose of the proximity-focusing design in a RICH detector?
A) To emit a cone of Askaryan radiation that traverses a small distance and is detected on the photon detector plane, creating a ring of light whose radius is defined by the Cherenkov emission angle and the proximity gap.
B) To emit a cone of Bremsstrahlung radiation that traverses a large distance and is detected on the photon detector plane, creating a ring of light whose radius is defined by the Cherenkov emission angle and the proximity gap.
C) To emit a cone of Cherenkov light that traverses a large distance and is detected on the photon detector plane, creating a ring of light whose radius is defined by the Cherenkov emission angle and the proximity gap.
D) To emit a cone of Cherenkov light that traverses a small distance and is detected on the photon detector plane, creating a ring of light whose radius is defined by the Cherenkov emission angle and the proximity gap.
E) To emit a cone of Bremsstrahlung radiation that traverses a small distance and is detected on the photon detector plane, creating a ring of light whose radius is defined by the Cherenkov emission angle and the proximity gap.",D
108,closest,1,0.11214640736579895,1238,Pick the best possible answer: What is radiometric dating? based on the given context.,"Question: Pick the best possible answer: What is radiometric dating? based on the given context.
A) Radiometric dating is a procedure of measuring geological time using geological sedimentation, discovered in the early 20th century.
B) Radiometric dating is a approach of measuring geological time using radioactive decay, discovered in the early 20th century.
C) Radiometric dating is a approach of measuring geological time using the position of rocks, discovered in the early 20th century.
D) Radiometric dating is a technique of measuring geological time using the age of fossils, discovered in the early 20th century.
E) Radiometric dating is a technique of measuring geological time using the cooling of the earth, discovered in the early 20th century.",B
108,furthest,1,0.5353091955184937,1105,Pick the best possible answer: What is radiometric dating? based on the given context.,"Question: Pick the best possible answer: What is radiometric dating? based on the given context.
A) Radiometric dating is a approach of measuring geological time using geological sedimentation, discovered in the early 20th century.
B) Radiometric dating is a approach of measuring geological time using radioactive decay, discovered in the early 20th century.
C) Radiometric dating is a technique of measuring geological time using the position of rocks, discovered in the early 20th century.
D) Radiometric dating is a technique of measuring geological time using the age of fossils, discovered in the early 20th century.
E) Radiometric dating is a procedure of measuring geological time using the cooling of the earth, discovered in the early 20th century.",B
109,closest,1,0.09292712062597275,727,Identify the correct statement: What is the piezoelectric strain coefficient for AT-cut quartz crystals? carefully.,"Question: Identify the correct statement: What is the piezoelectric strain coefficient for AT-cut quartz crystals? carefully.
A) d = 1.9·10‑12 m/V
B) d = 3.1·10‑12 m/V
C) d = 4.2·10‑12 m/V
D) d = 2.5·10‑12 m/V
E) d = 5.8·10‑12 m/V",B
109,furthest,1,0.2673533260822296,1996,What is the piezoelectric strain coefficient for AT-cut quartz crystals?,"Question: What is the piezoelectric strain coefficient for AT-cut quartz crystals?
A) d = 1.9·10‑12 m/V
B) d = 3.1·10‑12 m/V
C) d = 4.2·10‑12 m/V
D) d = 2.5·10‑12 m/V
E) d = 5.8·10‑12 m/V",B
110,closest,1,0.048816852271556854,765,Select the most accurate option: What is a uniform tiling in the hyperbolic plane? carefully.,"Question: Select the most accurate option: What is a uniform tiling in the hyperbolic plane? carefully.
A) A uniform tiling in the hyperbolic plane is a tessellation of the hyperbolic plane with irregular polygons as faces. These are not vertex-transitive and isogonal.
B) A uniform tiling in the hyperbolic plane is a tessellation of the hyperbolic plane with regular polygons as faces. These are not vertex-transitive and isogonal.
C) A uniform tiling in the hyperbolic plane is a tessellation of the hyperbolic plane with irregular polygons as faces. These are vertex-transitive and isogonal.
D) A uniform tiling in the hyperbolic plane is an edge-to-edge filling of the hyperbolic plane, with regular polygons as faces. These are vertex-transitive and isogonal.
E) A uniform tiling in the hyperbolic plane is an edge-to-edge filling of the hyperbolic plane, with irregular polygons as faces. These are vertex-transitive and isogonal.",D
110,furthest,1,0.39635220170021057,1280,Identify the correct statement: What is a uniform tiling in the hyperbolic plane? based on the given context.,"Question: Identify the correct statement: What is a uniform tiling in the hyperbolic plane? based on the given context.
A) A uniform tiling in the hyperbolic plane is a tessellation of the hyperbolic plane with irregular polygons as faces. These are not vertex-transitive and isogonal.
B) A uniform tiling in the hyperbolic plane is a tessellation of the hyperbolic plane with regular polygons as faces. These are not vertex-transitive and isogonal.
C) A uniform tiling in the hyperbolic plane is a tessellation of the hyperbolic plane with irregular polygons as faces. These are vertex-transitive and isogonal.
D) A uniform tiling in the hyperbolic plane is an edge-to-edge filling of the hyperbolic plane, with regular polygons as faces. These are vertex-transitive and isogonal.
E) A uniform tiling in the hyperbolic plane is an edge-to-edge filling of the hyperbolic plane, with irregular polygons as faces. These are vertex-transitive and isogonal.",D
111,closest,1,0.022939307615160942,11,Select the most accurate option: What is the Peierls bracket in canonical quantization? based on the given context.,"Question: Select the most accurate option: What is the Peierls bracket in canonical quantization? based on the given context.
A) The Peierls bracket is a mathematical symbol used to represent the Poisson algebra in the canonical quantization approach.
B) The Peierls bracket is a mathematical tool used to generate the Hamiltonian in the canonical quantization technique.
C) The Peierls bracket is a Poisson bracket derived from the action in the canonical quantization procedure that converts the quotient algebra into a Poisson algebra.
D) The Peierls bracket is a mathematical symbol used to represent the quotient algebra in the canonical quantization approach.
E) The Peierls bracket is a mathematical tool used to generate the Euler-Lagrange equations in the canonical quantization technique.",C
111,furthest,1,0.1896984875202179,1814,Select the most accurate option: What is the Peierls bracket in canonical quantization? among the listed options.,"Question: Select the most accurate option: What is the Peierls bracket in canonical quantization? among the listed options.
A) The Peierls bracket is a mathematical symbol used to represent the Poisson algebra in the canonical quantization procedure.
B) The Peierls bracket is a mathematical tool used to generate the Hamiltonian in the canonical quantization approach.
C) The Peierls bracket is a Poisson bracket derived from the action in the canonical quantization technique that converts the quotient algebra into a Poisson algebra.
D) The Peierls bracket is a mathematical symbol used to represent the quotient algebra in the canonical quantization procedure.
E) The Peierls bracket is a mathematical tool used to generate the Euler-Lagrange equations in the canonical quantization approach.",C
112,closest,1,0.05902957543730736,416,Determine the correct option: What is indirect photophoresis? among the listed options.,"Question: Determine the correct option: What is indirect photophoresis? among the listed options.
A) Indirect photophoresis is a phenomenon that occurs when particles absorb incident light uniformly, creating a temperature gradient within the particle, and causing a migration of particles in a random direction.
B) Indirect photophoresis is a phenomenon that occurs when particles absorb incident light only on the irradiated side, creating a temperature gradient within the particle, and causing a migration of particles in the same direction as the surface temperature gradient.
C) Indirect photophoresis is a phenomenon that occurs when particles absorb incident light uniformly, creating a temperature gradient within the particle, and causing a migration of particles in the same direction as the surface temperature gradient.
D) Indirect photophoresis is a phenomenon that occurs when particles absorb incident light only on the irradiated side, creating a temperature gradient within the particle, and causing a migration of particles in a direction opposite to the surface temperature gradient.
E) Indirect photophoresis is a phenomenon that occurs when particles absorb incident light uniformly, creating a temperature gradient within the particle, and causing a migration of particles in a direction opposite to the surface temperature gradient.",D
112,furthest,1,0.6181731820106506,554,What is indirect photophoresis?,"Question: What is indirect photophoresis?
A) Indirect photophoresis is a phenomenon that occurs when particles absorb incident light uniformly, creating a temperature gradient within the particle, and causing a migration of particles in a random direction.
B) Indirect photophoresis is a phenomenon that occurs when particles absorb incident light only on the irradiated side, creating a temperature gradient within the particle, and causing a migration of particles in the same direction as the surface temperature gradient.
C) Indirect photophoresis is a phenomenon that occurs when particles absorb incident light uniformly, creating a temperature gradient within the particle, and causing a migration of particles in the same direction as the surface temperature gradient.
D) Indirect photophoresis is a phenomenon that occurs when particles absorb incident light only on the irradiated side, creating a temperature gradient within the particle, and causing a migration of particles in a direction opposite to the surface temperature gradient.
E) Indirect photophoresis is a phenomenon that occurs when particles absorb incident light uniformly, creating a temperature gradient within the particle, and causing a migration of particles in a direction opposite to the surface temperature gradient.",D
113,closest,1,0.08437352627515793,821,Determine the correct option: What is a phageome? carefully.,"Question: Determine the correct option: What is a phageome? carefully.
A) A community of viruses and their metagenomes localized in a particular environment, similar to a microbiome.
B) A community of bacteria and their metagenomes localized in a particular environment, similar to a microbiome.
C) A community of bacteriophages and their metagenomes localized in a particular environment, similar to a microbiome.
D) A community of fungi and their metagenomes localized in a particular environment, similar to a microbiome.
E) A community of archaea and their metagenomes localized in a particular environment, similar to a microbiome.",C
113,furthest,1,0.6103094816207886,1284,What is a phageome?,"Question: What is a phageome?
A) A community of viruses and their metagenomes localized in a particular environment, similar to a microbiome.
B) A community of bacteria and their metagenomes localized in a particular environment, similar to a microbiome.
C) A community of bacteriophages and their metagenomes localized in a particular environment, similar to a microbiome.
D) A community of fungi and their metagenomes localized in a particular environment, similar to a microbiome.
E) A community of archaea and their metagenomes localized in a particular environment, similar to a microbiome.",C
114,closest,1,0.093792624771595,920,Determine the correct option: What is accelerator-based light-ion fusion? from the following choices.,"Question: Determine the correct option: What is accelerator-based light-ion fusion? from the following choices.
A) Accelerator-based light-ion fusion is a technique that uses particle accelerators to achieve particle kinetic energies sufficient to induce light-ion fusion reactions. This procedure is relatively easy to implement and can be done in an efficient manner, requiring only a vacuum tube, a pair of electrodes, and a high-voltage transformer. Fusion can be observed with as little as 10 kV between the electrodes.
B) Accelerator-based light-ion fusion is a technique that uses particle accelerators to achieve particle kinetic energies sufficient to induce heavy-ion fusion reactions. This approach is relatively difficult to implement and requires a complex framework of vacuum tubes, electrodes, and transformers. Fusion can be observed with as little as 10 kV between the electrodes.
C) Accelerator-based light-ion fusion is a technique that uses particle accelerators to achieve particle kinetic energies sufficient to induce light-ion fusion reactions. This approach is relatively difficult to implement and requires a complex mechanism of vacuum tubes, electrodes, and transformers. Fusion can be observed with as little as 100 kV between the electrodes.
D) Accelerator-based light-ion fusion is a technique that uses particle accelerators to achieve particle kinetic energies sufficient to induce heavy-ion fusion reactions. This approach is relatively easy to implement and can be done in an efficient manner, requiring only a vacuum tube, a pair of electrodes, and a high-voltage transformer. Fusion can be observed with as little as 100 kV between the electrodes.
E) Accelerator-based light-ion fusion is a technique that uses particle accelerators to achieve particle kinetic energies sufficient to induce light-ion fission reactions. This technique is relatively easy to implement and can be done in an efficient manner, requiring only a vacuum tube, a pair of electrodes, and a high-voltage transformer. Fission can be observed with as little as 10 kV between the electrodes.",A
114,furthest,1,0.25235405564308167,700,Which of the following is correct? What is accelerator-based light-ion fusion? among the listed options.,"Question: Which of the following is correct? What is accelerator-based light-ion fusion? among the listed options.
A) Accelerator-based light-ion fusion is a technique that uses particle accelerators to achieve particle kinetic energies sufficient to induce light-ion fusion reactions. This technique is relatively easy to implement and can be done in an efficient manner, requiring only a vacuum tube, a pair of electrodes, and a high-voltage transformer. Fusion can be observed with as little as 10 kV between the electrodes.
B) Accelerator-based light-ion fusion is a technique that uses particle accelerators to achieve particle kinetic energies sufficient to induce heavy-ion fusion reactions. This approach is relatively difficult to implement and requires a complex structure of vacuum tubes, electrodes, and transformers. Fusion can be observed with as little as 10 kV between the electrodes.
C) Accelerator-based light-ion fusion is a technique that uses particle accelerators to achieve particle kinetic energies sufficient to induce light-ion fusion reactions. This approach is relatively difficult to implement and requires a complex mechanism of vacuum tubes, electrodes, and transformers. Fusion can be observed with as little as 100 kV between the electrodes.
D) Accelerator-based light-ion fusion is a technique that uses particle accelerators to achieve particle kinetic energies sufficient to induce heavy-ion fusion reactions. This approach is relatively easy to implement and can be done in an efficient manner, requiring only a vacuum tube, a pair of electrodes, and a high-voltage transformer. Fusion can be observed with as little as 100 kV between the electrodes.
E) Accelerator-based light-ion fusion is a technique that uses particle accelerators to achieve particle kinetic energies sufficient to induce light-ion fission reactions. This approach is relatively easy to implement and can be done in an efficient manner, requiring only a vacuum tube, a pair of electrodes, and a high-voltage transformer. Fission can be observed with as little as 10 kV between the electrodes.",A
115,closest,1,0.13429555296897888,431,Which of the following is correct? What is the relevant type of coherence for the Young's double-slit interferometer? from the following choices.,"Question: Which of the following is correct? What is the relevant type of coherence for the Young's double-slit interferometer? from the following choices.
A) Visibility
B) Coherence time
C) Spatial coherence
D) Coherence length
E) Diameter of the coherence area (Ac)",E
115,furthest,1,0.5595787167549133,972,Select the most accurate option: What is the relevant type of coherence for the Young's double-slit interferometer?,"Question: Select the most accurate option: What is the relevant type of coherence for the Young's double-slit interferometer?
A) Visibility
B) Coherence time
C) Spatial coherence
D) Coherence length
E) Diameter of the coherence area (Ac)",E
116,closest,1,0.07277604192495346,1905,Determine the correct option: What is geometric quantization in mathematical physics? among the listed options.,"Question: Determine the correct option: What is geometric quantization in mathematical physics? among the listed options.
A) Geometric quantization is a mathematical approach to defining a classical principle corresponding to a given quantum principle. It attempts to carry out quantization in such a way that certain analogies between the quantum principle and the classical principle are lost.
B) Geometric quantization is a mathematical approach to defining a quantum principle corresponding to a given classical principle. It attempts to carry out quantization in such a way that certain analogies between the classical principle and the quantum principle are lost.
C) Geometric quantization is a mathematical approach to defining a classical principle corresponding to a given quantum principle. It attempts to carry out quantization in such a way that certain analogies between the quantum principle and the classical principle remain manifest.
D) Geometric quantization is a mathematical approach to defining a quantum framework corresponding to a given classical framework. It attempts to carry out quantization in such a way that certain analogies between the classical framework and the quantum framework are not key.
E) Geometric quantization is a mathematical approach to defining a quantum framework corresponding to a given classical framework. It attempts to carry out quantization in such a way that certain analogies between the classical framework and the quantum framework remain manifest.",E
116,furthest,1,0.16867002844810486,184,What is geometric quantization in mathematical physics?,"Question: What is geometric quantization in mathematical physics?
A) Geometric quantization is a mathematical approach to defining a classical theory corresponding to a given quantum theory. It attempts to carry out quantization in such a way that certain analogies between the quantum theory and the classical theory are lost.
B) Geometric quantization is a mathematical approach to defining a quantum theory corresponding to a given classical theory. It attempts to carry out quantization in such a way that certain analogies between the classical theory and the quantum theory are lost.
C) Geometric quantization is a mathematical approach to defining a classical theory corresponding to a given quantum theory. It attempts to carry out quantization in such a way that certain analogies between the quantum theory and the classical theory remain manifest.
D) Geometric quantization is a mathematical approach to defining a quantum theory corresponding to a given classical theory. It attempts to carry out quantization in such a way that certain analogies between the classical theory and the quantum theory are not important.
E) Geometric quantization is a mathematical approach to defining a quantum theory corresponding to a given classical theory. It attempts to carry out quantization in such a way that certain analogies between the classical theory and the quantum theory remain manifest.",E
117,closest,1,0.06012891232967377,405,Which of the following is correct? What is the reason that Newton's second law cannot be used to calculate the development of a physical mechanism in quantum mechanics? among the listed options.,"Question: Which of the following is correct? What is the reason that Newton's second law cannot be used to calculate the development of a physical mechanism in quantum mechanics? among the listed options.
A) The existence of particle spin, which is linear momentum that can be described by the cumulative effect of point-like motions in space.
B) The existence of particle spin, which is angular momentum that is always equal to zero.
C) The existence of particle spin, which is linear momentum that cannot be described by the cumulative effect of point-like motions in space.
D) The existence of particle spin, which is angular momentum that cannot be described by the cumulative effect of point-like motions in space.
E) The existence of particle spin, which is angular momentum that can be described by the cumulative effect of point-like motions in space.",D
117,furthest,1,0.1947392374277115,153,Pick the best possible answer: What is the reason that Newton's second law cannot be used to calculate the development of a physical framework in quantum mechanics?,"Question: Pick the best possible answer: What is the reason that Newton's second law cannot be used to calculate the development of a physical framework in quantum mechanics?
A) The existence of particle spin, which is linear momentum that can be described by the cumulative effect of point-like motions in space.
B) The existence of particle spin, which is angular momentum that is always equal to zero.
C) The existence of particle spin, which is linear momentum that cannot be described by the cumulative effect of point-like motions in space.
D) The existence of particle spin, which is angular momentum that cannot be described by the cumulative effect of point-like motions in space.
E) The existence of particle spin, which is angular momentum that can be described by the cumulative effect of point-like motions in space.",D
118,closest,1,0.06594979017972946,1916,Select the most accurate option: What is the Heisenberg uncertainty principle and how does it relate to angular momentum in quantum mechanics? among the listed options.,"Question: Select the most accurate option: What is the Heisenberg uncertainty principle and how does it relate to angular momentum in quantum mechanics? among the listed options.
A) The Heisenberg uncertainty principle states that the axis of rotation of a quantum particle is undefined, and that quantum particles possess a type of non-orbital angular momentum called ""spin"". This is because angular momentum, like other quantities in quantum mechanics, is expressed as a tensorial operator in relativistic quantum mechanics.
B) The Heisenberg uncertainty principle states that the total angular momentum of a framework of particles is equal to the sum of the individual particle angular momenta, and that the centre of mass is for the framework. This is because angular momentum, like other quantities in quantum mechanics, is expressed as an operator with quantized eigenvalues.
C) The Heisenberg uncertainty principle states that the total angular momentum of a mechanism of particles is subject to quantization, and that the individual particle angular momenta are expressed as operators. This is because angular momentum, like other quantities in quantum mechanics, is subject to the Heisenberg uncertainty principle.
D) The Heisenberg uncertainty principle states that the axis of rotation of a quantum particle is undefined, and that at any given time, only one projection of angular momentum can be measured with definite precision, while the other two remain uncertain. This is because angular momentum, like other quantities in quantum mechanics, is subject to quantization and expressed as an operator with quantized eigenvalues.
E) The Heisenberg uncertainty principle states that at any given time, only one projection of angular momentum can be measured with definite precision, while the other two remain uncertain. This is because angular momentum, like other quantities in quantum mechanics, is expressed as an operator with quantized eigenvalues.",E
118,furthest,1,0.24563823640346527,1908,Determine the correct option: What is the Heisenberg uncertainty principle and how does it relate to angular momentum in quantum mechanics?,"Question: Determine the correct option: What is the Heisenberg uncertainty principle and how does it relate to angular momentum in quantum mechanics?
A) The Heisenberg uncertainty principle states that the axis of rotation of a quantum particle is undefined, and that quantum particles possess a type of non-orbital angular momentum called ""spin"". This is because angular momentum, like other quantities in quantum mechanics, is expressed as a tensorial operator in relativistic quantum mechanics.
B) The Heisenberg uncertainty principle states that the total angular momentum of a mechanism of particles is equal to the sum of the individual particle angular momenta, and that the centre of mass is for the mechanism. This is because angular momentum, like other quantities in quantum mechanics, is expressed as an operator with quantized eigenvalues.
C) The Heisenberg uncertainty principle states that the total angular momentum of a framework of particles is subject to quantization, and that the individual particle angular momenta are expressed as operators. This is because angular momentum, like other quantities in quantum mechanics, is subject to the Heisenberg uncertainty principle.
D) The Heisenberg uncertainty principle states that the axis of rotation of a quantum particle is undefined, and that at any given time, only one projection of angular momentum can be measured with definite precision, while the other two remain uncertain. This is because angular momentum, like other quantities in quantum mechanics, is subject to quantization and expressed as an operator with quantized eigenvalues.
E) The Heisenberg uncertainty principle states that at any given time, only one projection of angular momentum can be measured with definite precision, while the other two remain uncertain. This is because angular momentum, like other quantities in quantum mechanics, is expressed as an operator with quantized eigenvalues.",E
119,closest,1,0.052887722849845886,1290,Choose the correct answer: What is the relationship between interstellar and cometary chemistry? from the following choices.,"Question: Choose the correct answer: What is the relationship between interstellar and cometary chemistry? from the following choices.
A) Cometary chemistry is responsible for the formation of interstellar molecules, but there is no direct connection between the two.
B) Interstellar and cometary chemistry are the same thing, just with different names.
C) There is a possible connection between interstellar and cometary chemistry, as indicated by the similarity between interstellar and cometary ices and the analysis of organics from comet samples returned by the Stardust mission.
D) There is no relationship between interstellar and cometary chemistry, as they are two completely different phenomena.
E) Interstellar chemistry is responsible for the formation of comets, but there is no direct connection between the two.",C
119,furthest,1,0.8241868019104004,1462,Determine the correct option: What is the interstellar medium (ISM)? based on the given context.,"Question: Determine the correct option: What is the interstellar medium (ISM)? based on the given context.
A) The matter and radiation that exist in the space between the star structures in a galaxy, including gas in ionic, atomic, and molecular form, as well as dust and cosmic rays. It fills interstellar space and blends smoothly into the surrounding intergalactic space.
B) The matter and radiation that exist in the space between stars in a galaxy, including gas in ionic, atomic, and molecular form, as well as dust and cosmic rays. It fills interstellar space and blends smoothly into the surrounding interplanetary space.
C) The matter and radiation that exist in the space between galaxies, including gas in ionic, atomic, and molecular form, as well as dust and cosmic rays. It fills intergalactic space and blends smoothly into the surrounding interstellar space.
D) The matter and radiation that exist in the space between planets in a solar structure, including gas in ionic, atomic, and molecular form, as well as dust and cosmic rays. It fills interplanetary space and blends smoothly into the surrounding interstellar space.
E) The matter and radiation that exist within a star, including gas in ionic, atomic, and molecular form, as well as dust and cosmic rays. It fills the star and blends smoothly into the surrounding interstellar space.",A
120,closest,1,0.15315283834934235,884,"Which of the following is correct? What is the ""ultraviolet catastrophe""? based on the given context.","Question: Which of the following is correct? What is the ""ultraviolet catastrophe""? based on the given context.
A) It is a phenomenon that occurs only in multi-mode vibration.
B) It is the misbehavior of a formula for higher frequencies.
C) It is the standing wave of a string in harmonic resonance.
D) It is a flaw in classical physics that results in the misallocation of energy.
E) It is a disproven concept about the distribution of electromagnetic radiation.",B
120,furthest,1,0.8031693696975708,280,"Pick the best possible answer: What is the ""ultraviolet catastrophe""? based on the given context.","Question: Pick the best possible answer: What is the ""ultraviolet catastrophe""? based on the given context.
A) It is a phenomenon that occurs only in multi-mode vibration.
B) It is the misbehavior of a formula for higher frequencies.
C) It is the standing wave of a string in harmonic resonance.
D) It is a flaw in classical physics that results in the misallocation of energy.
E) It is a disproven concept about the distribution of electromagnetic radiation.",B
121,closest,1,0.023038350045681,1061,"Which of the following is correct? What is the reason behind the designation of Class L dwarfs, and what is their color and composition? from the following choices.","Question: Which of the following is correct? What is the reason behind the designation of Class L dwarfs, and what is their color and composition? from the following choices.
A) Class L dwarfs are hotter than M stars and are designated L because L is the remaining letter alphabetically closest to M. They are bright blue in color and are brightest in ultraviolet. Their atmosphere is hot enough to allow metal hydrides and alkali metals to be prominent in their spectra. Some of these objects have masses large enough to support hydrogen fusion and are therefore stars, but most are of substellar mass and are therefore brown dwarfs.
B) Class L dwarfs are cooler than M stars and are designated L because L is the remaining letter alphabetically closest to M. They are dark red in color and are brightest in infrared. Their atmosphere is cool enough to allow metal hydrides and alkali metals to be prominent in their spectra. Some of these objects have masses large enough to support hydrogen fusion and are therefore stars, but most are of substellar mass and are therefore brown dwarfs.
C) Class L dwarfs are hotter than M stars and are designated L because L is the next letter alphabetically after M. They are dark red in color and are brightest in infrared. Their atmosphere is cool enough to allow metal hydrides and alkali metals to be prominent in their spectra. Some of these objects have masses large enough to support hydrogen fusion and are therefore stars, but most are of substellar mass and are therefore brown dwarfs.
D) Class L dwarfs are cooler than M stars and are designated L because L is the next letter alphabetically after M. They are bright yellow in color and are brightest in visible light. Their atmosphere is hot enough to allow metal hydrides and alkali metals to be prominent in their spectra. Some of these objects have masses large enough to support hydrogen fusion and are therefore stars, but most are of substellar mass and are therefore brown dwarfs.
E) Class L dwarfs are cooler than M stars and are designated L because L is the remaining letter alphabetically closest to M. They are bright green in color and are brightest in visible light. Their atmosphere is cool enough to allow metal hydrides and alkali metals to be prominent in their spectra. Some of these objects have masses small enough to support hydrogen fusion and are therefore stars, but most are of substellar mass and are therefore brown dwarfs.",B
121,furthest,1,0.15391717851161957,459,"Pick the best possible answer: What is the reason behind the designation of Class L dwarfs, and what is their color and composition? among the listed options.","Question: Pick the best possible answer: What is the reason behind the designation of Class L dwarfs, and what is their color and composition? among the listed options.
A) Class L dwarfs are hotter than M stars and are designated L because L is the remaining letter alphabetically closest to M. They are bright blue in color and are brightest in ultraviolet. Their atmosphere is hot enough to allow metal hydrides and alkali metals to be prominent in their spectra. Some of these objects have masses large enough to support hydrogen fusion and are therefore stars, but most are of substellar mass and are therefore brown dwarfs.
B) Class L dwarfs are cooler than M stars and are designated L because L is the remaining letter alphabetically closest to M. They are dark red in color and are brightest in infrared. Their atmosphere is cool enough to allow metal hydrides and alkali metals to be prominent in their spectra. Some of these objects have masses large enough to support hydrogen fusion and are therefore stars, but most are of substellar mass and are therefore brown dwarfs.
C) Class L dwarfs are hotter than M stars and are designated L because L is the next letter alphabetically after M. They are dark red in color and are brightest in infrared. Their atmosphere is cool enough to allow metal hydrides and alkali metals to be prominent in their spectra. Some of these objects have masses large enough to support hydrogen fusion and are therefore stars, but most are of substellar mass and are therefore brown dwarfs.
D) Class L dwarfs are cooler than M stars and are designated L because L is the next letter alphabetically after M. They are bright yellow in color and are brightest in visible light. Their atmosphere is hot enough to allow metal hydrides and alkali metals to be prominent in their spectra. Some of these objects have masses large enough to support hydrogen fusion and are therefore stars, but most are of substellar mass and are therefore brown dwarfs.
E) Class L dwarfs are cooler than M stars and are designated L because L is the remaining letter alphabetically closest to M. They are bright green in color and are brightest in visible light. Their atmosphere is cool enough to allow metal hydrides and alkali metals to be prominent in their spectra. Some of these objects have masses small enough to support hydrogen fusion and are therefore stars, but most are of substellar mass and are therefore brown dwarfs.",B
122,closest,1,0.11730863153934479,1366,Pick the best possible answer: What is the relationship between Coordinated Universal Time (UTC) and Universal Time (UT1)? among the listed options.,"Question: Pick the best possible answer: What is the relationship between Coordinated Universal Time (UTC) and Universal Time (UT1)? among the listed options.
A) UTC and Universal Time (UT1) are identical time scales that are used interchangeably in science and engineering.
B) UTC is a time scale that is completely independent of Universal Time (UT1). UTC is kept within 0.9 second of UT1 by the introduction of one-second steps to UTC, the ""leap second"".
C) UTC is an atomic time scale designed to approximate Universal Time (UT1), but it differs from UT1 by a non-integral number of seconds. UTC is kept within 0.9 second of UT1 by the introduction of one-second steps to UTC, the ""leap second"".
D) UTC is an atomic time scale designed to approximate Universal Time (UT1), but it differs from UT1 by an integral number of seconds. UTC is kept within 0.9 second of UT1 by the introduction of one-second steps to UTC, the ""leap second"".
E) UTC is a time scale that is based on the irregularities in Earth's rotation and is completely independent of Universal Time (UT1).",D
122,furthest,1,0.759507954120636,1430,Identify the correct statement: What is the relationship between Coordinated Universal Time (UTC) and Universal Time (UT1)? based on the given context.,"Question: Identify the correct statement: What is the relationship between Coordinated Universal Time (UTC) and Universal Time (UT1)? based on the given context.
A) UTC and Universal Time (UT1) are identical time scales that are used interchangeably in science and engineering.
B) UTC is a time scale that is completely independent of Universal Time (UT1). UTC is kept within 0.9 second of UT1 by the introduction of one-second steps to UTC, the ""leap second"".
C) UTC is an atomic time scale designed to approximate Universal Time (UT1), but it differs from UT1 by a non-integral number of seconds. UTC is kept within 0.9 second of UT1 by the introduction of one-second steps to UTC, the ""leap second"".
D) UTC is an atomic time scale designed to approximate Universal Time (UT1), but it differs from UT1 by an integral number of seconds. UTC is kept within 0.9 second of UT1 by the introduction of one-second steps to UTC, the ""leap second"".
E) UTC is a time scale that is based on the irregularities in Earth's rotation and is completely independent of Universal Time (UT1).",D
123,closest,1,0.1327437311410904,720,Select the most accurate option: What is a crossover experiment? based on the given context.,"Question: Select the most accurate option: What is a crossover experiment? based on the given context.
A) An experiment that involves crossing over two different types of materials to create a new material.
B) A type of experiment used to distinguish between different mechanisms proposed for a chemical reaction, such as intermolecular vs. intramolecular mechanisms.
C) An experiment that involves crossing over two different types of organisms to create a hybrid.
D) An experiment that involves crossing over two different types of cells to create a new cell.
E) An experiment that involves crossing over two different chemicals to create a new substance.",B
123,furthest,1,0.620650053024292,1047,Determine the correct option: What is the purpose of obtaining surgical resection specimens? carefully.,"Question: Determine the correct option: What is the purpose of obtaining surgical resection specimens? carefully.
A) To remove an entire diseased area or organ for definitive surgical treatment of a disease, with pathological analysis of the specimen used to confirm the diagnosis.
B) To perform visual and microscopic tests on tissue samples using automated analysers and cultures.
C) To work in close collaboration with medical technologists and hospital administrations.
D) To administer a variety of tests of the biophysical properties of tissue samples.
E) To obtain bodily fluids such as blood and urine for laboratory analysis of disease diagnosis.",A
124,closest,1,0.06021951511502266,614,Identify the correct statement: What is the 'reactive Leidenfrost effect' observed in non-volatile materials? carefully.,"Question: Identify the correct statement: What is the 'reactive Leidenfrost effect' observed in non-volatile materials? carefully.
A) The 'reactive Leidenfrost effect' is a phenomenon where solid particles float above hot surfaces and move erratically, observed in non-volatile materials.
B) The 'reactive Leidenfrost effect' is a phenomenon where solid particles float above hot surfaces and move erratically, observed in volatile materials.
C) The 'reactive Leidenfrost effect' is a phenomenon where solid particles sink into hot surfaces and move slowly, observed in non-volatile materials.
D) The 'reactive Leidenfrost effect' is a phenomenon where solid particles float above cold surfaces and move erratically, observed in non-volatile materials.
E) The 'reactive Leidenfrost effect' is a phenomenon where solid particles sink into cold surfaces and move slowly, observed in non-volatile materials.",A
124,furthest,1,0.1837420016527176,216,Select the most accurate option: What is the 'reactive Leidenfrost effect' observed in non-volatile materials? based on the given context.,"Question: Select the most accurate option: What is the 'reactive Leidenfrost effect' observed in non-volatile materials? based on the given context.
A) The 'reactive Leidenfrost effect' is a phenomenon where solid particles float above hot surfaces and move erratically, observed in non-volatile materials.
B) The 'reactive Leidenfrost effect' is a phenomenon where solid particles float above hot surfaces and move erratically, observed in volatile materials.
C) The 'reactive Leidenfrost effect' is a phenomenon where solid particles sink into hot surfaces and move slowly, observed in non-volatile materials.
D) The 'reactive Leidenfrost effect' is a phenomenon where solid particles float above cold surfaces and move erratically, observed in non-volatile materials.
E) The 'reactive Leidenfrost effect' is a phenomenon where solid particles sink into cold surfaces and move slowly, observed in non-volatile materials.",A
125,closest,1,0.04226485267281532,1002,"Determine the correct option: How do the Lunar Laser Ranging Experiment, radar astronomy, and the Deep Space Network determine distances to the Moon, planets, and spacecraft?","Question: Determine the correct option: How do the Lunar Laser Ranging Experiment, radar astronomy, and the Deep Space Network determine distances to the Moon, planets, and spacecraft?
A) They determine the values of electromagnetic constants.
B) They measure round-trip transit times.
C) They measure the actual speed of light waves.
D) They use interferometry to determine the speed of light.
E) They separately determine the frequency and wavelength of a light beam.",B
125,furthest,1,0.17685306072235107,681,"Choose the correct answer: How do the Lunar Laser Ranging Experiment, radar astronomy, and the Deep Space Network determine distances to the Moon, planets, and spacecraft? based on the given context.","Question: Choose the correct answer: How do the Lunar Laser Ranging Experiment, radar astronomy, and the Deep Space Network determine distances to the Moon, planets, and spacecraft? based on the given context.
A) They determine the values of electromagnetic constants.
B) They measure round-trip transit times.
C) They measure the actual speed of light waves.
D) They use interferometry to determine the speed of light.
E) They separately determine the frequency and wavelength of a light beam.",B
126,closest,1,0.05941656604409218,623,Select the most accurate option: What is the Droste effect?,"Question: Select the most accurate option: What is the Droste effect?
A) The Droste effect is a type of optical illusion that creates the appearance of a three-dimensional image within a two-dimensional picture.
B) The Droste effect is a type of packaging design used by a variety of products, named after a Dutch brand of cocoa, with an image designed by Jan Misset in 1904.
C) The Droste effect is a type of painting technique used by Dutch artist M. C. Escher in his 1956 lithograph Print Gallery, which portrays a gallery that depicts itself.
D) The Droste effect is a recursive image effect in which a picture appears within itself in a place where a similar picture would realistically be expected to appear. This creates a loop that can continue as far as the image's resolution allows, and is named after a Dutch brand of cocoa.
E) The Droste effect is a type of recursive algorithm used in computer programming to create self-referential images.",D
126,furthest,1,0.24179178476333618,367,What is the Droste effect?,"Question: What is the Droste effect?
A) The Droste effect is a type of optical illusion that creates the appearance of a three-dimensional image within a two-dimensional picture.
B) The Droste effect is a type of packaging design used by a variety of products, named after a Dutch brand of cocoa, with an image designed by Jan Misset in 1904.
C) The Droste effect is a type of painting technique used by Dutch artist M. C. Escher in his 1956 lithograph Print Gallery, which portrays a gallery that depicts itself.
D) The Droste effect is a recursive image effect in which a picture appears within itself in a place where a similar picture would realistically be expected to appear. This creates a loop that can continue as far as the image's resolution allows, and is named after a Dutch brand of cocoa.
E) The Droste effect is a type of recursive algorithm used in computer programming to create self-referential images.",D
127,closest,1,0.04691602662205696,61,Choose the correct answer: What is the origin of the radio emission observed from supernova remnants? from the following choices.,"Question: Choose the correct answer: What is the origin of the radio emission observed from supernova remnants? from the following choices.
A) The radio emission from supernova remnants originates from the rebound of gas falling inward during the supernova explosion. This emission is a form of non-thermal emission called synchrotron emission.
B) The radio emission from supernova remnants originates from high-velocity electrons oscillating within magnetic fields. This emission is a form of non-thermal emission called synchrotron emission.
C) The radio emission from supernova remnants originates from the fusion of hydrogen and helium in the core of the star. This emission is a form of non-thermal emission called synchrotron emission.
D) The radio emission from supernova remnants originates from the expansion of the shell of gas during the supernova explosion. This emission is a form of thermal emission called synchrotron emission.
E) The radio emission from supernova remnants originates from the ionized gas present in the remnants. This emission is a form of thermal emission called synchrotron emission.",B
127,furthest,1,0.30663061141967773,1125,Determine the correct option: What is the origin of the radio emission observed from supernova remnants? among the listed options.,"Question: Determine the correct option: What is the origin of the radio emission observed from supernova remnants? among the listed options.
A) The radio emission from supernova remnants originates from the rebound of gas falling inward during the supernova explosion. This emission is a form of non-thermal emission called synchrotron emission.
B) The radio emission from supernova remnants originates from high-velocity electrons oscillating within magnetic fields. This emission is a form of non-thermal emission called synchrotron emission.
C) The radio emission from supernova remnants originates from the fusion of hydrogen and helium in the core of the star. This emission is a form of non-thermal emission called synchrotron emission.
D) The radio emission from supernova remnants originates from the expansion of the shell of gas during the supernova explosion. This emission is a form of thermal emission called synchrotron emission.
E) The radio emission from supernova remnants originates from the ionized gas present in the remnants. This emission is a form of thermal emission called synchrotron emission.",B
128,closest,1,0.13473106920719147,802,Identify the correct statement: What is the mechanism of FTIR? from the following choices.,"Question: Identify the correct statement: What is the mechanism of FTIR? from the following choices.
A) The mechanism of FTIR is called ray optics, which is a good analog to visualize quantum tunneling.
B) The mechanism of FTIR is called scattering, which is a good analog to visualize quantum tunneling.
C) The mechanism of FTIR is called frustrated TIR, which is a good analog to visualize quantum tunneling.
D) The mechanism of FTIR is called evanescent-wave coupling, which is a good analog to visualize quantum tunneling.
E) The mechanism of FTIR is called total internal reflection microscopy, which is a good analog to visualize quantum tunneling.",D
128,furthest,1,0.5570993423461914,778,What is the Ramsauer-Townsend effect?,"Question: What is the Ramsauer-Townsend effect?
A) The Ramsauer-Townsend effect is a physical phenomenon that involves the scattering of low-energy electrons by atoms of a non-noble gas. It can be explained by classical mechanics.
B) The Ramsauer-Townsend effect is a physical phenomenon that involves the scattering of low-energy electrons by atoms of a noble gas. It requires the wave theory of quantum mechanics to be explained.
C) The Ramsauer-Townsend effect is a physical phenomenon that involves the scattering of high-energy electrons by atoms of a noble gas. It can be explained by classical mechanics.
D) The Ramsauer-Townsend effect is a physical phenomenon that involves the scattering of high-energy electrons by atoms of a non-noble gas. It requires the wave theory of quantum mechanics to be explained.
E) The Ramsauer-Townsend effect is a physical phenomenon that involves the scattering of electrons by atoms of any gas. It can be explained by classical mechanics.",B
129,closest,1,0.1706646978855133,837,Identify the correct statement: What is the Ramsauer-Townsend effect? from the following choices.,"Question: Identify the correct statement: What is the Ramsauer-Townsend effect? from the following choices.
A) The Ramsauer-Townsend effect is a physical phenomenon that involves the scattering of low-energy electrons by atoms of a non-noble gas. It can be explained by classical mechanics.
B) The Ramsauer-Townsend effect is a physical phenomenon that involves the scattering of low-energy electrons by atoms of a noble gas. It requires the wave framework of quantum mechanics to be explained.
C) The Ramsauer-Townsend effect is a physical phenomenon that involves the scattering of high-energy electrons by atoms of a noble gas. It can be explained by classical mechanics.
D) The Ramsauer-Townsend effect is a physical phenomenon that involves the scattering of high-energy electrons by atoms of a non-noble gas. It requires the wave framework of quantum mechanics to be explained.
E) The Ramsauer-Townsend effect is a physical phenomenon that involves the scattering of electrons by atoms of any gas. It can be explained by classical mechanics.",B
129,furthest,1,0.3651033341884613,1913,Determine the correct option: What is the Ramsauer-Townsend effect? among the listed options.,"Question: Determine the correct option: What is the Ramsauer-Townsend effect? among the listed options.
A) The Ramsauer-Townsend effect is a physical phenomenon that involves the scattering of low-energy electrons by atoms of a non-noble gas. It can be explained by classical mechanics.
B) The Ramsauer-Townsend effect is a physical phenomenon that involves the scattering of low-energy electrons by atoms of a noble gas. It requires the wave principle of quantum mechanics to be explained.
C) The Ramsauer-Townsend effect is a physical phenomenon that involves the scattering of high-energy electrons by atoms of a noble gas. It can be explained by classical mechanics.
D) The Ramsauer-Townsend effect is a physical phenomenon that involves the scattering of high-energy electrons by atoms of a non-noble gas. It requires the wave framework of quantum mechanics to be explained.
E) The Ramsauer-Townsend effect is a physical phenomenon that involves the scattering of electrons by atoms of any gas. It can be explained by classical mechanics.",B
130,closest,1,0.10914377123117447,7,"Which of the following is correct? What is a ""coffee ring"" in physics? among the listed options.","Question: Which of the following is correct? What is a ""coffee ring"" in physics? among the listed options.
A) A type of coffee that is made by boiling coffee grounds in water.
B) A pattern left by a particle-laden liquid after it is spilled, named for the characteristic ring-like deposit along the perimeter of a spill of coffee or red wine.
C) A type of coffee that is made by mixing instant coffee with hot water.
D) A type of coffee that is made by pouring hot water over coffee grounds in a filter.
E) A pattern left by a particle-laden liquid after it evaporates, named for the characteristic ring-like deposit along the perimeter of a spill of coffee or red wine.",E
130,furthest,1,0.16531884670257568,1967,"Determine the correct option: What is a ""coffee ring"" in physics? from the following choices.","Question: Determine the correct option: What is a ""coffee ring"" in physics? from the following choices.
A) A type of coffee that is made by boiling coffee grounds in water.
B) A pattern left by a particle-laden liquid after it is spilled, named for the characteristic ring-like deposit along the perimeter of a spill of coffee or red wine.
C) A type of coffee that is made by mixing instant coffee with hot water.
D) A type of coffee that is made by pouring hot water over coffee grounds in a filter.
E) A pattern left by a particle-laden liquid after it evaporates, named for the characteristic ring-like deposit along the perimeter of a spill of coffee or red wine.",E
131,closest,1,0.12376812845468521,1217,"Identify the correct statement: What is a transient condensation cloud, also known as a Wilson cloud?","Question: Identify the correct statement: What is a transient condensation cloud, also known as a Wilson cloud?
A) A visible cloud of smoke that forms when a nuclear weapon or a large amount of a conventional explosive is detonated in humid air, due to the burning of materials in the explosion.
B) A visible cloud of microscopic water droplets that forms when a nuclear weapon or a large amount of a conventional explosive is detonated in humid air, due to a temporary cooling of the air caused by a rarefaction of the air surrounding the explosion.
C) A visible cloud of microscopic water droplets that forms when a nuclear weapon or a large amount of a conventional explosive is detonated in dry air, due to a temporary cooling of the air caused by a rarefaction of the air surrounding the explosion.
D) A visible cloud of gas that forms when a nuclear weapon or a large amount of a conventional explosive is detonated in humid air, due to the release of gases from the explosion.
E) A visible cloud of smoke that forms when a nuclear weapon or a large amount of a conventional explosive is detonated in dry air, due to the burning of materials in the explosion.",B
131,furthest,1,0.3893844187259674,1865,"What is a transient condensation cloud, also known as a Wilson cloud?","Question: What is a transient condensation cloud, also known as a Wilson cloud?
A) A visible cloud of smoke that forms when a nuclear weapon or a large amount of a conventional explosive is detonated in humid air, due to the burning of materials in the explosion.
B) A visible cloud of microscopic water droplets that forms when a nuclear weapon or a large amount of a conventional explosive is detonated in humid air, due to a temporary cooling of the air caused by a rarefaction of the air surrounding the explosion.
C) A visible cloud of microscopic water droplets that forms when a nuclear weapon or a large amount of a conventional explosive is detonated in dry air, due to a temporary cooling of the air caused by a rarefaction of the air surrounding the explosion.
D) A visible cloud of gas that forms when a nuclear weapon or a large amount of a conventional explosive is detonated in humid air, due to the release of gases from the explosion.
E) A visible cloud of smoke that forms when a nuclear weapon or a large amount of a conventional explosive is detonated in dry air, due to the burning of materials in the explosion.",B
132,closest,1,0.04798926040530205,317,Pick the best possible answer: What is the metallicity of Kapteyn's star estimated to be? from the following choices.,"Question: Pick the best possible answer: What is the metallicity of Kapteyn's star estimated to be? from the following choices.
A) 8 times more than the Sun
B) 8 times less than the Sun
C) 13 light years away from Earth
D) Unknown
E) Equal to the Sun",B
132,furthest,1,0.11718499660491943,1054,Select the most accurate option: What is the metallicity of Kapteyn's star estimated to be? based on the given context.,"Question: Select the most accurate option: What is the metallicity of Kapteyn's star estimated to be? based on the given context.
A) 8 times more than the Sun
B) 8 times less than the Sun
C) 13 light years away from Earth
D) Unknown
E) Equal to the Sun",B
133,closest,1,0.0547063872218132,1394,Which of the following is correct? What is the main factor that determines the occurrence of each type of supernova? among the listed options.,"Question: Which of the following is correct? What is the main factor that determines the occurrence of each type of supernova? among the listed options.
A) The star's distance from Earth
B) The star's age
C) The star's temperature
D) The star's luminosity
E) The progenitor star's metallicity",E
133,furthest,1,0.18340927362442017,1781,Select the most accurate option: What is the main factor that determines the occurrence of each type of supernova? based on the given context.,"Question: Select the most accurate option: What is the main factor that determines the occurrence of each type of supernova? based on the given context.
A) The star's distance from Earth
B) The star's age
C) The star's temperature
D) The star's luminosity
E) The progenitor star's metallicity",E
134,closest,1,0.10020571202039719,881,Choose the correct answer: What is the role of CYCLOIDEA genes in the evolution of bilateral symmetry? carefully.,"Question: Choose the correct answer: What is the role of CYCLOIDEA genes in the evolution of bilateral symmetry? carefully.
A) CYCLOIDEA genes are responsible for the selection of symmetry in the evolution of animals.
B) CYCLOIDEA genes are responsible for the evolution of specialized pollinators in plants, which in turn led to the transition of radially symmetrical flowers to bilaterally symmetrical flowers.
C) CYCLOIDEA genes are responsible for the expression of dorsal petals in Antirrhinum majus, which control their size and shape.
D) CYCLOIDEA genes are responsible for the expression of transcription factors that control the expression of other genes, allowing their expression to influence developmental pathways relating to symmetry.
E) CYCLOIDEA genes are responsible for mutations that cause a reversion to radial symmetry.",D
134,furthest,1,0.33866846561431885,173,Identify the correct statement: What is the role of CYCLOIDEA genes in the evolution of bilateral symmetry? based on the given context.,"Question: Identify the correct statement: What is the role of CYCLOIDEA genes in the evolution of bilateral symmetry? based on the given context.
A) CYCLOIDEA genes are responsible for the selection of symmetry in the evolution of animals.
B) CYCLOIDEA genes are responsible for the evolution of specialized pollinators in plants, which in turn led to the transition of radially symmetrical flowers to bilaterally symmetrical flowers.
C) CYCLOIDEA genes are responsible for the expression of dorsal petals in Antirrhinum majus, which control their size and shape.
D) CYCLOIDEA genes are responsible for the expression of transcription factors that control the expression of other genes, allowing their expression to influence developmental pathways relating to symmetry.
E) CYCLOIDEA genes are responsible for mutations that cause a reversion to radial symmetry.",D
135,closest,1,0.1088673546910286,924,Determine the correct option: What is the definition of anatomy? based on the given context.,"Question: Determine the correct option: What is the definition of anatomy? based on the given context.
A) Anatomy is the rarely used term that refers to the superstructure of polymers such as fiber formation or to larger composite assemblies.
B) Anatomy is a branch of morphology that deals with the structure of organisms.
C) Anatomy is the study of the effects of external factors upon the morphology of organisms under experimental conditions, such as the effect of genetic mutation.
D) Anatomy is the analysis of the patterns of the locus of structures within the body plan of an organism, and forms the basis of taxonomical categorization.
E) Anatomy is the study of the relationship between the structure and function of morphological features.",B
135,furthest,1,0.28048649430274963,567,Select the most accurate option: What is the definition of anatomy? among the listed options.,"Question: Select the most accurate option: What is the definition of anatomy? among the listed options.
A) Anatomy is the rarely used term that refers to the superstructure of polymers such as fiber formation or to larger composite assemblies.
B) Anatomy is a branch of morphology that deals with the structure of organisms.
C) Anatomy is the study of the effects of external factors upon the morphology of organisms under experimental conditions, such as the effect of genetic mutation.
D) Anatomy is the analysis of the patterns of the locus of structures within the body plan of an organism, and forms the basis of taxonomical categorization.
E) Anatomy is the study of the relationship between the structure and function of morphological features.",B
136,closest,1,0.06623934954404831,979,Identify the correct statement: What is the contrast between the coevolution of myrmecophytes and the mutualistic symbiosis of mycorrhiza? carefully.,"Question: Identify the correct statement: What is the contrast between the coevolution of myrmecophytes and the mutualistic symbiosis of mycorrhiza? carefully.
A) Myrmecophytes coevolve with ants, providing them with a home and sometimes food, while the ants defend the plant from herbivores and competing plants. On the other hand, mycorrhiza is a mutualistic symbiosis between plants and fungi, where the fungi help the plants gain water and mineral nutrients from the soil, while the plant gives the fungi carbohydrates manufactured in photosynthesis.
B) Myrmecophytes coevolve with ants, providing them with food, while the ants defend the plant from herbivores and competing plants. On the other hand, mycorrhiza is a mutualistic symbiosis between plants and fungi, where the fungi help the plants gain water and mineral nutrients from the soil, while the plant gives the fungi water and mineral nutrients.
C) Myrmecophytes coevolve with butterflies, providing them with a home and sometimes food, while the butterflies defend the plant from herbivores and competing plants. On the other hand, mycorrhiza is a mutualistic symbiosis between plants and birds, where the birds help the plants gain water and mineral nutrients from the soil, while the plant gives the birds carbohydrates manufactured in photosynthesis.
D) Myrmecophytes coevolve with birds, providing them with a home and sometimes food, while the birds defend the plant from herbivores and competing plants. On the other hand, mycorrhiza is a mutualistic symbiosis between plants and bacteria, where the bacteria help the plants gain water and mineral nutrients from the soil, while the plant gives the bacteria carbohydrates manufactured in photosynthesis.
E) Myrmecophytes coevolve with bees, providing them with a home and sometimes food, while the bees defend the plant from herbivores and competing plants. On the other hand, mycorrhiza is a mutualistic symbiosis between plants and insects, where the insects help the plants gain water and mineral nutrients from the soil, while the plant gives the insects carbohydrates manufactured in photosynthesis.",A
136,furthest,1,0.13888221979141235,1551,Select the most accurate option: What is the contrast between the coevolution of myrmecophytes and the mutualistic symbiosis of mycorrhiza? among the listed options.,"Question: Select the most accurate option: What is the contrast between the coevolution of myrmecophytes and the mutualistic symbiosis of mycorrhiza? among the listed options.
A) Myrmecophytes coevolve with ants, providing them with a home and sometimes food, while the ants defend the plant from herbivores and competing plants. On the other hand, mycorrhiza is a mutualistic symbiosis between plants and fungi, where the fungi help the plants gain water and mineral nutrients from the soil, while the plant gives the fungi carbohydrates manufactured in photosynthesis.
B) Myrmecophytes coevolve with ants, providing them with food, while the ants defend the plant from herbivores and competing plants. On the other hand, mycorrhiza is a mutualistic symbiosis between plants and fungi, where the fungi help the plants gain water and mineral nutrients from the soil, while the plant gives the fungi water and mineral nutrients.
C) Myrmecophytes coevolve with butterflies, providing them with a home and sometimes food, while the butterflies defend the plant from herbivores and competing plants. On the other hand, mycorrhiza is a mutualistic symbiosis between plants and birds, where the birds help the plants gain water and mineral nutrients from the soil, while the plant gives the birds carbohydrates manufactured in photosynthesis.
D) Myrmecophytes coevolve with birds, providing them with a home and sometimes food, while the birds defend the plant from herbivores and competing plants. On the other hand, mycorrhiza is a mutualistic symbiosis between plants and bacteria, where the bacteria help the plants gain water and mineral nutrients from the soil, while the plant gives the bacteria carbohydrates manufactured in photosynthesis.
E) Myrmecophytes coevolve with bees, providing them with a home and sometimes food, while the bees defend the plant from herbivores and competing plants. On the other hand, mycorrhiza is a mutualistic symbiosis between plants and insects, where the insects help the plants gain water and mineral nutrients from the soil, while the plant gives the insects carbohydrates manufactured in photosynthesis.",A
137,closest,1,0.09226629883050919,735,Choose the correct answer: What is the function of mammary glands in mammals? based on the given context.,"Question: Choose the correct answer: What is the function of mammary glands in mammals? based on the given context.
A) Mammary glands produce milk to feed the young.
B) Mammary glands help mammals draw air into the lungs.
C) Mammary glands help mammals breathe with lungs.
D) Mammary glands excrete nitrogenous waste as urea.
E) Mammary glands separate oxygenated and deoxygenated blood in the mammalian heart.",A
137,furthest,1,0.25680211186408997,717,Which of the following is correct? What is the function of mammary glands in mammals?,"Question: Which of the following is correct? What is the function of mammary glands in mammals?
A) Mammary glands produce milk to feed the young.
B) Mammary glands help mammals draw air into the lungs.
C) Mammary glands help mammals breathe with lungs.
D) Mammary glands excrete nitrogenous waste as urea.
E) Mammary glands separate oxygenated and deoxygenated blood in the mammalian heart.",A
138,closest,1,0.06917310506105423,942,Choose the correct answer: What is the significance of probability amplitudes in quantum mechanics? from the following choices.,"Question: Choose the correct answer: What is the significance of probability amplitudes in quantum mechanics? from the following choices.
A) Probability amplitudes are used to determine the mass of particles in quantum mechanics.
B) Probability amplitudes have no significance in quantum mechanics.
C) Probability amplitudes are used to determine the velocity of particles in quantum mechanics.
D) Probability amplitudes act as the equivalent of conventional probabilities in classical mechanics, with many analogous laws.
E) Probability amplitudes act as the equivalent of conventional probabilities in quantum mechanics, with many analogous laws.",E
138,furthest,1,0.24461959302425385,687,Which of the following is correct? What is the significance of probability amplitudes in quantum mechanics? from the following choices.,"Question: Which of the following is correct? What is the significance of probability amplitudes in quantum mechanics? from the following choices.
A) Probability amplitudes are used to determine the mass of particles in quantum mechanics.
B) Probability amplitudes have no significance in quantum mechanics.
C) Probability amplitudes are used to determine the velocity of particles in quantum mechanics.
D) Probability amplitudes act as the equivalent of conventional probabilities in classical mechanics, with many analogous laws.
E) Probability amplitudes act as the equivalent of conventional probabilities in quantum mechanics, with many analogous laws.",E
139,closest,1,0.07367772608995438,263,Select the most accurate option: What is a Hilbert space in quantum mechanics? among the listed options.,"Question: Select the most accurate option: What is a Hilbert space in quantum mechanics? among the listed options.
A) A complex vector space where the state of a classical mechanical structure is described by a vector |Ψ⟩.
B) A physical space where the state of a classical mechanical structure is described by a vector |Ψ⟩.
C) A physical space where the state of a quantum mechanical mechanism is described by a vector |Ψ⟩.
D) A mathematical space where the state of a classical mechanical mechanism is described by a vector |Ψ⟩.
E) A complex vector space where the state of a quantum mechanical framework is described by a vector |Ψ⟩.",E
139,furthest,1,0.3068324327468872,678,Determine the correct option: What is a Hilbert space in quantum mechanics? based on the given context.,"Question: Determine the correct option: What is a Hilbert space in quantum mechanics? based on the given context.
A) A complex vector space where the state of a classical mechanical structure is described by a vector |Ψ⟩.
B) A physical space where the state of a classical mechanical structure is described by a vector |Ψ⟩.
C) A physical space where the state of a quantum mechanical mechanism is described by a vector |Ψ⟩.
D) A mathematical space where the state of a classical mechanical framework is described by a vector |Ψ⟩.
E) A complex vector space where the state of a quantum mechanical structure is described by a vector |Ψ⟩.",E
140,closest,1,0.054579369723796844,1475,Identify the correct statement: What is the Roche limit? carefully.,"Question: Identify the correct statement: What is the Roche limit? carefully.
A) The Roche limit is the distance at which tidal effects would cause an object to rotate since the forces exerted by two massive bodies produce a torque on a third object.
B) The Roche limit is the distance at which tidal effects would cause an object to unite since differential force from a planet results in parts becoming attracted to one another.
C) The Roche limit is the distance at which tidal effects would cause a planet to disintegrate since differential force from an object overcomes the planet's core.
D) The Roche limit is the distance at which tidal effects would cause an object to disintegrate since differential force from a planet overcomes the attraction of the parts between them.
E) The Roche limit is the distance at which tidal effects would cause an object to break apart due to differential force from the planet overcoming the attraction of the parts of the object for one another, which depends on the object's density and composition, as well as the mass and size of the planet.",D
140,furthest,1,0.2625846862792969,1190,Identify the correct statement: What is the Roche limit? based on the given context.,"Question: Identify the correct statement: What is the Roche limit? based on the given context.
A) The Roche limit is the distance at which tidal effects would cause an object to rotate since the forces exerted by two massive bodies produce a torque on a third object.
B) The Roche limit is the distance at which tidal effects would cause an object to unite since differential force from a planet results in parts becoming attracted to one another.
C) The Roche limit is the distance at which tidal effects would cause a planet to disintegrate since differential force from an object overcomes the planet's core.
D) The Roche limit is the distance at which tidal effects would cause an object to disintegrate since differential force from a planet overcomes the attraction of the parts between them.
E) The Roche limit is the distance at which tidal effects would cause an object to break apart due to differential force from the planet overcoming the attraction of the parts of the object for one another, which depends on the object's density and composition, as well as the mass and size of the planet.",D
141,closest,1,0.10102219134569168,1206,Pick the best possible answer: What is the proposed name for the field that is responsible for cosmic inflation and the metric expansion of space? from the following choices.,"Question: Pick the best possible answer: What is the proposed name for the field that is responsible for cosmic inflation and the metric expansion of space? from the following choices.
A) Inflaton
B) Quanta
C) Scalar
D) Metric
E) Conformal cyclic cosmology",A
141,furthest,1,0.3369371294975281,174,Identify the correct statement: What is the proposed name for the field that is responsible for cosmic inflation and the metric expansion of space? among the listed options.,"Question: Identify the correct statement: What is the proposed name for the field that is responsible for cosmic inflation and the metric expansion of space? among the listed options.
A) Inflaton
B) Quanta
C) Scalar
D) Metric
E) Conformal cyclic cosmology",A
142,closest,1,0.08751577138900757,295,Determine the correct option: What is the significance of Baryon Acoustic Oscillations (BAOs) in the study of the universe?,"Question: Determine the correct option: What is the significance of Baryon Acoustic Oscillations (BAOs) in the study of the universe?
A) BAOs establish a preferred length scale for baryons, which can be used to detect a subtle preference for pairs of galaxies to be separated by 147 Mpc, compared to those separated by 130-160 Mpc.
B) BAOs help to determine the average temperature of the Universe by measuring the temperature of the cosmic microwave background radiation.
C) BAOs provide a way to measure the time it takes for a signal to reach its destination compared to the time it takes for background noise to dissipate.
D) BAOs can be used to make a two-dimensional map of the galaxy distribution in the Universe.
E) BAOs are used to measure the speed of light in the Universe.",A
142,furthest,1,0.26831430196762085,1590,What is the significance of Baryon Acoustic Oscillations (BAOs) in the study of the universe?,"Question: What is the significance of Baryon Acoustic Oscillations (BAOs) in the study of the universe?
A) BAOs establish a preferred length scale for baryons, which can be used to detect a subtle preference for pairs of galaxies to be separated by 147 Mpc, compared to those separated by 130-160 Mpc.
B) BAOs help to determine the average temperature of the Universe by measuring the temperature of the cosmic microwave background radiation.
C) BAOs provide a way to measure the time it takes for a signal to reach its destination compared to the time it takes for background noise to dissipate.
D) BAOs can be used to make a two-dimensional map of the galaxy distribution in the Universe.
E) BAOs are used to measure the speed of light in the Universe.",A
143,closest,1,0.13671408593654633,896,Which of the following is correct? What is spatial dispersion? based on the given context.,"Question: Which of the following is correct? What is spatial dispersion? based on the given context.
A) Spatial dispersion is a phenomenon in the physics of continuous media where material parameters such as permittivity or conductivity have dependence on time. It represents memory effects in mechanisms, commonly seen in optics and electronics.
B) Spatial dispersion is a phenomenon in the physics of continuous media where material parameters such as permittivity or conductivity have dependence on time. It represents spreading effects and is usually significant only at microscopic length scales.
C) Spatial dispersion is a phenomenon in the physics of continuous media where material parameters such as permittivity or conductivity have no dependence on wavevector. It represents memory effects in frameworks, commonly seen in optics and electronics.
D) Spatial dispersion is a phenomenon in the physics of continuous media where material parameters such as permittivity or conductivity have dependence on wavevector. It represents spreading effects and is usually significant only at microscopic length scales.
E) Spatial dispersion is a phenomenon in the physics of continuous media where material parameters such as permittivity or conductivity have dependence on wavevector. It represents memory effects in frameworks, commonly seen in optics and electronics.",D
143,furthest,1,0.5856267213821411,1067,Determine the correct option: What is spatial dispersion? among the listed options.,"Question: Determine the correct option: What is spatial dispersion? among the listed options.
A) Spatial dispersion is a phenomenon in the physics of continuous media where material parameters such as permittivity or conductivity have dependence on time. It represents memory effects in mechanisms, commonly seen in optics and electronics.
B) Spatial dispersion is a phenomenon in the physics of continuous media where material parameters such as permittivity or conductivity have dependence on time. It represents spreading effects and is usually significant only at microscopic length scales.
C) Spatial dispersion is a phenomenon in the physics of continuous media where material parameters such as permittivity or conductivity have no dependence on wavevector. It represents memory effects in structures, commonly seen in optics and electronics.
D) Spatial dispersion is a phenomenon in the physics of continuous media where material parameters such as permittivity or conductivity have dependence on wavevector. It represents spreading effects and is usually significant only at microscopic length scales.
E) Spatial dispersion is a phenomenon in the physics of continuous media where material parameters such as permittivity or conductivity have dependence on wavevector. It represents memory effects in structures, commonly seen in optics and electronics.",D
144,closest,1,0.09708260744810104,1502,Identify the correct statement: What is the cause of the observed change in the periods of moons orbiting a distant planet when measured from Earth? carefully.,"Question: Identify the correct statement: What is the cause of the observed change in the periods of moons orbiting a distant planet when measured from Earth? carefully.
A) The contrast in the size of the planet's moons when the Earth is at the point in its orbit that is closest to its planet than when the Earth is at the farthest point in its orbit, the contrast in distance being the diameter of the Earth's orbit around the Sun.
B) The distinction in the speed of light when the Earth is at the point in its orbit that is closest to its planet than when the Earth is at the farthest point in its orbit, the distinction in distance being the diameter of the Earth's orbit around the Sun.
C) The contrast in distance travelled by light from the planet (or its moon) to Earth when the Earth is at the point in its orbit that is closest to its planet than when the Earth is at the farthest point in its orbit, the contrast in distance being the diameter of the Earth's orbit around the Sun.
D) The contrast in the atmospheric conditions of the planet when the Earth is at the point in its orbit that is closest to its planet than when the Earth is at the farthest point in its orbit, the contrast in distance being the diameter of the Earth's orbit around the Sun.
E) The variation in the gravitational pull of the planet on its moons when the Earth is at the point in its orbit that is closest to its planet than when the Earth is at the farthest point in its orbit, the variation in distance being the diameter of the Earth's orbit around the Sun.",C
144,furthest,1,0.2688453495502472,1597,Select the most accurate option: What is the cause of the observed change in the periods of moons orbiting a distant planet when measured from Earth? carefully.,"Question: Select the most accurate option: What is the cause of the observed change in the periods of moons orbiting a distant planet when measured from Earth? carefully.
A) The distinction in the size of the planet's moons when the Earth is at the point in its orbit that is closest to its planet than when the Earth is at the farthest point in its orbit, the distinction in distance being the diameter of the Earth's orbit around the Sun.
B) The distinction in the speed of light when the Earth is at the point in its orbit that is closest to its planet than when the Earth is at the farthest point in its orbit, the distinction in distance being the diameter of the Earth's orbit around the Sun.
C) The distinction in distance travelled by light from the planet (or its moon) to Earth when the Earth is at the point in its orbit that is closest to its planet than when the Earth is at the farthest point in its orbit, the distinction in distance being the diameter of the Earth's orbit around the Sun.
D) The distinction in the atmospheric conditions of the planet when the Earth is at the point in its orbit that is closest to its planet than when the Earth is at the farthest point in its orbit, the distinction in distance being the diameter of the Earth's orbit around the Sun.
E) The distinction in the gravitational pull of the planet on its moons when the Earth is at the point in its orbit that is closest to its planet than when the Earth is at the farthest point in its orbit, the distinction in distance being the diameter of the Earth's orbit around the Sun.",C
145,closest,1,0.07327630370855331,944,Pick the best possible answer: What is X-ray pulsar-based navigation (XNAV)? among the listed options.,"Question: Pick the best possible answer: What is X-ray pulsar-based navigation (XNAV)? among the listed options.
A) X-ray pulsar-based navigation (XNAV) is a navigation technique that uses the periodic X-ray signals emitted from pulsars to determine the location of a vehicle in the Earth's atmosphere.
B) X-ray pulsar-based navigation (XNAV) is a navigation technique that uses the periodic radio signals emitted from pulsars to determine the location of a vehicle in deep space, such as a spacecraft.
C) X-ray pulsar-based navigation (XNAV) is a navigation technique that uses the periodic X-ray signals emitted from satellites to determine the location of a vehicle in deep space, such as a spacecraft.
D) X-ray pulsar-based navigation (XNAV) is a navigation technique that uses the periodic X-ray signals emitted from pulsars to determine the location of a vehicle in deep space, such as a spacecraft.
E) X-ray pulsar-based navigation (XNAV) is a navigation technique that uses the periodic radio signals emitted from satellites to determine the location of a vehicle in deep space, such as a spacecraft.",D
145,furthest,1,0.15788070857524872,1076,Pick the best possible answer: What is X-ray pulsar-based navigation (XNAV)? among the listed options.,"Question: Pick the best possible answer: What is X-ray pulsar-based navigation (XNAV)? among the listed options.
A) X-ray pulsar-based navigation (XNAV) is a navigation technique that uses the periodic X-ray signals emitted from pulsars to determine the location of a vehicle in the Earth's atmosphere.
B) X-ray pulsar-based navigation (XNAV) is a navigation technique that uses the periodic radio signals emitted from pulsars to determine the location of a vehicle in deep space, such as a spacecraft.
C) X-ray pulsar-based navigation (XNAV) is a navigation technique that uses the periodic X-ray signals emitted from satellites to determine the location of a vehicle in deep space, such as a spacecraft.
D) X-ray pulsar-based navigation (XNAV) is a navigation technique that uses the periodic X-ray signals emitted from pulsars to determine the location of a vehicle in deep space, such as a spacecraft.
E) X-ray pulsar-based navigation (XNAV) is a navigation technique that uses the periodic radio signals emitted from satellites to determine the location of a vehicle in deep space, such as a spacecraft.",D
146,closest,1,0.07205434888601303,520,Choose the correct answer: What is the main sequence in astronomy? among the listed options.,"Question: Choose the correct answer: What is the main sequence in astronomy? among the listed options.
A) The main sequence is a type of galaxy that contains a large number of stars.
B) The main sequence is a type of black hole that is formed from the collapse of a massive star.
C) The main sequence is a continuous and distinctive band of stars that appears on plots of stellar color versus brightness. Stars on this band are known as main-sequence stars or dwarf stars.
D) The main sequence is a group of planets that orbit around a star in a solar mechanism.
E) The main sequence is a type of nebula that is formed from the explosion of a supernova.",C
146,furthest,1,0.4972340166568756,962,Pick the best possible answer: What is the main sequence in astronomy? based on the given context.,"Question: Pick the best possible answer: What is the main sequence in astronomy? based on the given context.
A) The main sequence is a type of galaxy that contains a large number of stars.
B) The main sequence is a type of black hole that is formed from the collapse of a massive star.
C) The main sequence is a continuous and distinctive band of stars that appears on plots of stellar color versus brightness. Stars on this band are known as main-sequence stars or dwarf stars.
D) The main sequence is a group of planets that orbit around a star in a solar mechanism.
E) The main sequence is a type of nebula that is formed from the explosion of a supernova.",C
147,closest,1,0.06844028830528259,1523,Select the most accurate option: What is the Penrose process? based on the given context.,"Question: Select the most accurate option: What is the Penrose process? based on the given context.
A) The Penrose process is a mechanism through which objects can emerge from the ergosphere with less energy than they entered with, taking energy from the rotational energy of the black hole and speeding up its rotation.
B) The Penrose process is a mechanism through which objects can emerge from the ergosphere with the same energy as they entered with, taking energy from the rotational energy of the black hole and maintaining its rotation.
C) The Penrose process is a mechanism through which objects can emerge from the ergosphere with more energy than they entered with, taking extra energy from the rotational energy of the black hole and slowing down its rotation.
D) The Penrose process is a mechanism through which objects can emerge from the event horizon with less energy than they entered with, taking energy from the rotational energy of the black hole and speeding up its rotation.
E) The Penrose process is a mechanism through which objects can emerge from the event horizon with more energy than they entered with, taking extra energy from the rotational energy of the black hole and slowing down its rotation.",C
147,furthest,1,0.5430000424385071,1859,What is the Penrose process?,"Question: What is the Penrose process?
A) The Penrose process is a mechanism through which objects can emerge from the ergosphere with less energy than they entered with, taking energy from the rotational energy of the black hole and speeding up its rotation.
B) The Penrose process is a mechanism through which objects can emerge from the ergosphere with the same energy as they entered with, taking energy from the rotational energy of the black hole and maintaining its rotation.
C) The Penrose process is a mechanism through which objects can emerge from the ergosphere with more energy than they entered with, taking extra energy from the rotational energy of the black hole and slowing down its rotation.
D) The Penrose process is a mechanism through which objects can emerge from the event horizon with less energy than they entered with, taking energy from the rotational energy of the black hole and speeding up its rotation.
E) The Penrose process is a mechanism through which objects can emerge from the event horizon with more energy than they entered with, taking extra energy from the rotational energy of the black hole and slowing down its rotation.",C
148,closest,1,0.06796937435865402,471,Select the most accurate option: What is the interstellar medium (ISM)?,"Question: Select the most accurate option: What is the interstellar medium (ISM)?
A) The matter and radiation that exist in the space between the star structures in a galaxy, including gas in ionic, atomic, and molecular form, as well as dust and cosmic rays. It fills interstellar space and blends smoothly into the surrounding intergalactic space.
B) The matter and radiation that exist in the space between stars in a galaxy, including gas in ionic, atomic, and molecular form, as well as dust and cosmic rays. It fills interstellar space and blends smoothly into the surrounding interplanetary space.
C) The matter and radiation that exist in the space between galaxies, including gas in ionic, atomic, and molecular form, as well as dust and cosmic rays. It fills intergalactic space and blends smoothly into the surrounding interstellar space.
D) The matter and radiation that exist in the space between planets in a solar structure, including gas in ionic, atomic, and molecular form, as well as dust and cosmic rays. It fills interplanetary space and blends smoothly into the surrounding interstellar space.
E) The matter and radiation that exist within a star, including gas in ionic, atomic, and molecular form, as well as dust and cosmic rays. It fills the star and blends smoothly into the surrounding interstellar space.",A
148,furthest,1,0.1996634155511856,744,Determine the correct option: What is the interstellar medium (ISM)? from the following choices.,"Question: Determine the correct option: What is the interstellar medium (ISM)? from the following choices.
A) The matter and radiation that exist in the space between the star mechanisms in a galaxy, including gas in ionic, atomic, and molecular form, as well as dust and cosmic rays. It fills interstellar space and blends smoothly into the surrounding intergalactic space.
B) The matter and radiation that exist in the space between stars in a galaxy, including gas in ionic, atomic, and molecular form, as well as dust and cosmic rays. It fills interstellar space and blends smoothly into the surrounding interplanetary space.
C) The matter and radiation that exist in the space between galaxies, including gas in ionic, atomic, and molecular form, as well as dust and cosmic rays. It fills intergalactic space and blends smoothly into the surrounding interstellar space.
D) The matter and radiation that exist in the space between planets in a solar structure, including gas in ionic, atomic, and molecular form, as well as dust and cosmic rays. It fills interplanetary space and blends smoothly into the surrounding interstellar space.
E) The matter and radiation that exist within a star, including gas in ionic, atomic, and molecular form, as well as dust and cosmic rays. It fills the star and blends smoothly into the surrounding interstellar space.",A
149,closest,1,0.032488200813531876,1732,Which of the following is correct? Which of the following is an accurate definition of dynamic scaling in self-similar frameworks? carefully.,"Question: Which of the following is correct? Which of the following is an accurate definition of dynamic scaling in self-similar frameworks? carefully.
A) Dynamic scaling refers to the evolution of self-similar structures, where data obtained from snapshots at fixed times exhibits similarity to the respective data taken from snapshots of any earlier or later time. This similarity is tested by a certain time-dependent stochastic variable x.
B) Dynamic scaling refers to the non-evolution of self-similar structures, where data obtained from snapshots at fixed times is similar to the respective data taken from snapshots of any earlier or later time. This similarity is tested by a certain time-dependent stochastic variable x.
C) Dynamic scaling refers to the evolution of self-similar mechanisms, where data obtained from snapshots at fixed times is dissimilar to the respective data taken from snapshots of any earlier or later time. This dissimilarity is tested by a certain time-independent stochastic variable y.
D) Dynamic scaling refers to the non-evolution of self-similar mechanisms, where data obtained from snapshots at fixed times is dissimilar to the respective data taken from snapshots of any earlier or later time. This dissimilarity is tested by a certain time-independent stochastic variable y.
E) Dynamic scaling refers to the evolution of self-similar mechanisms, where data obtained from snapshots at fixed times is independent of the respective data taken from snapshots of any earlier or later time. This independence is tested by a certain time-dependent stochastic variable z.",A
149,furthest,1,0.3680070638656616,1434,Which of the following is an accurate definition of dynamic scaling in self-similar systems?,"Question: Which of the following is an accurate definition of dynamic scaling in self-similar systems?
A) Dynamic scaling refers to the evolution of self-similar systems, where data obtained from snapshots at fixed times exhibits similarity to the respective data taken from snapshots of any earlier or later time. This similarity is tested by a certain time-dependent stochastic variable x.
B) Dynamic scaling refers to the non-evolution of self-similar systems, where data obtained from snapshots at fixed times is similar to the respective data taken from snapshots of any earlier or later time. This similarity is tested by a certain time-dependent stochastic variable x.
C) Dynamic scaling refers to the evolution of self-similar systems, where data obtained from snapshots at fixed times is dissimilar to the respective data taken from snapshots of any earlier or later time. This dissimilarity is tested by a certain time-independent stochastic variable y.
D) Dynamic scaling refers to the non-evolution of self-similar systems, where data obtained from snapshots at fixed times is dissimilar to the respective data taken from snapshots of any earlier or later time. This dissimilarity is tested by a certain time-independent stochastic variable y.
E) Dynamic scaling refers to the evolution of self-similar systems, where data obtained from snapshots at fixed times is independent of the respective data taken from snapshots of any earlier or later time. This independence is tested by a certain time-dependent stochastic variable z.",A
150,closest,1,0.0452946238219738,425,Choose the correct answer: What is the relationship between dielectric loss and the transparency of a material? carefully.,"Question: Choose the correct answer: What is the relationship between dielectric loss and the transparency of a material? carefully.
A) Dielectric loss in a material can cause refraction, which can lower the material's transparency at higher frequencies.
B) Dielectric loss in a material can cause absorption, which can reduce the material's transparency at higher frequencies.
C) Dielectric loss in a material can cause reflection, which can raise the material's transparency at higher frequencies.
D) Dielectric loss in a material has no effect on the material's transparency at any frequency.
E) Dielectric loss in a material can cause scattering, which can enhance the material's transparency at higher frequencies.",B
150,furthest,1,0.2530003488063812,1231,Determine the correct option: What is the relationship between dielectric loss and the transparency of a material? based on the given context.,"Question: Determine the correct option: What is the relationship between dielectric loss and the transparency of a material? based on the given context.
A) Dielectric loss in a material can cause refraction, which can lower the material's transparency at higher frequencies.
B) Dielectric loss in a material can cause absorption, which can reduce the material's transparency at higher frequencies.
C) Dielectric loss in a material can cause reflection, which can enhance the material's transparency at higher frequencies.
D) Dielectric loss in a material has no effect on the material's transparency at any frequency.
E) Dielectric loss in a material can cause scattering, which can raise the material's transparency at higher frequencies.",B
151,closest,1,0.07213413715362549,227,Determine the correct option: What is the revised view of the atmosphere's nature based on the time-varying multistability that is associated with the modulation of large-scale processes and aggregated feedback of small-scale processes? among the listed options.,"Question: Determine the correct option: What is the revised view of the atmosphere's nature based on the time-varying multistability that is associated with the modulation of large-scale processes and aggregated feedback of small-scale processes? among the listed options.
A) The atmosphere is a structure that is only influenced by large-scale processes and does not exhibit any small-scale feedback.
B) The atmosphere possesses both chaos and order, including emerging organized mechanisms and time-varying forcing from recurrent seasons.
C) The atmosphere is a framework that is only influenced by small-scale processes and does not exhibit any large-scale modulation.
D) The atmosphere is a completely chaotic framework with no order or organization.
E) The atmosphere is a completely ordered mechanism with no chaos or randomness.",B
151,furthest,1,0.12871208786964417,1592,Pick the best possible answer: What is the revised view of the atmosphere's nature based on the time-varying multistability that is associated with the modulation of large-scale processes and aggregated feedback of small-scale processes? among the listed options.,"Question: Pick the best possible answer: What is the revised view of the atmosphere's nature based on the time-varying multistability that is associated with the modulation of large-scale processes and aggregated feedback of small-scale processes? among the listed options.
A) The atmosphere is a framework that is only influenced by large-scale processes and does not exhibit any small-scale feedback.
B) The atmosphere possesses both chaos and order, including emerging organized structures and time-varying forcing from recurrent seasons.
C) The atmosphere is a mechanism that is only influenced by small-scale processes and does not exhibit any large-scale modulation.
D) The atmosphere is a completely chaotic mechanism with no order or organization.
E) The atmosphere is a completely ordered framework with no chaos or randomness.",B
152,closest,1,0.1563533991575241,1723,Select the most accurate option: What is a planetary structure? carefully.,"Question: Select the most accurate option: What is a planetary structure? carefully.
A) A mechanism of planets that are all located in the same solar mechanism.
B) A mechanism of planets that are all the same size and shape.
C) Any set of gravitationally bound non-stellar objects in or out of orbit around a star or star structure.
D) A structure of planets that are all located in the same galaxy.
E) A structure of planets that are all made of gas.",C
152,furthest,1,0.42369982600212097,1142,Which of the following statements is true about the categorization of planetary systems according to their orbital dynamics?,"Question: Which of the following statements is true about the categorization of planetary systems according to their orbital dynamics?
A) Planetary systems cannot be categorized based on their orbital dynamics.
B) Planetary systems can be categorized as resonant, non-resonant-interacting, hierarchical, or some combination of these, but only based on the number of planets in the system.
C) Planetary systems can only be categorized as resonant or non-resonant-interacting.
D) Planetary systems can be categorized as resonant, non-resonant-interacting, hierarchical, or some combination of these.
E) Planetary systems can only be categorized as hierarchical or non-hierarchical.",D
153,closest,1,0.05933761969208717,1560,Select the most accurate option: What is the reason that it is nearly impossible to see light emitted at the Lyman-alpha transition wavelength from a star farther than a few hundred light years from Earth? from the following choices.,"Question: Select the most accurate option: What is the reason that it is nearly impossible to see light emitted at the Lyman-alpha transition wavelength from a star farther than a few hundred light years from Earth? from the following choices.
A) Far ultraviolet light is absorbed effectively by the charged components of the ISM, including atomic helium, which has a typical absorption wavelength of about 121.5 nanometers, the Lyman-alpha transition.
B) Far ultraviolet light is absorbed effectively by the neutral components of the ISM, including atomic hydrogen, which has a typical absorption wavelength of about 121.5 nanometers, the Lyman-alpha transition.
C) Far ultraviolet light is absorbed effectively by the charged components of the ISM, including atomic hydrogen, which has a typical absorption wavelength of about 121.5 nanometers, the Lyman-alpha transition.
D) Far ultraviolet light is absorbed effectively by the neutral components of the ISM, including atomic helium, which has a typical absorption wavelength of about 121.5 nanometers, the Lyman-alpha transition.
E) Far ultraviolet light is absorbed effectively by the neutral components of the ISM, including atomic hydrogen, which has a typical absorption wavelength of about 212.5 nanometers, the Lyman-alpha transition.",B
153,furthest,1,0.18049383163452148,1735,Select the most accurate option: What is the reason that it is nearly impossible to see light emitted at the Lyman-alpha transition wavelength from a star farther than a few hundred light years from Earth? carefully.,"Question: Select the most accurate option: What is the reason that it is nearly impossible to see light emitted at the Lyman-alpha transition wavelength from a star farther than a few hundred light years from Earth? carefully.
A) Far ultraviolet light is absorbed effectively by the charged components of the ISM, including atomic helium, which has a typical absorption wavelength of about 121.5 nanometers, the Lyman-alpha transition.
B) Far ultraviolet light is absorbed effectively by the neutral components of the ISM, including atomic hydrogen, which has a typical absorption wavelength of about 121.5 nanometers, the Lyman-alpha transition.
C) Far ultraviolet light is absorbed effectively by the charged components of the ISM, including atomic hydrogen, which has a typical absorption wavelength of about 121.5 nanometers, the Lyman-alpha transition.
D) Far ultraviolet light is absorbed effectively by the neutral components of the ISM, including atomic helium, which has a typical absorption wavelength of about 121.5 nanometers, the Lyman-alpha transition.
E) Far ultraviolet light is absorbed effectively by the neutral components of the ISM, including atomic hydrogen, which has a typical absorption wavelength of about 212.5 nanometers, the Lyman-alpha transition.",B
154,closest,1,0.09766886383295059,1664,Choose the correct answer: What can be inferred about the electronic entropy of insulators and metals based on their densities of states at the Fermi level? based on the given context.,"Question: Choose the correct answer: What can be inferred about the electronic entropy of insulators and metals based on their densities of states at the Fermi level? based on the given context.
A) Insulators and metals have zero density of states at the Fermi level, and therefore, their density of states-based electronic entropy is essentially zero.
B) Insulators have zero density of states at the Fermi level, and therefore, their density of states-based electronic entropy is essentially zero. Metals have non-zero density of states at the Fermi level, and thus, their electronic entropy should be proportional to the temperature and density of states at the Fermi level.
C) Insulators have non-zero density of states at the Fermi level, and therefore, their density of states-based electronic entropy is proportional to the temperature and density of states at the Fermi level. Metals have zero density of states at the Fermi level, and thus, their electronic entropy is essentially zero.
D) Insulators and metals have varying densities of states at the Fermi level, and thus, their electronic entropy may or may not be proportional to the temperature and density of states at the Fermi level.
E) Insulators and metals have non-zero density of states at the Fermi level, and thus, their electronic entropy should be proportional to the temperature and density of states at the Fermi level.",B
154,furthest,1,0.2459573596715927,46,Identify the correct statement: What can be inferred about the electronic entropy of insulators and metals based on their densities of states at the Fermi level? based on the given context.,"Question: Identify the correct statement: What can be inferred about the electronic entropy of insulators and metals based on their densities of states at the Fermi level? based on the given context.
A) Insulators and metals have zero density of states at the Fermi level, and therefore, their density of states-based electronic entropy is essentially zero.
B) Insulators have zero density of states at the Fermi level, and therefore, their density of states-based electronic entropy is essentially zero. Metals have non-zero density of states at the Fermi level, and thus, their electronic entropy should be proportional to the temperature and density of states at the Fermi level.
C) Insulators have non-zero density of states at the Fermi level, and therefore, their density of states-based electronic entropy is proportional to the temperature and density of states at the Fermi level. Metals have zero density of states at the Fermi level, and thus, their electronic entropy is essentially zero.
D) Insulators and metals have varying densities of states at the Fermi level, and thus, their electronic entropy may or may not be proportional to the temperature and density of states at the Fermi level.
E) Insulators and metals have non-zero density of states at the Fermi level, and thus, their electronic entropy should be proportional to the temperature and density of states at the Fermi level.",B
155,closest,1,0.07821909338235855,537,Determine the correct option: What is the term used in astrophysics to describe light-matter interactions resulting in energy shifts in the radiation field? carefully.,"Question: Determine the correct option: What is the term used in astrophysics to describe light-matter interactions resulting in energy shifts in the radiation field? carefully.
A) Blueshifting
B) Redshifting
C) Reddening
D) Whitening
E) Yellowing",C
155,furthest,1,0.21350163221359253,1398,What is the term used in astrophysics to describe light-matter interactions resulting in energy shifts in the radiation field?,"Question: What is the term used in astrophysics to describe light-matter interactions resulting in energy shifts in the radiation field?
A) Blueshifting
B) Redshifting
C) Reddening
D) Whitening
E) Yellowing",C
156,closest,1,0.07502372562885284,315,Select the most accurate option: What is the reason for the sun appearing slightly yellowish when viewed from Earth? from the following choices.,"Question: Select the most accurate option: What is the reason for the sun appearing slightly yellowish when viewed from Earth? from the following choices.
A) The sun appears yellowish due to a reflection of the Earth's atmosphere.
B) The longer wavelengths of light, such as red and yellow, are not scattered away and are directly visible when looking towards the sun.
C) The sun appears yellowish due to the scattering of all colors of light, mainly blue and green, in the Earth's atmosphere.
D) The sun emits a yellow light due to its own spectrum, which is visible when viewed from Earth.
E) The atmosphere absorbs the shorter wavelengths of light, such as blue and red, leaving only the longer wavelengths of light, such as green and yellow, visible when looking towards the sun.",B
156,furthest,1,0.19131135940551758,1784,Determine the correct option: What is the reason for the sun appearing slightly yellowish when viewed from Earth? carefully.,"Question: Determine the correct option: What is the reason for the sun appearing slightly yellowish when viewed from Earth? carefully.
A) The sun appears yellowish due to a reflection of the Earth's atmosphere.
B) The longer wavelengths of light, such as red and yellow, are not scattered away and are directly visible when looking towards the sun.
C) The sun appears yellowish due to the scattering of all colors of light, mainly blue and green, in the Earth's atmosphere.
D) The sun emits a yellow light due to its own spectrum, which is visible when viewed from Earth.
E) The atmosphere absorbs the shorter wavelengths of light, such as blue and red, leaving only the longer wavelengths of light, such as green and yellow, visible when looking towards the sun.",B
157,closest,1,0.05310375988483429,1426,Identify the correct statement: What is the reason behind the adoption of a logarithmic scale of 5√100 ≈ 2.512 between magnitudes in astronomy? among the listed options.,"Question: Identify the correct statement: What is the reason behind the adoption of a logarithmic scale of 5√100 ≈ 2.512 between magnitudes in astronomy? among the listed options.
A) The logarithmic scale was adopted to ensure that five magnitude steps corresponded precisely to a factor of 100 in brightness.
B) The logarithmic scale was adopted to measure the size of stars.
C) The logarithmic scale was adopted to measure the intensity of light coming from a star.
D) The logarithmic scale was adopted to ensure that the apparent sizes of stars were not spurious.
E) The logarithmic scale was adopted to measure the distance between stars.",A
157,furthest,1,0.18334834277629852,1412,Select the most accurate option: What is the reason behind the adoption of a logarithmic scale of 5√100 ≈ 2.512 between magnitudes in astronomy? based on the given context.,"Question: Select the most accurate option: What is the reason behind the adoption of a logarithmic scale of 5√100 ≈ 2.512 between magnitudes in astronomy? based on the given context.
A) The logarithmic scale was adopted to ensure that five magnitude steps corresponded precisely to a factor of 100 in brightness.
B) The logarithmic scale was adopted to measure the size of stars.
C) The logarithmic scale was adopted to measure the intensity of light coming from a star.
D) The logarithmic scale was adopted to ensure that the apparent sizes of stars were not spurious.
E) The logarithmic scale was adopted to measure the distance between stars.",A
158,closest,1,0.05998711660504341,794,Pick the best possible answer: What are the two main factors that cause resistance in a metal?,"Question: Pick the best possible answer: What are the two main factors that cause resistance in a metal?
A) The amount of resistance in a metal is mainly caused by the temperature and the pressure applied to the metal. Higher temperatures cause bigger vibrations, and pressure causes the metal to become more compact, leading to more resistance.
B) The amount of resistance in a metal is mainly caused by the temperature and the purity of the metal. Higher temperatures cause bigger vibrations, and a mixture of different ions acts as an irregularity.
C) The amount of resistance in a metal is mainly caused by the temperature and the thickness of the metal. Higher temperatures cause bigger vibrations, and thicker metals have more irregularities, leading to more resistance.
D) The amount of resistance in a metal is mainly caused by the purity of the metal and the amount of pressure applied to the metal. A mixture of different ions acts as an irregularity, and pressure causes the metal to become more compact, leading to more resistance.
E) The amount of resistance in a metal is mainly caused by the purity of the metal and the thickness of the metal. A mixture of different ions acts as an irregularity, and thicker metals have more irregularities, leading to more resistance.",B
158,furthest,1,0.2549000382423401,1329,Determine the correct option: What are the two main factors that cause resistance in a metal? based on the given context.,"Question: Determine the correct option: What are the two main factors that cause resistance in a metal? based on the given context.
A) The amount of resistance in a metal is mainly caused by the temperature and the pressure applied to the metal. Higher temperatures cause bigger vibrations, and pressure causes the metal to become more compact, leading to more resistance.
B) The amount of resistance in a metal is mainly caused by the temperature and the purity of the metal. Higher temperatures cause bigger vibrations, and a mixture of different ions acts as an irregularity.
C) The amount of resistance in a metal is mainly caused by the temperature and the thickness of the metal. Higher temperatures cause bigger vibrations, and thicker metals have more irregularities, leading to more resistance.
D) The amount of resistance in a metal is mainly caused by the purity of the metal and the amount of pressure applied to the metal. A mixture of different ions acts as an irregularity, and pressure causes the metal to become more compact, leading to more resistance.
E) The amount of resistance in a metal is mainly caused by the purity of the metal and the thickness of the metal. A mixture of different ions acts as an irregularity, and thicker metals have more irregularities, leading to more resistance.",B
159,closest,1,0.06823493540287018,93,Which of the following is correct? What is the significance of the discovery of the Crab pulsar?,"Question: Which of the following is correct? What is the significance of the discovery of the Crab pulsar?
A) The discovery of the Crab pulsar confirmed the black hole model of pulsars.
B) The discovery of the Crab pulsar confirmed the rotating neutron star model of pulsars.
C) The discovery of the Crab pulsar confirmed the white dwarf model of pulsars.
D) The discovery of the Crab pulsar disproved the rotating neutron star model of pulsars.
E) The discovery of the Crab pulsar confirmed the red giant model of pulsars.",B
159,furthest,1,0.18167339265346527,494,Identify the correct statement: What is the significance of the discovery of the Crab pulsar? from the following choices.,"Question: Identify the correct statement: What is the significance of the discovery of the Crab pulsar? from the following choices.
A) The discovery of the Crab pulsar confirmed the black hole model of pulsars.
B) The discovery of the Crab pulsar confirmed the rotating neutron star model of pulsars.
C) The discovery of the Crab pulsar confirmed the white dwarf model of pulsars.
D) The discovery of the Crab pulsar disproved the rotating neutron star model of pulsars.
E) The discovery of the Crab pulsar confirmed the red giant model of pulsars.",B
160,closest,1,0.06398510187864304,1622,Choose the correct answer: What are the four qualitative levels of crystallinity described by geologists?,"Question: Choose the correct answer: What are the four qualitative levels of crystallinity described by geologists?
A) Holocrystalline, hypocrystalline, hypercrystalline, and holohyaline
B) Holocrystalline, hypocrystalline, hypohyaline, and holohyaline
C) Holocrystalline, hypohyaline, hypercrystalline, and holohyaline
D) Holocrystalline, hypocrystalline, hypercrystalline, and hyperhyaline
E) Holocrystalline, hypocrystalline, hypohyaline, and hyperhyaline",B
160,furthest,1,0.3791901767253876,894,Determine the correct option: What are the four qualitative levels of crystallinity described by geologists? based on the given context.,"Question: Determine the correct option: What are the four qualitative levels of crystallinity described by geologists? based on the given context.
A) Holocrystalline, hypocrystalline, hypercrystalline, and holohyaline
B) Holocrystalline, hypocrystalline, hypohyaline, and holohyaline
C) Holocrystalline, hypohyaline, hypercrystalline, and holohyaline
D) Holocrystalline, hypocrystalline, hypercrystalline, and hyperhyaline
E) Holocrystalline, hypocrystalline, hypohyaline, and hyperhyaline",B
161,closest,1,0.044139232486486435,428,"Which of the following is correct? What is power density in the context of energy frameworks, and how does it differ between renewable and non-renewable energy sources? carefully.","Question: Which of the following is correct? What is power density in the context of energy frameworks, and how does it differ between renewable and non-renewable energy sources? carefully.
A) Power density is a measure of the amount of power obtained per unit of Earth surface area used by a specific energy framework, including all supporting infrastructure, manufacturing, mining of fuel (if applicable) and decommissioning. Both renewable and non-renewable energy sources have similar power density, which means that the same amount of power can be obtained from power plants occupying similar areas.
B) Power density is a measure of the amount of power obtained per unit of Earth surface area used by a specific energy framework, including all supporting infrastructure, manufacturing, mining of fuel (if applicable) and decommissioning. Fossil fuels and nuclear power have high power density, which means large power can be drawn from power plants occupying relatively small areas. Renewable energy sources have power density at least three orders of magnitude smaller and, for the same energy output, they need to occupy accordingly larger areas.
C) Power density is a measure of the amount of power obtained per unit of Earth surface area used by a specific energy structure, including all supporting infrastructure, manufacturing, mining of fuel (if applicable) and decommissioning. Renewable energy sources have higher power density than non-renewable energy sources, which means that they can produce more power from power plants occupying smaller areas.
D) Power density is a measure of the amount of power obtained per unit of Earth surface area used by a specific energy structure, including all supporting infrastructure, manufacturing, mining of fuel (if applicable) and decommissioning. Fossil fuels and nuclear power have low power density, which means that they need to occupy larger areas to produce the same amount of power as renewable energy sources.
E) Power density is a measure of the amount of power obtained per unit of Earth surface area used by a specific energy mechanism, including all supporting infrastructure, manufacturing, mining of fuel (if applicable) and decommissioning. Both renewable and non-renewable energy sources have low power density, which means that they need to occupy larger areas to produce the same amount of power.",B
161,furthest,1,0.42468687891960144,1189,"What is power density in the context of energy systems, and how does it differ between renewable and non-renewable energy sources?","Question: What is power density in the context of energy systems, and how does it differ between renewable and non-renewable energy sources?
A) Power density is a measure of the amount of power obtained per unit of Earth surface area used by a specific energy system, including all supporting infrastructure, manufacturing, mining of fuel (if applicable) and decommissioning. Both renewable and non-renewable energy sources have similar power density, which means that the same amount of power can be obtained from power plants occupying similar areas.
B) Power density is a measure of the amount of power obtained per unit of Earth surface area used by a specific energy system, including all supporting infrastructure, manufacturing, mining of fuel (if applicable) and decommissioning. Fossil fuels and nuclear power have high power density, which means large power can be drawn from power plants occupying relatively small areas. Renewable energy sources have power density at least three orders of magnitude smaller and, for the same energy output, they need to occupy accordingly larger areas.
C) Power density is a measure of the amount of power obtained per unit of Earth surface area used by a specific energy system, including all supporting infrastructure, manufacturing, mining of fuel (if applicable) and decommissioning. Renewable energy sources have higher power density than non-renewable energy sources, which means that they can produce more power from power plants occupying smaller areas.
D) Power density is a measure of the amount of power obtained per unit of Earth surface area used by a specific energy system, including all supporting infrastructure, manufacturing, mining of fuel (if applicable) and decommissioning. Fossil fuels and nuclear power have low power density, which means that they need to occupy larger areas to produce the same amount of power as renewable energy sources.
E) Power density is a measure of the amount of power obtained per unit of Earth surface area used by a specific energy system, including all supporting infrastructure, manufacturing, mining of fuel (if applicable) and decommissioning. Both renewable and non-renewable energy sources have low power density, which means that they need to occupy larger areas to produce the same amount of power.",B
162,closest,1,0.08648928254842758,1856,Pick the best possible answer: What is emissivity?,"Question: Pick the best possible answer: What is emissivity?
A) Emissivity is a measure of how well a surface resists deformation under stress.
B) Emissivity is a measure of how well a surface conducts heat.
C) Emissivity is a measure of how well a surface absorbs and emits thermal radiation.
D) Emissivity is a measure of how well a surface reflects visible light.
E) Emissivity is a measure of how well a surface absorbs and emits sound waves.",C
162,furthest,1,0.16470961272716522,570,Select the most accurate option: What is emissivity? carefully.,"Question: Select the most accurate option: What is emissivity? carefully.
A) Emissivity is a measure of how well a surface resists deformation under stress.
B) Emissivity is a measure of how well a surface conducts heat.
C) Emissivity is a measure of how well a surface absorbs and emits thermal radiation.
D) Emissivity is a measure of how well a surface reflects visible light.
E) Emissivity is a measure of how well a surface absorbs and emits sound waves.",C
163,closest,1,0.05949544534087181,1604,Which of the following is correct? What is the Evans balance? carefully.,"Question: Which of the following is correct? What is the Evans balance? carefully.
A) The Evans balance is a framework used to measure the change in weight of a sample when an electromagnet is turned on, which is proportional to the susceptibility.
B) The Evans balance is a framework used to measure the dependence of the NMR frequency of a liquid sample on its shape or orientation to determine its susceptibility.
C) The Evans balance is a mechanism used to measure the magnetic field distortion around a sample immersed in water inside an MR scanner to determine its susceptibility.
D) The Evans balance is a framework used to measure the susceptibility of a sample by measuring the force change on a strong compact magnet upon insertion of the sample.
E) The Evans balance is a structure used to measure the magnetic susceptibility of most crystals, which is not a scalar quantity.",D
163,furthest,1,0.3373492360115051,1147,Identify the correct statement: What is the Evans balance? based on the given context.,"Question: Identify the correct statement: What is the Evans balance? based on the given context.
A) The Evans balance is a structure used to measure the change in weight of a sample when an electromagnet is turned on, which is proportional to the susceptibility.
B) The Evans balance is a structure used to measure the dependence of the NMR frequency of a liquid sample on its shape or orientation to determine its susceptibility.
C) The Evans balance is a mechanism used to measure the magnetic field distortion around a sample immersed in water inside an MR scanner to determine its susceptibility.
D) The Evans balance is a mechanism used to measure the susceptibility of a sample by measuring the force change on a strong compact magnet upon insertion of the sample.
E) The Evans balance is a structure used to measure the magnetic susceptibility of most crystals, which is not a scalar quantity.",D
164,closest,1,0.03871820122003555,454,Select the most accurate option: What is a Schwarzschild black hole? among the listed options.,"Question: Select the most accurate option: What is a Schwarzschild black hole? among the listed options.
A) A black hole that has mass but neither electric charge nor angular momentum, and is not spherically symmetric, according to Birkhoff's theorem.
B) A black hole that has mass, electric charge, and angular momentum, and is spherically symmetric, according to Birkhoff's theorem.
C) A black hole that has mass but neither electric charge nor angular momentum, and is spherically symmetric, according to Birkhoff's theorem.
D) A black hole that has neither mass nor electric charge nor angular momentum, and is not spherically symmetric, according to Birkhoff's theorem.
E) A black hole that has mass, electric charge, and angular momentum, and is not spherically symmetric, according to Birkhoff's theorem.",C
164,furthest,1,0.06388453394174576,1795,Identify the correct statement: What is a Schwarzschild black hole? from the following choices.,"Question: Identify the correct statement: What is a Schwarzschild black hole? from the following choices.
A) A black hole that has mass but neither electric charge nor angular momentum, and is not spherically symmetric, according to Birkhoff's theorem.
B) A black hole that has mass, electric charge, and angular momentum, and is spherically symmetric, according to Birkhoff's theorem.
C) A black hole that has mass but neither electric charge nor angular momentum, and is spherically symmetric, according to Birkhoff's theorem.
D) A black hole that has neither mass nor electric charge nor angular momentum, and is not spherically symmetric, according to Birkhoff's theorem.
E) A black hole that has mass, electric charge, and angular momentum, and is not spherically symmetric, according to Birkhoff's theorem.",C
165,closest,1,0.058611538261175156,1644,Pick the best possible answer: What is the evidence for the existence of a supermassive black hole at the center of the Milky Way galaxy?,"Question: Pick the best possible answer: What is the evidence for the existence of a supermassive black hole at the center of the Milky Way galaxy?
A) The Milky Way galaxy has a supermassive black hole at its center because of the bright flare activity observed near Sagittarius A*. The radius of the central object must be less than 17 light-hours, because otherwise S2 would collide with it. Observations of the star S14 indicate that the radius is no more than 6.25 light-hours, about the diameter of Uranus' orbit. No known astronomical object other than a black hole can contain 4.0 million M☉ in this volume of space.
B) The Milky Way galaxy has a supermassive black hole at its center because the star S14 follows an elliptical orbit with a period of 15.2 years and a pericenter of 17 light-hours from the center of the central object. From the motion of star S14, the object's mass can be estimated as 4.0 million M☉, or about 7.96×1036 kg. The radius of the central object must be less than 17 light-hours, because otherwise S14 would collide with it. Observations of the star S2 indicate that the radius is no more than 6.25 light-hours, about the diameter of Uranus' orbit. No known astronomical object other than a black hole can contain 4.0 million M☉ in this volume of space.
C) The Milky Way galaxy has a supermassive black hole at its center because of the bright flare activity observed near Sagittarius A*. The radius of the central object must be less than 6.25 light-hours, about the diameter of Uranus' orbit. Observations of the star S2 indicate that the radius is no more than 17 light-hours, because otherwise S2 would collide with it. No known astronomical object other than a black hole can contain 4.0 million M☉ in this volume of space.
D) The Milky Way galaxy has a supermassive black hole at its center because it is the only explanation for the bright flare activity observed near Sagittarius A* at a separation of six to ten times the gravitational radius of the candidate SMBH.
E) The star S2 follows an elliptical orbit with a period of 15.2 years and a pericenter of 17 light-hours from the center of the central object. From the motion of star S2, the object's mass can be estimated as 4.0 million M☉, or about 7.96×1036 kg. The radius of the central object must be less than 17 light-hours, because otherwise S2 would collide with it. Observations of the star S14 indicate that the radius is no more than 6.25 light-hours, about the diameter of Uranus' orbit. No known astronomical object other than a black hole can contain 4.0 million M☉ in this volume of space.",E
165,furthest,1,0.24382100999355316,177,Pick the best possible answer: What is the evidence for the existence of a supermassive black hole at the center of the Milky Way galaxy? based on the given context.,"Question: Pick the best possible answer: What is the evidence for the existence of a supermassive black hole at the center of the Milky Way galaxy? based on the given context.
A) The Milky Way galaxy has a supermassive black hole at its center because of the bright flare activity observed near Sagittarius A*. The radius of the central object must be less than 17 light-hours, because otherwise S2 would collide with it. Observations of the star S14 indicate that the radius is no more than 6.25 light-hours, about the diameter of Uranus' orbit. No known astronomical object other than a black hole can contain 4.0 million M☉ in this volume of space.
B) The Milky Way galaxy has a supermassive black hole at its center because the star S14 follows an elliptical orbit with a period of 15.2 years and a pericenter of 17 light-hours from the center of the central object. From the motion of star S14, the object's mass can be estimated as 4.0 million M☉, or about 7.96×1036 kg. The radius of the central object must be less than 17 light-hours, because otherwise S14 would collide with it. Observations of the star S2 indicate that the radius is no more than 6.25 light-hours, about the diameter of Uranus' orbit. No known astronomical object other than a black hole can contain 4.0 million M☉ in this volume of space.
C) The Milky Way galaxy has a supermassive black hole at its center because of the bright flare activity observed near Sagittarius A*. The radius of the central object must be less than 6.25 light-hours, about the diameter of Uranus' orbit. Observations of the star S2 indicate that the radius is no more than 17 light-hours, because otherwise S2 would collide with it. No known astronomical object other than a black hole can contain 4.0 million M☉ in this volume of space.
D) The Milky Way galaxy has a supermassive black hole at its center because it is the only explanation for the bright flare activity observed near Sagittarius A* at a separation of six to ten times the gravitational radius of the candidate SMBH.
E) The star S2 follows an elliptical orbit with a period of 15.2 years and a pericenter of 17 light-hours from the center of the central object. From the motion of star S2, the object's mass can be estimated as 4.0 million M☉, or about 7.96×1036 kg. The radius of the central object must be less than 17 light-hours, because otherwise S2 would collide with it. Observations of the star S14 indicate that the radius is no more than 6.25 light-hours, about the diameter of Uranus' orbit. No known astronomical object other than a black hole can contain 4.0 million M☉ in this volume of space.",E
166,closest,1,0.06249737739562988,524,Choose the correct answer: What is a light-year? from the following choices.,"Question: Choose the correct answer: What is a light-year? from the following choices.
A) A unit of time used to express astronomical distances that is equivalent to the time that an object moving at the speed of light in vacuum would take to travel in one Julian year: approximately 9.46 trillion seconds (9.46×1012 s) or 5.88 trillion minutes (5.88×1012 min).
B) A unit of length used to express astronomical distances that is equivalent to the distance that an object moving at the speed of light in vacuum would travel in one Julian year: approximately 9.46 trillion kilometres (9.46×1012 km) or 5.88 trillion miles (5.88×1012 mi).
C) A unit of temperature used to express astronomical distances that is equivalent to the temperature of an object moving at the speed of light in vacuum in one Julian year: approximately 9.46 trillion Kelvin (9.46×1012 K) or 5.88 trillion Celsius (5.88×1012 °.
D) A unit of energy used to express astronomical distances that is equivalent to the energy of an object moving at the speed of light in vacuum in one Julian year: approximately 9.46 trillion joules (9.46×1012 J) or 5.88 trillion watt-hours (5.88×1012 Wh).
E) A unit of mass used to express astronomical distances that is equivalent to the mass of an object moving at the speed of light in vacuum in one Julian year: approximately 9.46 trillion kilograms (9.46×1012 kg) or 5.88 trillion pounds (5.88×1012 lb).",B
166,furthest,1,0.3026513159275055,320,What is a light-year?,"Question: What is a light-year?
A) A unit of time used to express astronomical distances that is equivalent to the time that an object moving at the speed of light in vacuum would take to travel in one Julian year: approximately 9.46 trillion seconds (9.46×1012 s) or 5.88 trillion minutes (5.88×1012 min).
B) A unit of length used to express astronomical distances that is equivalent to the distance that an object moving at the speed of light in vacuum would travel in one Julian year: approximately 9.46 trillion kilometres (9.46×1012 km) or 5.88 trillion miles (5.88×1012 mi).
C) A unit of temperature used to express astronomical distances that is equivalent to the temperature of an object moving at the speed of light in vacuum in one Julian year: approximately 9.46 trillion Kelvin (9.46×1012 K) or 5.88 trillion Celsius (5.88×1012 °.
D) A unit of energy used to express astronomical distances that is equivalent to the energy of an object moving at the speed of light in vacuum in one Julian year: approximately 9.46 trillion joules (9.46×1012 J) or 5.88 trillion watt-hours (5.88×1012 Wh).
E) A unit of mass used to express astronomical distances that is equivalent to the mass of an object moving at the speed of light in vacuum in one Julian year: approximately 9.46 trillion kilograms (9.46×1012 kg) or 5.88 trillion pounds (5.88×1012 lb).",B
167,closest,1,0.12312011420726776,736,Pick the best possible answer: What is the reason for heating metals to a temperature just above the upper critical temperature? from the following choices.,"Question: Pick the best possible answer: What is the reason for heating metals to a temperature just above the upper critical temperature? from the following choices.
A) To prevent the grains of solution from growing too large, which minimizes mechanical properties such as toughness, shear strength, and tensile strength.
B) To boost the size of the grains of solution, which enhances mechanical properties such as toughness, shear strength, and tensile strength.
C) To prevent the grains of solution from growing too large, which enhances mechanical properties such as toughness, shear strength, and tensile strength.
D) To prevent the grains of solution from growing too small, which enhances mechanical properties such as toughness, shear strength, and tensile strength.
E) To enhance the size of the grains of solution, which lowers mechanical properties such as toughness, shear strength, and tensile strength.",C
167,furthest,1,0.2909943163394928,1275,Choose the correct answer: What is the reason for heating metals to a temperature just above the upper critical temperature? among the listed options.,"Question: Choose the correct answer: What is the reason for heating metals to a temperature just above the upper critical temperature? among the listed options.
A) To prevent the grains of solution from growing too large, which reduces mechanical properties such as toughness, shear strength, and tensile strength.
B) To boost the size of the grains of solution, which enhances mechanical properties such as toughness, shear strength, and tensile strength.
C) To prevent the grains of solution from growing too large, which enhances mechanical properties such as toughness, shear strength, and tensile strength.
D) To prevent the grains of solution from growing too small, which enhances mechanical properties such as toughness, shear strength, and tensile strength.
E) To enhance the size of the grains of solution, which lowers mechanical properties such as toughness, shear strength, and tensile strength.",C
168,closest,1,0.05090479925274849,1236,Determine the correct option: What is the term used to describe the proportionality factor to the Stefan-Boltzmann law that is utilized in subsequent evaluations of the radiative behavior of grey bodies? among the listed options.,"Question: Determine the correct option: What is the term used to describe the proportionality factor to the Stefan-Boltzmann law that is utilized in subsequent evaluations of the radiative behavior of grey bodies? among the listed options.
A) Emissivity
B) Wien's displacement law
C) Reflectance
D) Black-body radiation
E) Albedo",A
168,furthest,1,0.11810094118118286,32,Pick the best possible answer: What is the term used to describe the proportionality factor to the Stefan-Boltzmann law that is utilized in subsequent evaluations of the radiative behavior of grey bodies? among the listed options.,"Question: Pick the best possible answer: What is the term used to describe the proportionality factor to the Stefan-Boltzmann law that is utilized in subsequent evaluations of the radiative behavior of grey bodies? among the listed options.
A) Emissivity
B) Wien's displacement law
C) Reflectance
D) Black-body radiation
E) Albedo",A
169,closest,1,0.07623974233865738,648,Pick the best possible answer: What is the distinction between illuminance and luminance?,"Question: Pick the best possible answer: What is the distinction between illuminance and luminance?
A) Illuminance is the amount of light absorbed by a surface per unit area, while luminance is the amount of light reflected by a surface per unit area.
B) Illuminance is the amount of light falling on a surface per unit area, while luminance is the amount of light emitted by a source per unit area.
C) Illuminance is the amount of light concentrated into a smaller area, while luminance is the amount of light filling a larger solid angle.
D) Illuminance is the amount of light emitted by a source per unit area, while luminance is the amount of light falling on a surface per unit area.
E) Illuminance is the amount of light reflected by a surface per unit area, while luminance is the amount of light absorbed by a surface per unit area.",B
169,furthest,1,0.4512332081794739,1482,Which of the following is correct? What is the variation between illuminance and luminance? based on the given context.,"Question: Which of the following is correct? What is the variation between illuminance and luminance? based on the given context.
A) Illuminance is the amount of light absorbed by a surface per unit area, while luminance is the amount of light reflected by a surface per unit area.
B) Illuminance is the amount of light falling on a surface per unit area, while luminance is the amount of light emitted by a source per unit area.
C) Illuminance is the amount of light concentrated into a smaller area, while luminance is the amount of light filling a larger solid angle.
D) Illuminance is the amount of light emitted by a source per unit area, while luminance is the amount of light falling on a surface per unit area.
E) Illuminance is the amount of light reflected by a surface per unit area, while luminance is the amount of light absorbed by a surface per unit area.",B
170,closest,1,0.07230448722839355,908,"Identify the correct statement: What is the estimated redshift of CEERS-93316, a candidate high-redshift galaxy observed by the James Webb Space Telescope?","Question: Identify the correct statement: What is the estimated redshift of CEERS-93316, a candidate high-redshift galaxy observed by the James Webb Space Telescope?
A) Approximately z = 6.0, corresponding to 1 billion years after the Big Bang.
B) Approximately z = 16.7, corresponding to 235.8 million years after the Big Bang.
C) Approximately z = 3.0, corresponding to 5 billion years after the Big Bang.
D) Approximately z = 10.0, corresponding to 13 billion years after the Big Bang.
E) Approximately z = 13.0, corresponding to 30 billion light-years away from Earth.",B
170,furthest,1,0.19503667950630188,76,"Choose the correct answer: What is the estimated redshift of CEERS-93316, a candidate high-redshift galaxy observed by the James Webb Space Telescope? based on the given context.","Question: Choose the correct answer: What is the estimated redshift of CEERS-93316, a candidate high-redshift galaxy observed by the James Webb Space Telescope? based on the given context.
A) Approximately z = 6.0, corresponding to 1 billion years after the Big Bang.
B) Approximately z = 16.7, corresponding to 235.8 million years after the Big Bang.
C) Approximately z = 3.0, corresponding to 5 billion years after the Big Bang.
D) Approximately z = 10.0, corresponding to 13 billion years after the Big Bang.
E) Approximately z = 13.0, corresponding to 30 billion light-years away from Earth.",B
171,closest,1,0.14439865946769714,1727,Determine the correct option: What happens to an initially inhomogeneous physical framework that is isolated by a thermodynamic operation? from the following choices.,"Question: Determine the correct option: What happens to an initially inhomogeneous physical framework that is isolated by a thermodynamic operation? from the following choices.
A) It will change its internal state only if it is composed of a single substructure and has internal walls.
B) It will change its internal state only if it is composed of several substructures separated from each other by walls.
C) It will remain in its initial state indefinitely.
D) It will generally change its internal state over time.
E) It will change its internal state only if it is composed of a single substructure.",D
171,furthest,1,0.5141096115112305,511,Determine the correct option: What happens to an initially inhomogeneous physical framework that is isolated by a thermodynamic operation?,"Question: Determine the correct option: What happens to an initially inhomogeneous physical framework that is isolated by a thermodynamic operation?
A) It will change its internal state only if it is composed of a single substructure and has internal walls.
B) It will change its internal state only if it is composed of several submechanisms separated from each other by walls.
C) It will remain in its initial state indefinitely.
D) It will generally change its internal state over time.
E) It will change its internal state only if it is composed of a single submechanism.",D
172,closest,1,0.07004161179065704,1312,"Which of the following is correct? What are amorphous ferromagnetic metallic alloys, and what are their advantages? carefully.","Question: Which of the following is correct? What are amorphous ferromagnetic metallic alloys, and what are their advantages? carefully.
A) Amorphous ferromagnetic metallic alloys are crystalline alloys that can be made by rapidly cooling a liquid alloy. Their properties are nearly anisotropic, resulting in low coercivity, low hysteresis loss, high permeability, and high electrical resistivity.
B) Amorphous ferromagnetic metallic alloys are non-crystalline alloys that can be made by slowly heating a solid alloy. Their properties are nearly isotropic, resulting in low coercivity, low hysteresis loss, high permeability, and high electrical resistivity.
C) Amorphous ferromagnetic metallic alloys are crystalline alloys that can be made by slowly cooling a liquid alloy. Their properties are nearly anisotropic, resulting in high coercivity, high hysteresis loss, low permeability, and low electrical resistivity.
D) Amorphous ferromagnetic metallic alloys are non-crystalline alloys that can be made by rapidly cooling a liquid alloy. Their properties are nearly isotropic, resulting in low coercivity, low hysteresis loss, high permeability, and high electrical resistivity.
E) Amorphous ferromagnetic metallic alloys are non-crystalline alloys that can be made by rapidly heating a solid alloy. Their properties are nearly isotropic, resulting in high coercivity, high hysteresis loss, low permeability, and low electrical resistivity.",D
172,furthest,1,0.151023730635643,1504,"Select the most accurate option: What are amorphous ferromagnetic metallic alloys, and what are their advantages? from the following choices.","Question: Select the most accurate option: What are amorphous ferromagnetic metallic alloys, and what are their advantages? from the following choices.
A) Amorphous ferromagnetic metallic alloys are crystalline alloys that can be made by rapidly cooling a liquid alloy. Their properties are nearly anisotropic, resulting in low coercivity, low hysteresis loss, high permeability, and high electrical resistivity.
B) Amorphous ferromagnetic metallic alloys are non-crystalline alloys that can be made by slowly heating a solid alloy. Their properties are nearly isotropic, resulting in low coercivity, low hysteresis loss, high permeability, and high electrical resistivity.
C) Amorphous ferromagnetic metallic alloys are crystalline alloys that can be made by slowly cooling a liquid alloy. Their properties are nearly anisotropic, resulting in high coercivity, high hysteresis loss, low permeability, and low electrical resistivity.
D) Amorphous ferromagnetic metallic alloys are non-crystalline alloys that can be made by rapidly cooling a liquid alloy. Their properties are nearly isotropic, resulting in low coercivity, low hysteresis loss, high permeability, and high electrical resistivity.
E) Amorphous ferromagnetic metallic alloys are non-crystalline alloys that can be made by rapidly heating a solid alloy. Their properties are nearly isotropic, resulting in high coercivity, high hysteresis loss, low permeability, and low electrical resistivity.",D
173,closest,1,0.05704339221119881,1325,Pick the best possible answer: What is the variation between redshift due to the expansion of the universe and Doppler redshift? from the following choices.,"Question: Pick the best possible answer: What is the variation between redshift due to the expansion of the universe and Doppler redshift? from the following choices.
A) Redshift due to the expansion of the universe depends on the rate of change of a(t) at the times of emission or absorption, while Doppler redshift depends on the raise of a(t) in the whole period from emission to absorption.
B) Redshift due to the expansion of the universe depends on the local velocity of the object emitting the light, while Doppler redshift depends on the cosmological model chosen to describe the expansion of the universe.
C) There is no distinction between redshift due to the expansion of the universe and Doppler redshift.
D) Redshift due to the expansion of the universe depends on the cosmological model chosen to describe the expansion of the universe, while Doppler redshift depends on the local velocity of the object emitting the light.
E) Redshift due to the expansion of the universe depends on the enhance of a(t) in the whole period from emission to absorption, while Doppler redshift depends on the rate of change of a(t) at the times of emission or absorption.",D
173,furthest,1,0.21332155168056488,1243,Identify the correct statement: What is the variation between redshift due to the expansion of the universe and Doppler redshift? based on the given context.,"Question: Identify the correct statement: What is the variation between redshift due to the expansion of the universe and Doppler redshift? based on the given context.
A) Redshift due to the expansion of the universe depends on the rate of change of a(t) at the times of emission or absorption, while Doppler redshift depends on the raise of a(t) in the whole period from emission to absorption.
B) Redshift due to the expansion of the universe depends on the local velocity of the object emitting the light, while Doppler redshift depends on the cosmological model chosen to describe the expansion of the universe.
C) There is no distinction between redshift due to the expansion of the universe and Doppler redshift.
D) Redshift due to the expansion of the universe depends on the cosmological model chosen to describe the expansion of the universe, while Doppler redshift depends on the local velocity of the object emitting the light.
E) Redshift due to the expansion of the universe depends on the boost of a(t) in the whole period from emission to absorption, while Doppler redshift depends on the rate of change of a(t) at the times of emission or absorption.",D
174,closest,1,0.10557650029659271,1726,What is the fate of a carbocation formed in crystalline naphthalene?,"Question: What is the fate of a carbocation formed in crystalline naphthalene?
A) The carbocation remains positively charged, trapped in the solid.
B) The carbocation undergoes spontaneous bond breaking, yielding a carbon-helium ion.
C) The carbocation forms a bond with helium, becoming a stable compound.
D) The carbocation undergoes decay, forming a negatively charged ion.
E) The carbocation gains an electron from surrounding molecules, becoming an electrically neutral radical.",E
174,furthest,1,0.2573266327381134,66,Choose the correct answer: What is the fate of a carbocation formed in crystalline naphthalene? based on the given context.,"Question: Choose the correct answer: What is the fate of a carbocation formed in crystalline naphthalene? based on the given context.
A) The carbocation remains positively charged, trapped in the solid.
B) The carbocation undergoes spontaneous bond breaking, yielding a carbon-helium ion.
C) The carbocation forms a bond with helium, becoming a stable compound.
D) The carbocation undergoes decay, forming a negatively charged ion.
E) The carbocation gains an electron from surrounding molecules, becoming an electrically neutral radical.",E
175,closest,1,0.03388239070773125,677,What happens to excess base metal as a solution cools from the upper transformation temperature towards an insoluble state?,"Question: What happens to excess base metal as a solution cools from the upper transformation temperature towards an insoluble state?
A) The excess base metal will often solidify, becoming the proeutectoid until the remaining concentration of solutes reaches the eutectoid level, which will then crystallize as a separate microstructure.
B) The excess base metal will often crystallize-out, becoming the proeutectoid until the remaining concentration of solutes reaches the eutectoid level, which will then crystallize as a separate microstructure.
C) The excess base metal will often dissolve, becoming the proeutectoid until the remaining concentration of solutes reaches the eutectoid level, which will then crystallize as a separate microstructure.
D) The excess base metal will often liquefy, becoming the proeutectoid until the remaining concentration of solutes reaches the eutectoid level, which will then crystallize as a separate microstructure.
E) The excess base metal will often evaporate, becoming the proeutectoid until the remaining concentration of solutes reaches the eutectoid level, which will then crystallize as a separate microstructure.",B
175,furthest,1,0.18549247086048126,54,Choose the correct answer: What happens to excess base metal as a solution cools from the upper transformation temperature towards an insoluble state? based on the given context.,"Question: Choose the correct answer: What happens to excess base metal as a solution cools from the upper transformation temperature towards an insoluble state? based on the given context.
A) The excess base metal will often solidify, becoming the proeutectoid until the remaining concentration of solutes reaches the eutectoid level, which will then crystallize as a separate microstructure.
B) The excess base metal will often crystallize-out, becoming the proeutectoid until the remaining concentration of solutes reaches the eutectoid level, which will then crystallize as a separate microstructure.
C) The excess base metal will often dissolve, becoming the proeutectoid until the remaining concentration of solutes reaches the eutectoid level, which will then crystallize as a separate microstructure.
D) The excess base metal will often liquefy, becoming the proeutectoid until the remaining concentration of solutes reaches the eutectoid level, which will then crystallize as a separate microstructure.
E) The excess base metal will often evaporate, becoming the proeutectoid until the remaining concentration of solutes reaches the eutectoid level, which will then crystallize as a separate microstructure.",B
176,closest,1,0.09334276616573334,1695,Which of the following is correct? What is resistivity? carefully.,"Question: Which of the following is correct? What is resistivity? carefully.
A) Resistivity is an extrinsic property of a material that describes how difficult it is to make electrical current flow through it. It is measured in ohms and is dependent on the material's shape and size.
B) Resistivity is a measure of the resistance of a material to electrical current flow. It is measured in ohm-meters and is dependent on the material's shape and size.
C) Resistivity is an intrinsic property of a material that describes how difficult it is to make electrical current flow through it. It is measured in ohm-meters and is independent of the material's shape and size.
D) Resistivity is a measure of the electrical current that can flow through a material. It is measured in ohms and is dependent on the material's shape and size.
E) Resistivity is a measure of the electrical current that can flow through a material. It is measured in ohm-meters and is independent of the material's shape and size.",C
176,furthest,1,0.3617141842842102,1928,Choose the correct answer: What is magnetic susceptibility? based on the given context.,"Question: Choose the correct answer: What is magnetic susceptibility? based on the given context.
A) Magnetic susceptibility is a measure of how much a material will absorb magnetization in an applied magnetic field. It is the ratio of magnetization to the applied magnetizing field intensity, allowing for a simple classification of most materials' responses to an applied magnetic field.
B) Magnetic susceptibility is a measure of how much a material will become magnetized in an applied magnetic field. It is the ratio of magnetization to the applied magnetizing field intensity, allowing for a simple classification of most materials' responses to an applied magnetic field.
C) Magnetic susceptibility is a measure of how much a material will resist magnetization in an applied magnetic field. It is the ratio of magnetization to the applied magnetizing field intensity, allowing for a simple classification of most materials' responses to an applied magnetic field.
D) Magnetic susceptibility is a measure of how much a material will conduct magnetization in an applied magnetic field. It is the ratio of magnetization to the applied magnetizing field intensity, allowing for a simple classification of most materials' responses to an applied magnetic field.
E) Magnetic susceptibility is a measure of how much a material will reflect magnetization in an applied magnetic field. It is the ratio of magnetization to the applied magnetizing field intensity, allowing for a simple classification of most materials' responses to an applied magnetic field.",B
177,closest,1,0.05245092883706093,1056,Identify the correct statement: What is the proper distance for a redshift of 8.2? from the following choices.,"Question: Identify the correct statement: What is the proper distance for a redshift of 8.2? from the following choices.
A) The proper distance for a redshift of 8.2 is about 6.2 Gpc, or about 24 billion light-years.
B) The proper distance for a redshift of 8.2 is about 7.2 Gpc, or about 26 billion light-years.
C) The proper distance for a redshift of 8.2 is about 9.2 Gpc, or about 30 billion light-years.
D) The proper distance for a redshift of 8.2 is about 8.2 Gpc, or about 28 billion light-years.
E) The proper distance for a redshift of 8.2 is about 10.2 Gpc, or about 32 billion light-years.",C
177,furthest,1,0.17463617026805878,1669,Which of the following is correct? What is the proper distance for a redshift of 8.2? among the listed options.,"Question: Which of the following is correct? What is the proper distance for a redshift of 8.2? among the listed options.
A) The proper distance for a redshift of 8.2 is about 6.2 Gpc, or about 24 billion light-years.
B) The proper distance for a redshift of 8.2 is about 7.2 Gpc, or about 26 billion light-years.
C) The proper distance for a redshift of 8.2 is about 9.2 Gpc, or about 30 billion light-years.
D) The proper distance for a redshift of 8.2 is about 8.2 Gpc, or about 28 billion light-years.
E) The proper distance for a redshift of 8.2 is about 10.2 Gpc, or about 32 billion light-years.",C
178,closest,1,0.05336005613207817,241,Which of the following is correct? What is the significance of the redshift-distance relationship in determining the expansion history of the universe? among the listed options.,"Question: Which of the following is correct? What is the significance of the redshift-distance relationship in determining the expansion history of the universe? among the listed options.
A) Observations of the redshift-distance relationship can be used to determine the expansion history of the universe and the matter and energy content, especially for galaxies whose light has been travelling to us for much shorter times.
B) Observations of the redshift-distance relationship can be used to determine the age of the universe and the matter and energy content, especially for nearby galaxies whose light has been travelling to us for much shorter times.
C) Observations of the redshift-distance relationship can be used to determine the expansion history of the universe and the matter and energy content, especially for nearby galaxies whose light has been travelling to us for much longer times.
D) Observations of the redshift-distance relationship can be used to determine the age of the universe and the matter and energy content, especially for distant galaxies whose light has been travelling to us for much shorter times.
E) Observations of the redshift-distance relationship can be used to determine the expansion history of the universe and the matter and energy content, especially for distant galaxies whose light has been travelling to us for much longer times.",E
178,furthest,1,0.14055009186267853,1337,Identify the correct statement: What is the significance of the redshift-distance relationship in determining the expansion history of the universe? from the following choices.,"Question: Identify the correct statement: What is the significance of the redshift-distance relationship in determining the expansion history of the universe? from the following choices.
A) Observations of the redshift-distance relationship can be used to determine the expansion history of the universe and the matter and energy content, especially for galaxies whose light has been travelling to us for much shorter times.
B) Observations of the redshift-distance relationship can be used to determine the age of the universe and the matter and energy content, especially for nearby galaxies whose light has been travelling to us for much shorter times.
C) Observations of the redshift-distance relationship can be used to determine the expansion history of the universe and the matter and energy content, especially for nearby galaxies whose light has been travelling to us for much longer times.
D) Observations of the redshift-distance relationship can be used to determine the age of the universe and the matter and energy content, especially for distant galaxies whose light has been travelling to us for much shorter times.
E) Observations of the redshift-distance relationship can be used to determine the expansion history of the universe and the matter and energy content, especially for distant galaxies whose light has been travelling to us for much longer times.",E
179,closest,1,0.09725534915924072,1927,Choose the correct answer: What is the De Haas-Van Alphen effect? based on the given context.,"Question: Choose the correct answer: What is the De Haas-Van Alphen effect? based on the given context.
A) The measurement of the electronic properties of a material using several experimental techniques.
B) The complex number quantity that describes AC susceptibility and AC permeability.
C) The oscillation of the differential susceptibility as a function of 1/H in metals under strong magnetic fields, which relates the period of the susceptibility with the Fermi surface of the material.
D) The analogue non-linear relation between magnetization and magnetic field in antiferromagnetic materials.
E) The measurement of magnetic susceptibility in response to an AC magnetic field.",C
179,furthest,1,0.23562373220920563,975,Select the most accurate option: What is the De Haas-Van Alphen effect?,"Question: Select the most accurate option: What is the De Haas-Van Alphen effect?
A) The measurement of the electronic properties of a material using several experimental techniques.
B) The complex number quantity that describes AC susceptibility and AC permeability.
C) The oscillation of the differential susceptibility as a function of 1/H in metals under strong magnetic fields, which relates the period of the susceptibility with the Fermi surface of the material.
D) The analogue non-linear relation between magnetization and magnetic field in antiferromagnetic materials.
E) The measurement of magnetic susceptibility in response to an AC magnetic field.",C
180,closest,1,0.11564933508634567,1110,Pick the best possible answer: What is the Josephson effect?,"Question: Pick the best possible answer: What is the Josephson effect?
A) The Josephson effect is a phenomenon exploited by superconducting devices such as SQUIDs. It is used in the most accurate available measurements of the magnetic flux quantum Φ0 = h/(2e), where h is the Planck constant.
B) The Josephson effect is a phenomenon exploited by magnetic devices such as SQUIDs. It is used in the most accurate available measurements of the magnetic flux quantum Φ0 = h/(2e), where h is the magnetic constant.
C) The Josephson effect is a phenomenon exploited by superconducting devices such as SQUIDs. It is used in the most accurate available measurements of the electric flux quantum Φ0 = h/(2e), where h is the Planck constant.
D) The Josephson effect is a phenomenon exploited by superconducting devices such as SQUIDs. It is used in the most accurate available measurements of the magnetic flux quantum Φ0 = e/(2h), where h is the Planck constant.
E) The Josephson effect is a phenomenon exploited by magnetic devices such as SQUIDs. It is used in the most accurate available measurements of the electric flux quantum Φ0 = h/(2e), where h is the magnetic constant.",A
180,furthest,1,0.3875352442264557,250,Select the most accurate option: What is the Josephson effect? from the following choices.,"Question: Select the most accurate option: What is the Josephson effect? from the following choices.
A) The Josephson effect is a phenomenon exploited by superconducting devices such as SQUIDs. It is used in the most accurate available measurements of the magnetic flux quantum Φ0 = h/(2e), where h is the Planck constant.
B) The Josephson effect is a phenomenon exploited by magnetic devices such as SQUIDs. It is used in the most accurate available measurements of the magnetic flux quantum Φ0 = h/(2e), where h is the magnetic constant.
C) The Josephson effect is a phenomenon exploited by superconducting devices such as SQUIDs. It is used in the most accurate available measurements of the electric flux quantum Φ0 = h/(2e), where h is the Planck constant.
D) The Josephson effect is a phenomenon exploited by superconducting devices such as SQUIDs. It is used in the most accurate available measurements of the magnetic flux quantum Φ0 = e/(2h), where h is the Planck constant.
E) The Josephson effect is a phenomenon exploited by magnetic devices such as SQUIDs. It is used in the most accurate available measurements of the electric flux quantum Φ0 = h/(2e), where h is the magnetic constant.",A
