id,prompt,correct_answer_text,domain_name,domain_keywords
1,Pick the best possible answer: What is Martin Heidegger's view on the relationship between time and human existence? among the listed options.,"Martin Heidegger believes that humans do not exist inside time, but that they are time. The relationship to the past is a present awareness of having been, and the relationship to the future involves anticipating a potential possibility, task, or engagement.",Existential Phenomenology,Heideggerian ontology; temporality; Dasein; being-towards-death; historicality
2,What is accelerator-based light-ion fusion?,"Accelerator-based light-ion fusion is a technique that uses particle accelerators to achieve particle kinetic energies sufficient to induce light-ion fusion reactions. This method is relatively easy to implement and can be done in an efficient manner, requiring only a vacuum tube, a pair of electrodes, and a high-voltage transformer. Fusion can be observed with as little as 10 kV between the electrodes.",Nuclear Physics,accelerator-based fusion; light-ion fusion; particle kinetic energy; high-voltage transformer
3,Determine the correct option: What is the term used in astrophysics to describe light-matter interactions resulting in energy shifts in the radiation field? among the listed options.,Reddening,Astrophysics,light-matter interactions; energy shifts; blueshifting; redshifting; radiation field
4,Select the most accurate option: What is Martin Heidegger's view on the relationship between time and human existence? carefully.,"Martin Heidegger believes that humans do not exist inside time, but that they are time. The relationship to the past is a present awareness of having been, and the relationship to the future involves anticipating a potential possibility, task, or engagement.",Existential Phenomenology,Heideggerian ontology; temporality; Dasein; being-towards-death; historicality
5,"Identify the correct statement: What is the concept of simultaneity in Einstein's book, Relativity? carefully.","Simultaneity is relative, meaning that two events that appear simultaneous to an observer in a particular inertial reference frame need not be judged as simultaneous by a second observer in a different inertial frame of reference.",Theoretical Physics,relativity of simultaneity; inertial reference frame; special relativity; spacetime physics
6,Identify the correct statement: What is the effect generated by a spinning superconductor? among the listed options.,"A magnetic field, precisely aligned with the spin axis.",Condensed Matter Physics,superconductor; spin axis; magnetic field; quantum mechanics
7,"Which of the following is correct? What is a ""coffee ring"" in physics? among the listed options.","A pattern left by a particle-laden liquid after it evaporates, named for the characteristic ring-like deposit along the perimeter of a spill of coffee or red wine.",Fluid Dynamics,coffee ring effect; evaporation dynamics; particle-laden liquid; surface tension; deposition patterns
8,Select the most accurate option: What is the Liouville density? among the listed options.,The Liouville density is a probability distribution that specifies the probability of finding a particle at a certain position in phase space for a collection of particles.,Quantum Mechanics,Liouville density; phase space; quasiprobability distribution; quantum-mechanical interference
9,Select the most accurate option: What are the constituents of cold dark matter?,"They are unknown, but possibilities include large objects like MACHOs or new particles such as WIMPs and axions.",Astrophysics,cold dark matter; MACHOs; WIMPs; axions; Preon stars
10,Which of the following is correct? What is the relationship between the Wigner function and the density matrix operator? from the following choices.,"The Wigner function W(x, p) is the Wigner transform of the density matrix operator ρ̂, and the trace of an operator with the density matrix Wigner-transforms to the equivalent phase-space integral overlap of g(x,p) with the Wigner function.",Quantum Mechanics,Wigner function; density matrix operator; phase-space integral; Moyal bracket
11,Select the most accurate option: What is the Peierls bracket in canonical quantization? based on the given context.,The Peierls bracket is a Poisson bracket derived from the action in the canonical quantization procedure that converts the quotient algebra into a Poisson algebra.,Theoretical Physics,Peierls bracket; canonical quantization; Poisson algebra; quotient algebra; Hamiltonian mechanics
12,"Choose the correct answer: What is the throttling process, and why is it essential? from the following choices.","The throttling process is a steady adiabatic flow of a fluid through a flow resistance, such as a valve or porous plug, and is responsible for the temperature drop in domestic refrigerators. This process is key because it is at the heart of the refrigeration cycle.",Thermodynamics,throttling process; refrigeration cycle; adiabatic flow; pressure drop; flow resistance
13,Choose the correct answer: Which of the following statements accurately describes the relationship between the dimensions of a diffracting object and the angular spacing of features in the diffraction pattern? carefully.,"The angular spacing of features in the diffraction pattern is inversely proportional to the dimensions of the object causing the diffraction. Therefore, if the diffracting object is smaller, the resulting diffraction pattern will be wider.",Wave Optics,diffraction pattern; angular spacing; wave interference; optical physics
14,What is the interpretation of supersymmetry in stochastic supersymmetric theory?,"Supersymmetry is an intrinsic property of all stochastic differential equations, and it preserves continuity in the model's phase space via continuous time flows.",Magnetohydrodynamics,stochastic supersymmetric theory; hydromagnetic dynamo; induction equation; kinematic approximation; deterministic chaos
15,Identify the correct statement: Which mathematical function is commonly used to characterize linear time-invariant frameworks? from the following choices.,Transfer function,Control Systems Engineering,linear time-invariant; transfer function; system dynamics; signal processing
16,"Pick the best possible answer: What is a ""coffee ring"" in physics?","A pattern left by a particle-laden liquid after it evaporates, named for the characteristic ring-like deposit along the perimeter of a spill of coffee or red wine.",Fluid Dynamics,coffee ring effect; evaporation kinetics; particle-laden liquid; surface tension; deposition patterns
17,Pick the best possible answer: What is the definition of Atomristor? based on the given context.,Atomristor is defined as the electrical devices showing memristive behavior in atomically thin nanomaterials or atomic sheets.,Nanoelectronics,memristive devices; MoOx/MoS2 heterostructure; memcapacitive effect; transition metal dichalcogenides
18,Select the most accurate option: What is the cause of the observed change in the periods of moons orbiting a distant planet when measured from Earth? based on the given context.,"The contrast in distance travelled by light from the planet (or its moon) to Earth when the Earth is at the point in its orbit that is closest to its planet than when the Earth is at the farthest point in its orbit, the contrast in distance being the diameter of the Earth's orbit around the Sun.",Astrophysics,orbital mechanics; light travel time; celestial observation; planetary motion
19,Choose the correct answer: What is the variation between illuminance and luminance? carefully.,"Illuminance is the amount of light falling on a surface per unit area, while luminance is the amount of light emitted by a source per unit area.",Photometry,illuminance; luminance; luminous flux; surface reflectance; radiometric measurement
20,"Which of the following is correct? Who proposed the concept of ""maximal acceleration""? carefully.",Eduardo R. Caianiello,Theoretical Physics,maximal acceleration; quantum gravity; Caianiello's theory; spacetime geometry
21,Identify the correct statement: What is the reason that it is nearly impossible to see light emitted at the Lyman-alpha transition wavelength from a star farther than a few hundred light years from Earth? among the listed options.,"Far ultraviolet light is absorbed effectively by the neutral components of the ISM, including atomic hydrogen, which has a typical absorption wavelength of about 121.5 nanometers, the Lyman-alpha transition.",Astrophysics,Lyman-alpha transition; interstellar medium; ultraviolet absorption; atomic hydrogen; spectral analysis
22,Which of the following is correct? Who shared the other half of the Nobel Prize with Yoichiro Nambu for discovering the origin of the explicit breaking of CP symmetry in the weak interactions? among the listed options.,Makoto Kobayashi and Toshihide Maskawa,Particle Physics,CP symmetry; weak interactions; Kobayashi-Maskawa matrix; Nobel Prize physics
23,Determine the correct option: What is the Optical Signal-to-Noise Ratio (OSNR)?,"The Optical Signal-to-Noise Ratio (OSNR) is the ratio between the signal power and the noise power in a given bandwidth, used to describe the signal quality without taking the receiver into account.",Optical Engineering,Optical Signal-to-Noise Ratio; signal power; noise power; dynamic range; bandwidth
24,Which of the following is correct? Which of the following statements accurately describes the blocking temperature of an antiferromagnetic layer in a spin valve? carefully.,The blocking temperature of an antiferromagnetic layer in a spin valve is the temperature at or above which the layer ceases to prevent the orientation of an adjacent ferromagnetic layer. The blocking temperature is typically lower than the Néel temperature.,Spintronics,antiferromagnetic layer; spin valve; blocking temperature; Néel temperature; magnetic pinning
25,"Choose the correct answer: What is the relationship between mass, force, and acceleration, according to Sir Isaac Newton's laws of motion?","Mass is an inertial property that determines an object's tendency to remain at constant velocity unless acted upon by an outside force. According to Newton's laws of motion and the formula F = ma, an object with a mass of one kilogram accelerates at one meter per second per second when acted upon by a force of one newton.",Classical Mechanics,Newton's laws of motion; inertial property; force-mass-acceleration; constant velocity
26,Choose the correct answer: What is Hesse's principle of transfer in geometry? carefully.,"Hesse's principle of transfer is a concept in geometry that states that if the points of the projective line P1 are depicted by a rational normal curve in Pn, then the group of the projective transformations of Pn that preserve the curve is isomorphic to the group of the projective transformations of P1.",Projective Geometry,Hesse's principle of transfer; rational normal curve; projective transformations; isomorphic groups
27,Pick the best possible answer: What was Pierre de Fermat's solution to the problem of refraction? from the following choices.,"Fermat supposed that light took the path of least resistance, and that different media offered different resistances. His eventual solution, described in a letter to La Chambre dated 1 January 1662, construed ""resistance"" as inversely proportional to speed, so that light took the path of least time. That premise yielded the ordinary law of refraction, provided that light traveled more slowly in the optically denser medium.",Optics,Fermat's principle; law of refraction; principle of least time; optical density
28,Identify the correct statement: What is a uniform tiling in the hyperbolic plane? based on the given context.,"A uniform tiling in the hyperbolic plane is an edge-to-edge filling of the hyperbolic plane, with regular polygons as faces. These are vertex-transitive and isogonal.",Hyperbolic Geometry,uniform tiling; hyperbolic plane; vertex-transitive; isogonal; tessellation
29,Identify the correct statement: What is the reason for the formation of stars exclusively within molecular clouds? carefully.,"The low temperatures and high densities of molecular clouds cause the gravitational force to exceed the internal pressures that are acting ""outward"" to prevent a collapse.",Astrophysics,stellar formation; molecular clouds; gravitational collapse; internal pressure; interstellar medium
30,Identify the correct statement: What is the revised view of the atmosphere's nature based on the time-varying multistability that is associated with the modulation of large-scale processes and aggregated feedback of small-scale processes? carefully.,"The atmosphere possesses both chaos and order, including emerging organized structures and time-varying forcing from recurrent seasons.",Atmospheric Science,time-varying multistability; aggregated feedback; large-scale processes; emerging organized structures
31,Identify the correct statement: What is the Peierls bracket in canonical quantization? among the listed options.,The Peierls bracket is a Poisson bracket derived from the action in the canonical quantization approach that converts the quotient algebra into a Poisson algebra.,Theoretical Physics,Peierls bracket; canonical quantization; Poisson algebra; quotient algebra; action principle
32,Pick the best possible answer: What is the term used to describe the proportionality factor to the Stefan-Boltzmann law that is utilized in subsequent evaluations of the radiative behavior of grey bodies? among the listed options.,Emissivity,Thermodynamics,Stefan-Boltzmann law; grey bodies; emissivity; radiative behavior; black-body radiation
33,Select the most accurate option: What is the definition of Atomristor? from the following choices.,Atomristor is defined as the electrical devices showing memristive behavior in atomically thin nanomaterials or atomic sheets.,Nanoelectronics,Atomristor; memristive devices; MoOx/MoS2 heterostructure; transition metal dichalcogenides; atomically thin nanomaterials
34,What can be inferred about the electronic entropy of insulators and metals based on their densities of states at the Fermi level?,"Insulators have zero density of states at the Fermi level, and therefore, their density of states-based electronic entropy is essentially zero. Metals have non-zero density of states at the Fermi level, and thus, their electronic entropy should be proportional to the temperature and density of states at the Fermi level.",Condensed Matter Physics,electronic entropy; density of states; Fermi level; solid-state physics
35,What is a pycnometer?,A device used to determine the density of a liquid.,Analytical Chemistry,pycnometer; density measurement; volumetric analysis; fluid properties
36,Determine the correct option: What is the purpose of the proximity-focusing design in a RICH detector? from the following choices.,"To emit a cone of Cherenkov light that traverses a small distance and is detected on the photon detector plane, creating a ring of light whose radius is defined by the Cherenkov emission angle and the proximity gap.",Particle Physics,RICH detector; proximity-focusing; Cherenkov radiation; photon detector plane
37,What is the function of mammary glands in mammals?,Mammary glands produce milk to feed the young.,Mammalian Physiology,mammary glands; lactation; reproductive biology; mammalian anatomy
38,Identify the correct statement: What is the Peierls bracket in canonical quantization?,The Peierls bracket is a Poisson bracket derived from the action in the canonical quantization approach that converts the quotient algebra into a Poisson algebra.,Theoretical Physics,Peierls bracket; canonical quantization; Poisson algebra; quotient algebra; action principle
39,Choose the correct answer: What is the definition of an improper rotation?,"An improper rotation is the combination of a rotation about an axis and reflection in a plane perpendicular to that axis, or inversion about a point on the axis. The order of the rotation and reflection does not matter, and the symmetry elements for improper rotation are the rotation axis, and either the mirror plane, the inversion point, or both.",Crystallography,improper rotation; symmetry elements; mirror plane; inversion point; rotation axis
40,Determine the correct option: What is the application of Memristor? carefully.,"Memristor has applications in programmable logic signal processing, Super-resolution imaging, physical neural networks, control structures, reconfigurable computing, in-memory computing, brain–computer interfaces and RFID.",Neuromorphic Engineering,memristor; in-memory computing; physical neural networks; reconfigurable computing; brain–computer interfaces
41,Choose the correct answer: What is the significance of regularization in terms of renormalization problems in physics? from the following choices.,Regularizing the mass-energy of an electron with a finite radius is a means of demonstrating that a framework below a certain size can be explained without the need for further calculations. This approach can be applied to other renormalization problems as well.,Theoretical Physics,renormalization; regularization; mass-energy; singularities; quantum field theory
42,Select the most accurate option: What is the main focus of the Environmental Science Center at Qatar University? based on the given context.,"Environmental studies, with a main focus on marine science, atmospheric and biological sciences.",Environmental Science,marine science; atmospheric sciences; environmental studies; Qatar University
43,Choose the correct answer: What are permutation-inversion groups? based on the given context.,"Permutation-inversion groups are groups of symmetry operations that are energetically feasible permutations of identical nuclei or inversion with respect to the center of mass, or a combination of both.",Molecular Symmetry,permutation-inversion groups; symmetry operations; center of mass; identical nuclei; molecular rotation
44,Choose the correct answer: What is the reason for recycling rare metals according to the United Nations?,"The demand for rare metals will quickly exceed the consumed tonnage in 2013, and recycling rare metals with a worldwide production lower than 100 000 t/year is urgent and priority should be placed on it in order to conserve natural resources and energy.",Resource Economics,rare metal recycling; resource conservation; production tonnage; sustainable development
45,Determine the correct option: What was Pierre de Fermat's solution to the problem of refraction? among the listed options.,"Fermat supposed that light took the path of least resistance, and that different media offered different resistances. His eventual solution, described in a letter to La Chambre dated 1 January 1662, construed ""resistance"" as inversely proportional to speed, so that light took the path of least time. That premise yielded the ordinary law of refraction, provided that light traveled more slowly in the optically denser medium.",Optics,Fermat's principle; law of refraction; principle of least time; optical density
46,Identify the correct statement: What can be inferred about the electronic entropy of insulators and metals based on their densities of states at the Fermi level? based on the given context.,"Insulators have zero density of states at the Fermi level, and therefore, their density of states-based electronic entropy is essentially zero. Metals have non-zero density of states at the Fermi level, and thus, their electronic entropy should be proportional to the temperature and density of states at the Fermi level.",Condensed Matter Physics,electronic entropy; density of states; Fermi level; solid-state physics
47,Which of the following is correct? What is the Ramsauer-Townsend effect? carefully.,The Ramsauer-Townsend effect is a physical phenomenon that involves the scattering of low-energy electrons by atoms of a noble gas. It requires the wave framework of quantum mechanics to be explained.,Quantum Mechanics,Ramsauer-Townsend effect; electron scattering; wave framework; noble gas interaction
48,Choose the correct answer: What is the Liouville density? among the listed options.,The Liouville density is a probability distribution that specifies the probability of finding a particle at a certain position in phase space for a collection of particles.,Quantum Mechanics,Liouville density; phase space; quasiprobability distribution; quantum-mechanical interference
49,What is the Heisenberg uncertainty principle and how does it relate to angular momentum in quantum mechanics?,"The Heisenberg uncertainty principle states that at any given time, only one projection of angular momentum can be measured with definite precision, while the other two remain uncertain. This is because angular momentum, like other quantities in quantum mechanics, is expressed as an operator with quantized eigenvalues.",Quantum Mechanics,Heisenberg uncertainty principle; angular momentum; tensorial operator; quantized eigenvalues; spin
50,Select the most accurate option: What is the relationship between dielectric loss and the transparency of a material?,"Dielectric loss in a material can cause absorption, which can reduce the material's transparency at higher frequencies.",Electromagnetics,dielectric loss; material transparency; frequency-dependent absorption; electromagnetic wave propagation
51,Which of the following is correct? What is the reason for the stochastic nature of all observed resistance-switching processes? from the following choices.,"The device is subjected to random thermal fluctuations, which trigger the switching event, but it is impossible to predict when it will occur.",Neuromorphic Engineering,resistance-switching processes; stochasticity; free-energy barriers; thermal fluctuations; memristive devices
52,"Determine the correct option: What is the reason behind the designation of Class L dwarfs, and what is their color and composition? among the listed options.","Class L dwarfs are cooler than M stars and are designated L because L is the remaining letter alphabetically closest to M. They are dark red in color and are brightest in infrared. Their atmosphere is cool enough to allow metal hydrides and alkali metals to be prominent in their spectra. Some of these objects have masses large enough to support hydrogen fusion and are therefore stars, but most are of substellar mass and are therefore brown dwarfs.",Astrophysics,Class L dwarfs; substellar mass; brown dwarfs; metal hydrides; hydrogen fusion
53,Which of the following is correct? What are the two main interpretations for the disparity between the presence of matter and antimatter in the observable universe? among the listed options.,"The universe began with a small preference for matter, or it was originally perfectly symmetric, but a set of phenomena contributed to a small imbalance in favor of matter over time.",Cosmology,matter-antimatter asymmetry; baryogenesis; primordial symmetry; cosmological evolution
54,Choose the correct answer: What happens to excess base metal as a solution cools from the upper transformation temperature towards an insoluble state? based on the given context.,"The excess base metal will often crystallize-out, becoming the proeutectoid until the remaining concentration of solutes reaches the eutectoid level, which will then crystallize as a separate microstructure.",Materials Science,proeutectoid; eutectoid level; transformation temperature; solidification; microstructure
55,Identify the correct statement: What is the relation between the three moment theorem and the bending moments at three successive supports of a continuous beam? carefully.,"The three moment theorem describes the relationship between bending moments at three successive supports of a continuous beam, subject to a loading on two adjacent spans with or without settlement of the supports.",Structural Engineering,three moment theorem; bending moments; continuous beam; deflection curve; support settlement
56,Determine the correct option: What is the Penrose process? carefully.,"The Penrose process is a mechanism through which objects can emerge from the ergosphere with more energy than they entered with, taking extra energy from the rotational energy of the black hole and slowing down its rotation.",Astrophysics,Penrose process; ergosphere; rotational energy; black hole dynamics
57,Pick the best possible answer: What is a trophic level in an ecological pyramid? from the following choices.,A group of organisms that acquire most of their energy from the level below them in the pyramid.,Ecology,trophic level; ecological pyramid; energy flow; food web dynamics
58,Identify the correct statement: What is the relationship between chemical potential and quarks/antiquarks? based on the given context.,"Chemical potential, represented by μ, is a measure of the imbalance between quarks and antiquarks in a mechanism. Higher μ indicates a stronger bias favoring quarks over antiquarks.",Particle Physics,chemical potential; quarks; antiquarks; quantum chromodynamics
59,"Which of the following is correct? Which of the following statements accurately depicts the relationship between Gauss's law, electric flux, electric field, and symmetry in electric fields?","Gauss's law holds in all cases, but it is most useful for calculations involving symmetric electric fields, like those with spherical or cylindrical symmetry, as they allow for simpler algebraic manipulations. Electric flux is not affected by distant charges outside the closed surface, whereas the net electric field, E, can be influenced by any charges positioned outside of the closed surface. In SI base units, the electric flux is expressed as kg·m3·s−3·A−1.",Electromagnetism,Gauss's law; electric flux; spherical symmetry; cylindrical symmetry; closed surface
60,"Identify the correct statement: What are amorphous ferromagnetic metallic alloys, and what are their advantages?","Amorphous ferromagnetic metallic alloys are non-crystalline alloys that can be made by rapidly cooling a liquid alloy. Their properties are nearly isotropic, resulting in low coercivity, low hysteresis loss, high permeability, and high electrical resistivity.",Materials Science,amorphous ferromagnetic metallic alloys; non-crystalline alloys; coercivity; hysteresis loss; electrical resistivity
61,Choose the correct answer: What is the origin of the radio emission observed from supernova remnants? from the following choices.,The radio emission from supernova remnants originates from high-velocity electrons oscillating within magnetic fields. This emission is a form of non-thermal emission called synchrotron emission.,Astrophysics,supernova remnants; synchrotron emission; non-thermal emission; magnetic fields; high-velocity electrons
62,Pick the best possible answer: What is the purpose of the proximity-focusing design in a RICH detector? among the listed options.,"To emit a cone of Cherenkov light that traverses a small distance and is detected on the photon detector plane, creating a ring of light whose radius is defined by the Cherenkov emission angle and the proximity gap.",Particle Physics,RICH detector; proximity-focusing; Cherenkov radiation; photon detector plane
63,Select the most accurate option: What are the four qualitative levels of crystallinity described by geologists? based on the given context.,"Holocrystalline, hypocrystalline, hypohyaline, and holohyaline",Geology,crystallinity levels; holocrystalline; hypocrystalline; hypercrystalline; hyperhyaline
64,Select the most accurate option: What is the piezoelectric strain coefficient for AT-cut quartz crystals? from the following choices.,d = 3.1·10‑12 m/V,Materials Science,piezoelectric strain coefficient; AT-cut quartz; crystal oscillators; electromechanical coupling
65,Which of the following is correct? What is the order parameter that breaks the electromagnetic gauge symmetry in superconductors? from the following choices.,A condensed-matter collective field ψ.,Condensed Matter Physics,order parameter; electromagnetic gauge symmetry; superconductors; collective field
66,Choose the correct answer: What is the fate of a carbocation formed in crystalline naphthalene? based on the given context.,"The carbocation gains an electron from surrounding molecules, becoming an electrically neutral radical.",Organic Chemistry,carbocation; crystalline naphthalene; ion stability; chemical kinetics
67,Who was the first to determine the velocity of a star moving away from the Earth using the Doppler effect?,William Huggins,Astrophysics,Doppler effect; stellar velocity; astronomical observation; redshift
68,Identify the correct statement: What is the role of axioms in a formal concept? from the following choices.,"Basis statements called axioms form the foundation of a formal concept and, together with the deducing rules, help in deriving a set of statements called theorems using proof concept.",Formal Logic,axioms; formal concept; deductive rules; theorem derivation; proof concept
69,Pick the best possible answer: What is the definition of Atomristor? among the listed options.,Atomristor is defined as the electrical devices showing memristive behavior in atomically thin nanomaterials or atomic sheets.,Nanoelectronics,Atomristor; memristive behavior; MoOx/MoS2 heterostructure; transition metal dichalcogenides; memcapacitive effect
70,Pick the best possible answer: What is the Liouville density? from the following choices.,The Liouville density is a probability distribution that specifies the probability of finding a particle at a certain position in phase space for a collection of particles.,Quantum Mechanics,Liouville density; phase space; quasiprobability distribution; quantum-mechanical interference
71,Which of the following is correct? What is the Einstein@Home project?,The Einstein@Home project is a distributed computing project that aims to detect simple gravitational waves with constant frequency. It takes data from LIGO and GEO and sends it out in little pieces to thousands of volunteers for parallel analysis on their home computers.,Computational Astrophysics,distributed computing; gravitational waves; binary black holes; parallel analysis; LIGO data
72,Which of the following is correct? What is Martin Heidegger's view on the relationship between time and human existence? among the listed options.,"Martin Heidegger believes that humans do not exist inside time, but that they are time. The relationship to the past is a present awareness of having been, and the relationship to the future involves anticipating a potential possibility, task, or engagement.",Existential Phenomenology,Dasein; temporality; being-towards-death; historicality
73,Determine the correct option: What did Newton's manuscripts of the 1660s show? among the listed options.,Newton combined tangential motion with the effects of radially directed force or endeavour and expressed the concept of linear inertia.,History Of Science,Newton's manuscripts; tangential motion; radially directed force; linear inertia; inverse square law
74,Pick the best possible answer: What are some models that attempt to account for all observations without invoking supplemental non-baryonic matter? from the following choices.,"Modified Newtonian dynamics, tensor–vector–scalar gravity, or entropic gravity.",Theoretical Physics,Modified Newtonian dynamics; non-baryonic matter; tensor–vector–scalar gravity; entropic gravity
75,Pick the best possible answer: What is the metallicity of Kapteyn's star estimated to be?,8 times less than the Sun,Astrophysics,metallicity; Kapteyn's star; stellar composition; stellar evolution
76,"Choose the correct answer: What is the estimated redshift of CEERS-93316, a candidate high-redshift galaxy observed by the James Webb Space Telescope? based on the given context.","Approximately z = 16.7, corresponding to 235.8 million years after the Big Bang.",Observational Cosmology,redshift; high-redshift galaxy; James Webb Space Telescope; Big Bang chronology
77,Determine the correct option: What was Pierre de Fermat's solution to the problem of refraction? based on the given context.,"Fermat supposed that light took the path of least resistance, and that different media offered different resistances. His eventual solution, described in a letter to La Chambre dated 1 January 1662, construed ""resistance"" as inversely proportional to speed, so that light took the path of least time. That premise yielded the ordinary law of refraction, provided that light traveled more slowly in the optically denser medium.",Optics,Fermat's principle; law of refraction; principle of least time; optical density
78,"Choose the correct answer: Who proposed the concept of ""maximal acceleration""? based on the given context.",Eduardo R. Caianiello,Theoretical Physics,maximal acceleration; quantum gravity; Caianiello's theory; spacetime geometry
79,Select the most accurate option: What is the definition of an improper rotation? carefully.,"An improper rotation is the combination of a rotation about an axis and reflection in a plane perpendicular to that axis, or inversion about a point on the axis. The order of the rotation and reflection does not matter, and the symmetry elements for improper rotation are the rotation axis, and either the mirror plane, the inversion point, or both.",Crystallography,improper rotation; symmetry elements; mirror plane; inversion point; rotation axis
80,"Identify the correct statement: What is the meaning of the term ""horror vacui""? among the listed options.",The commonly held view that nature abhorred a vacuum.,Philosophy Of Science,horror vacui; Cartesian metaphysics; vacuum theory; spatial-corporeal component
81,Determine the correct option: What is the purpose of obtaining surgical resection specimens? based on the given context.,"To remove an entire diseased area or organ for definitive surgical treatment of a disease, with pathological analysis of the specimen used to confirm the diagnosis.",Surgical Pathology,surgical resection; pathological analysis; definitive surgical treatment; tissue specimen diagnosis
82,What is the relationship between the Wigner function and the density matrix operator?,"The Wigner function W(x, p) is the Wigner transform of the density matrix operator ρ̂, and the trace of an operator with the density matrix Wigner-transforms to the equivalent phase-space integral overlap of g(x,p) with the Wigner function.",Quantum Mechanics,Wigner function; density matrix operator; phase-space integral; Moyal bracket; Wigner transform
83,Pick the best possible answer: What was Pierre de Fermat's solution to the problem of refraction?,"Fermat supposed that light took the path of least resistance, and that different media offered different resistances. His eventual solution, described in a letter to La Chambre dated 1 January 1662, construed ""resistance"" as inversely proportional to speed, so that light took the path of least time. That premise yielded the ordinary law of refraction, provided that light traveled more slowly in the optically denser medium.",Optics,Fermat's principle; law of refraction; principle of least time; optical density
84,Select the most accurate option: What is the significance of probability amplitudes in quantum mechanics?,"Probability amplitudes act as the equivalent of conventional probabilities in quantum mechanics, with many analogous laws.",Quantum Mechanics,probability amplitudes; wave function; quantum state; superposition principles
85,"Which of the following is correct? Who proposed the principle of ""complexity from noise"" and when was it first introduced? among the listed options.",Henri Atlan in 1972,Complexity Theory,complexity from noise; non-equilibrium thermodynamics; Ilya Prigogine; dissipative structures
86,Identify the correct statement: What is the relation between the three moment theorem and the bending moments at three successive supports of a continuous beam? from the following choices.,"The three moment theorem describes the relationship between bending moments at three successive supports of a continuous beam, subject to a loading on two adjacent spans with or without settlement of the supports.",Structural Engineering,three moment theorem; bending moments; continuous beam; deflection curves; support settlement
87,Which of the following is correct? What is the Kutta condition? from the following choices.,"The Kutta condition is a physical requirement that the fluid moving along the lower and upper surfaces of an airfoil meet smoothly, with no fluid moving around the trailing edge of the airfoil.",Fluid Dynamics,Kutta condition; airfoil aerodynamics; circulation; Kutta-Joukowski theorem
88,Identify the correct statement: What is the role of CYCLOIDEA genes in the evolution of bilateral symmetry? carefully.,"CYCLOIDEA genes are responsible for the expression of transcription factors that control the expression of other genes, allowing their expression to influence developmental pathways relating to symmetry.",Evolutionary Developmental Biology,CYCLOIDEA genes; bilateral symmetry; floral morphology; transcription factors; developmental pathways
89,Select the most accurate option: Which of the following statements is true about the categorization of planetary frameworks according to their orbital dynamics? carefully.,"Planetary frameworks can be categorized as resonant, non-resonant-interacting, hierarchical, or some combination of these.",Celestial Mechanics,orbital dynamics; planetary frameworks; resonant structures; hierarchical systems
90,What is the spin quantum number?,"The spin quantum number is a dimensionless quantity obtained by dividing the spin angular momentum by the reduced Planck constant ħ, which has the same dimensions as angular momentum.",Quantum Mechanics,spin quantum number; angular momentum; reduced Planck constant; elementary particles
91,Choose the correct answer: What is the definition of an improper rotation? among the listed options.,"An improper rotation is the combination of a rotation about an axis and reflection in a plane perpendicular to that axis, or inversion about a point on the axis. The order of the rotation and reflection does not matter, and the symmetry elements for improper rotation are the rotation axis, and either the mirror plane, the inversion point, or both.",Crystallography,improper rotation; symmetry elements; mirror plane; inversion point; rotation axis
92,Pick the best possible answer: What is the gravitomagnetic interaction? from the following choices.,"The gravitomagnetic interaction is a new force of nature generated by rotating matter, whose intensity is proportional to the rate of spin, according to the general concept of relativity.",General Relativity,gravitomagnetic interaction; rotating matter; gravitational permeability; Meissner effect analogue
93,Which of the following is correct? What is the significance of the discovery of the Crab pulsar?,The discovery of the Crab pulsar confirmed the rotating neutron star model of pulsars.,Astrophysics,Crab pulsar; neutron star model; stellar evolution; pulsar astronomy
94,Choose the correct answer: What is the significance of the change in slope of the pinched hysteresis curves in ReRAM and other forms of two-terminal resistance memory? from the following choices.,"The change in slope of the pinched hysteresis curves demonstrates switching between different resistance states, which is a phenomenon central to ReRAM and other forms of two-terminal resistance memory.",Neuromorphic Engineering,ReRAM; pinched hysteresis curves; memristor; resistance memory; two-terminal devices
95,Select the most accurate option: What is the most popular explanation for the shower-curtain effect? based on the given context.,Bernoulli's principle,Fluid Dynamics,Bernoulli's principle; pressure differential; fluid velocity; aerodynamic effects
96,Choose the correct answer: What is X-ray pulsar-based navigation (XNAV)? based on the given context.,"X-ray pulsar-based navigation (XNAV) is a navigation technique that uses the periodic X-ray signals emitted from pulsars to determine the location of a vehicle in deep space, such as a spacecraft.",Aerospace Engineering,X-ray pulsar-based navigation; deep space navigation; pulsar signals; spacecraft positioning
97,Which of the following is correct? What is the term used in astrophysics to describe light-matter interactions resulting in energy shifts in the radiation field? based on the given context.,Reddening,Astrophysics,light-matter interactions; energy shifts; blueshifting; redshifting; radiation field
98,Which of the following is correct? What is the function of the fibrous cardiac skeleton? from the following choices.,"The fibrous cardiac skeleton provides structure to the heart, forming the atrioventricular septum that separates the atria from the ventricles, and the fibrous rings that serve as bases for the four heart valves.",Cardiac Anatomy,fibrous cardiac skeleton; atrioventricular septum; heart valves; myocardial structure
99,Pick the best possible answer: What is the relationship between the amplitude of a sound wave and its loudness? from the following choices.,The amplitude of a sound wave is related to its loudness.,Acoustics,sound wave amplitude; loudness perception; wave mechanics; acoustic properties
100,Determine the correct option: What is the distinction between the coevolution of myrmecophytes and the mutualistic symbiosis of mycorrhiza? carefully.,"Myrmecophytes coevolve with ants, providing them with a home and sometimes food, while the ants defend the plant from herbivores and competing plants. On the other hand, mycorrhiza is a mutualistic symbiosis between plants and fungi, where the fungi help the plants gain water and mineral nutrients from the soil, while the plant gives the fungi carbohydrates manufactured in photosynthesis.",Evolutionary Ecology,myrmecophytes; mutualistic symbiosis; mycorrhiza; coevolutionary dynamics
101,Determine the correct option: What was Isaac Newton's explanation for rectilinear propagation of light? among the listed options.,"Isaac Newton rejected the wave concept of light and proposed that light consists of corpuscles that are subject to a force acting perpendicular to the interface. In this model, the critical angle was the angle of incidence at which the normal velocity of the approaching corpuscle was just enough to reach the far side of the force field; at more oblique incidence, the corpuscle would be turned back.",Optics Physics,corpuscular theory; rectilinear propagation; critical angle; Newton's optics
102,Select the most accurate option: Which of the following statements accurately describes the blocking temperature of an antiferromagnetic layer in a spin valve? from the following choices.,The blocking temperature of an antiferromagnetic layer in a spin valve is the temperature at or above which the layer ceases to prevent the orientation of an adjacent ferromagnetic layer. The blocking temperature is typically lower than the Néel temperature.,Spintronics,antiferromagnetic layer; spin valve; blocking temperature; Néel temperature; magnetic pinning
103,What is the butterfly effect?,The butterfly effect is a phenomenon that highlights the difference between the application of the notion of causality in physics and a more general use of causality as represented by Mackie's INUS conditions.,Theoretical Physics,butterfly effect; unstable equilibrium; distributed causality; INUS conditions; Newtonian physics
104,Select the most accurate option: What is the American Petroleum Institute (API) gravity?,API gravity is a measure of how heavy or light a petroleum liquid is compared to water. It is an inverse measure of a petroleum liquid's density relative to that of water and is graduated in degrees on a hydrometer instrument.,Petroleum Engineering,API gravity; petroleum density; hydrometer measurement; fluid properties
105,Which of the following is correct? What is the contrast between probability mass function (PMF) and probability density function (PDF)? from the following choices.,"PMF is used for discrete random variables, while PDF is used for continuous random variables.",Probability Theory,probability mass function; probability density function; random variables; continuous vs discrete distributions
106,Identify the correct statement: What is the relevant type of coherence for the Young's double-slit interferometer? carefully.,Diameter of the coherence area (Ac),Wave Optics,Young's double-slit interferometer; spatial coherence; visibility; coherence length; wave interference
107,Select the most accurate option: What is the relationship between the Cauchy momentum equation and the Navier-Stokes equation? based on the given context.,"The Navier-Stokes equation can be derived from the Cauchy momentum equation by specifying the stress tensor through a constitutive relation, expressing the shear tensor in terms of viscosity and fluid velocity, and assuming constant density and viscosity.",Fluid Dynamics,Cauchy momentum equation; Navier-Stokes equation; constitutive relation; stress tensor; fluid viscosity
108,Select the most accurate option: What is the purpose of measuring the Larmor precession fields at about 100 microtesla with highly sensitive superconducting quantum interference devices (SQUIDs) in ultra-low field MRI? from the following choices.,"To obtain sufficient signal quality in the microtesla-to-millitesla range, where MRI has been demonstrated recently.",Magnetic Resonance Imaging,Larmor precession; superconducting quantum interference devices; ultra-low field MRI; T1 relaxation; magnetization measurement
109,Pick the best possible answer: What is the contrast between the coevolution of myrmecophytes and the mutualistic symbiosis of mycorrhiza? based on the given context.,"Myrmecophytes coevolve with ants, providing them with a home and sometimes food, while the ants defend the plant from herbivores and competing plants. On the other hand, mycorrhiza is a mutualistic symbiosis between plants and fungi, where the fungi help the plants gain water and mineral nutrients from the soil, while the plant gives the fungi carbohydrates manufactured in photosynthesis.",Evolutionary Ecology,myrmecophytes; mutualistic symbiosis; mycorrhiza; coevolutionary dynamics
110,Select the most accurate option: What is the gravitomagnetic interaction? based on the given context.,"The gravitomagnetic interaction is a new force of nature generated by rotating matter, whose intensity is proportional to the rate of spin, according to the general framework of relativity.",General Relativity,gravitomagnetic interaction; rotating matter; gravitational permeability; Meissner effect; general relativity
111,What is the significance of probability amplitudes in quantum mechanics?,"Probability amplitudes act as the equivalent of conventional probabilities in quantum mechanics, with many analogous laws.",Quantum Mechanics,probability amplitudes; wave function; quantum state; superposition principles
112,Pick the best possible answer: What is a Schwarzschild black hole? carefully.,"A black hole that has mass but neither electric charge nor angular momentum, and is spherically symmetric, according to Birkhoff's theorem.",General Relativity,Schwarzschild black hole; Birkhoff's theorem; angular momentum; spherical symmetry
113,Select the most accurate option: What are the constituents of cold dark matter?,"They are unknown, but possibilities include large objects like MACHOs or new particles such as WIMPs and axions.",Astrophysics,cold dark matter; MACHOs; WIMPs; axions; Preon stars
114,Which of the following is correct? What is the Kelvin-Helmholtz instability and how does it affect Earth's magnetosphere? among the listed options.,"The Kelvin-Helmholtz instability is a phenomenon that occurs when large swirls of plasma travel along the edge of the magnetosphere at a different velocity from the magnetosphere, causing the plasma to slip past. This results in magnetic reconnection, and as the magnetic field lines break and reconnect, solar wind particles are able to enter the magnetosphere.",Space Physics,Kelvin-Helmholtz instability; magnetosphere; magnetic reconnection; solar wind; plasma dynamics
115,"Pick the best possible answer: What is the relationship between mass, force, and acceleration, according to Sir Isaac Newton's laws of motion? based on the given context.","Mass is an inertial property that determines an object's tendency to remain at constant velocity unless acted upon by an outside force. According to Newton's laws of motion and the formula F = ma, an object with a mass of one kilogram accelerates at one meter per second per second when acted upon by a force of one newton.",Classical Mechanics,Newton's laws of motion; inertial property; force-mass-acceleration; F=ma formula
116,"Determine the correct option: What is power density in the context of energy structures, and how does it differ between renewable and non-renewable energy sources? from the following choices.","Power density is a measure of the amount of power obtained per unit of Earth surface area used by a specific energy mechanism, including all supporting infrastructure, manufacturing, mining of fuel (if applicable) and decommissioning. Fossil fuels and nuclear power have high power density, which means large power can be drawn from power plants occupying relatively small areas. Renewable energy sources have power density at least three orders of magnitude smaller and, for the same energy output, they need to occupy accordingly larger areas.",Energy Engineering,power density; energy structures; renewable energy; fossil fuels; infrastructure footprint
117,Select the most accurate option: What is the definition of an improper rotation? among the listed options.,"An improper rotation is the combination of a rotation about an axis and reflection in a plane perpendicular to that axis, or inversion about a point on the axis. The order of the rotation and reflection does not matter, and the symmetry elements for improper rotation are the rotation axis, and either the mirror plane, the inversion point, or both.",Crystallography,improper rotation; symmetry elements; mirror plane; inversion point; rotation axis
118,"Select the most accurate option: Which of the following statements accurately describes the impact of Modified Newtonian Dynamics (MOND) on the observed ""missing baryonic mass"" discrepancy in galaxy clusters?",MOND is a concept that reduces the discrepancy between the observed missing baryonic mass in galaxy clusters and the measured velocity dispersions from a factor of around 10 to a factor of about 2.,Astrophysics,Modified Newtonian Dynamics; baryonic mass; velocity dispersions; galaxy clusters
119,Select the most accurate option: What is the result of the collapse of a cavitation bubble? among the listed options.,"The collapse of a cavitation bubble causes a sharp raise in pressure and temperature of the vapor within, releasing a significant amount of energy in the form of an acoustic shock wave and visible light.",Fluid Dynamics,cavitation bubble; acoustic shock wave; vapor implosion; pressure-temperature spikes
120,Identify the correct statement: What is the Liouville density? based on the given context.,The Liouville density is a probability distribution that specifies the probability of finding a particle at a certain position in phase space for a collection of particles.,Quantum Mechanics,Liouville density; phase space; quasiprobability distribution; quantum-mechanical interference
121,Pick the best possible answer: What is the metallicity of Kapteyn's star estimated to be?,8 times less than the Sun,Astrophysics,metallicity; Kapteyn's star; stellar composition; solar abundance
122,What is the revised view of the atmosphere's nature based on the time-varying multistability that is associated with the modulation of large-scale processes and aggregated feedback of small-scale processes?,"The atmosphere possesses both chaos and order, including emerging organized systems and time-varying forcing from recurrent seasons.",Atmospheric Science,time-varying multistability; aggregated feedback; large-scale processes; emerging organized systems
123,What is the difference between probability mass function (PMF) and probability density function (PDF)?,"PMF is used for discrete random variables, while PDF is used for continuous random variables.",Probability Theory,probability mass function; probability density function; random variables; continuous vs discrete distributions
124,What is the role of methane in Fischer-Tropsch processes?,Methane is partially converted to carbon monoxide for utilization in Fischer-Tropsch processes.,Chemical Engineering,Fischer-Tropsch process; methane conversion; carbon monoxide synthesis; catalytic chemistry
125,Select the most accurate option: What are the Navier-Stokes equations? from the following choices.,"The Navier-Stokes equations are partial differential equations that describe the motion of viscous fluid substances, expressing momentum balance and conservation of mass for Newtonian fluids.",Fluid Dynamics,Navier-Stokes equations; partial differential equations; momentum balance; Newtonian fluids; conservation of mass
126,Select the most accurate option: What happens to excess base metal as a solution cools from the upper transformation temperature towards an insoluble state? based on the given context.,"The excess base metal will often crystallize-out, becoming the proeutectoid until the remaining concentration of solutes reaches the eutectoid level, which will then crystallize as a separate microstructure.",Materials Science,proeutectoid; eutectoid level; phase transformation; solidification; microstructure
127,Select the most accurate option: What is the main sequence in astronomy? from the following choices.,The main sequence is a continuous and distinctive band of stars that appears on plots of stellar color versus brightness. Stars on this band are known as main-sequence stars or dwarf stars.,Astrophysics,main sequence; stellar evolution; Hertzsprung-Russell diagram; stellar luminosity
128,Identify the correct statement: What is the term used to describe the proportionality factor to the Stefan-Boltzmann law that is utilized in subsequent evaluations of the radiative behavior of grey bodies? carefully.,Emissivity,Thermodynamics,Stefan-Boltzmann law; grey bodies; emissivity; black-body radiation
129,Select the most accurate option: What is the origin of the radio emission observed from supernova remnants? carefully.,The radio emission from supernova remnants originates from high-velocity electrons oscillating within magnetic fields. This emission is a form of non-thermal emission called synchrotron emission.,Astrophysics,supernova remnants; synchrotron emission; non-thermal emission; magnetic fields; high-velocity electrons
130,"Pick the best possible answer: What is the estimated redshift of CEERS-93316, a candidate high-redshift galaxy observed by the James Webb Space Telescope? from the following choices.","Approximately z = 16.7, corresponding to 235.8 million years after the Big Bang.",Observational Cosmology,redshift; high-redshift galaxy; James Webb Space Telescope; Big Bang chronology
131,"Determine the correct option: Which hand should be used to apply the right-hand rule when tightening or loosening nuts, screws, bolts, bottle caps, and jar lids?",The right hand,Mechanical Engineering,right-hand rule; torque application; mechanical fasteners; rotational mechanics
132,Choose the correct answer: What is the distinction between natural convection and forced convection? among the listed options.,"Natural convection occurs when a fluid is in contact with a hot surface, causing the fluid to be less dense and displaced, while forced convection is when a fluid is forced to flow over the surface by an internal source such as fans, stirring, and pumps.",Fluid Dynamics,natural convection; forced convection; heat transfer; fluid flow; density displacement
133,Identify the correct statement: What is the significance of the change in slope of the pinched hysteresis curves in ReRAM and other forms of two-terminal resistance memory? based on the given context.,"The change in slope of the pinched hysteresis curves demonstrates switching between different resistance states, which is a phenomenon central to ReRAM and other forms of two-terminal resistance memory.",Neuromorphic Engineering,ReRAM; pinched hysteresis curves; memristor; two-terminal resistance memory; switching states
134,Select the most accurate option: What is the reason behind the largest externally observed electrical effects when two conductors are separated by the smallest distance without touching? based on the given context.,"The surface charge on a conductor depends on the magnitude of the electric field, which in turn depends on the distance between the surfaces.",Electromagnetism,surface charge; electric field; conductor proximity; electrostatic interaction
135,Determine the correct option: What is the reason for recycling rare metals according to the United Nations? from the following choices.,"The demand for rare metals will quickly exceed the consumed tonnage in 2013, and recycling rare metals with a worldwide production lower than 100 000 t/year is urgent and priority should be placed on it in order to conserve natural resources and energy.",Resource Economics,rare metal recycling; resource conservation; production tonnage; sustainable development
136,Pick the best possible answer: What is the role of CYCLOIDEA genes in the evolution of bilateral symmetry? among the listed options.,"CYCLOIDEA genes are responsible for the expression of transcription factors that control the expression of other genes, allowing their expression to influence developmental pathways relating to symmetry.",Evolutionary Developmental Biology,CYCLOIDEA genes; bilateral symmetry; transcription factors; developmental pathways; Antirrhinum majus
137,What is the effect generated by a spinning superconductor?,"A magnetic field, precisely aligned with the spin axis.",Condensed Matter Physics,superconductor; magnetic field; spin axis; electromagnetic phenomena
138,Select the most accurate option: What is the relevant type of coherence for the Young's double-slit interferometer? from the following choices.,Diameter of the coherence area (Ac),Wave Optics,Young's double-slit interferometer; spatial coherence; coherence length; optical interference
139,"Pick the best possible answer: What is the relationship between mass, force, and acceleration, according to Sir Isaac Newton's laws of motion? carefully.","Mass is an inertial property that determines an object's tendency to remain at constant velocity unless acted upon by an outside force. According to Newton's laws of motion and the formula F = ma, an object with a mass of one kilogram accelerates at one meter per second per second when acted upon by a force of one newton.",Classical Mechanics,Newton's laws of motion; inertial property; force-mass-acceleration; F=ma; constant velocity
140,What is Martin Heidegger's view on the relationship between time and human existence?,"Martin Heidegger believes that humans do not exist inside time, but that they are time. The relationship to the past is a present awareness of having been, and the relationship to the future involves anticipating a potential possibility, task, or engagement.",Existential Phenomenology,temporal existence; Dasein; historicality; temporal continuum
141,Determine the correct option: What is accelerator-based light-ion fusion? from the following choices.,"Accelerator-based light-ion fusion is a technique that uses particle accelerators to achieve particle kinetic energies sufficient to induce light-ion fusion reactions. This technique is relatively easy to implement and can be done in an efficient manner, requiring only a vacuum tube, a pair of electrodes, and a high-voltage transformer. Fusion can be observed with as little as 10 kV between the electrodes.",Nuclear Physics,accelerator-based fusion; light-ion fusion; particle kinetic energy; high-voltage transformer
142,Determine the correct option: Which of the following statements accurately describes the origin and significance of the triskeles symbol? based on the given context.,"The triskeles symbol was reconstructed as a feminine divine triad by the rulers of Syracuse, and later adopted as an emblem. Its usage may also be related to the Greek name of Sicily, Trinacria, which means ""having three headlands."" The head of Medusa at the center of the Sicilian triskeles represents the three headlands.",Cultural History,triskeles symbol; Trinacria; Syracuse; feminine divine triad; Sicilian heraldry
143,Which of the following is correct? What is the De Haas-Van Alphen effect? carefully.,"The oscillation of the differential susceptibility as a function of 1/H in metals under strong magnetic fields, which relates the period of the susceptibility with the Fermi surface of the material.",Condensed Matter Physics,De Haas-Van Alphen effect; differential susceptibility; Fermi surface; magnetic field oscillations; AC permeability
144,Pick the best possible answer: What is the Evans balance?,The Evans balance is a structure used to measure the susceptibility of a sample by measuring the force change on a strong compact magnet upon insertion of the sample.,Magnetic Resonance Spectroscopy,Evans balance; magnetic susceptibility; NMR frequency; magnetic field distortion
145,What are the constituents of cold dark matter?,"They are unknown, but possibilities include large objects like MACHOs or new particles such as WIMPs and axions.",Astrophysics,cold dark matter; MACHOs; WIMPs; axions; Preon stars
146,Select the most accurate option: What is spatial dispersion? among the listed options.,Spatial dispersion is a phenomenon in the physics of continuous media where material parameters such as permittivity or conductivity have dependence on wavevector. It represents spreading effects and is usually significant only at microscopic length scales.,Condensed Matter Physics,spatial dispersion; permittivity; wavevector dependence; continuous media; material parameters
147,Choose the correct answer: What is a planetary structure? based on the given context.,Any set of gravitationally bound non-stellar objects in or out of orbit around a star or star structure.,Astronomy,planetary structure; gravitationally bound; non-stellar objects; orbital mechanics
148,What is a magnetic monopole in particle physics?,"A hypothetical elementary particle that is an isolated magnet with only one magnetic pole, either a north pole or a south pole.",Particle Physics,magnetic monopole; elementary particle; isolated magnetic pole; electromagnetism
149,Determine the correct option: What is the spin quantum number? carefully.,"The spin quantum number is a dimensionless quantity obtained by dividing the spin angular momentum by the reduced Planck constant ħ, which has the same dimensions as angular momentum.",Quantum Mechanics,spin quantum number; angular momentum; reduced Planck constant; elementary particles
150,Which of the following is correct? What did Newton's manuscripts of the 1660s show? among the listed options.,Newton combined tangential motion with the effects of radially directed force or endeavour and expressed the concept of linear inertia.,History Of Science,Newton's manuscripts; tangential motion; radially directed force; linear inertia; inverse square law
151,"Select the most accurate option: What is the butterfly effect, as defined by Lorenz in his book ""The Essence of Chaos""? based on the given context.","The butterfly effect is the phenomenon that a small change in the initial conditions of a dynamical framework can cause significant distinctions in subsequent states, as defined by Lorenz in his book ""The Essence of Chaos.""",Chaos Theory,butterfly effect; initial conditions; dynamical systems; sensitive dependence
152,Choose the correct answer: What is the function of mammary glands in mammals? from the following choices.,Mammary glands produce milk to feed the young.,Mammalian Physiology,mammary glands; lactation; reproductive biology; mammalian anatomy
153,Pick the best possible answer: What is the reason that Newton's second law cannot be used to calculate the development of a physical framework in quantum mechanics?,"The existence of particle spin, which is angular momentum that cannot be described by the cumulative effect of point-like motions in space.",Quantum Mechanics,particle spin; angular momentum; linear momentum; quantum framework
154,Pick the best possible answer: What is the term used to describe the proportionality factor to the Stefan-Boltzmann law that is utilized in subsequent evaluations of the radiative behavior of grey bodies? carefully.,Emissivity,Thermodynamics,Stefan-Boltzmann law; grey bodies; emissivity; radiative behavior; black-body radiation
155,Pick the best possible answer: What is the reason that Newton's second law cannot be used to calculate the development of a physical structure in quantum mechanics? based on the given context.,"The existence of particle spin, which is angular momentum that cannot be described by the cumulative effect of point-like motions in space.",Quantum Mechanics,particle spin; angular momentum; linear momentum; quantum dynamics
156,"What is the estimated redshift of CEERS-93316, a candidate high-redshift galaxy observed by the James Webb Space Telescope?","Approximately z = 16.7, corresponding to 235.8 million years after the Big Bang.",Observational Cosmology,redshift; high-redshift galaxy; James Webb Space Telescope; Big Bang chronology
157,Select the most accurate option: What is the Roche limit? carefully.,The Roche limit is the distance at which tidal effects would cause an object to disintegrate since differential force from a planet overcomes the attraction of the parts between them.,Astrophysics,Roche limit; tidal forces; celestial mechanics; gravitational disintegration; orbital dynamics
158,Select the most accurate option: What is the term used to describe the proportionality factor to the Stefan-Boltzmann law that is utilized in subsequent evaluations of the radiative behavior of grey bodies? carefully.,Emissivity,Thermodynamics,Stefan-Boltzmann law; grey bodies; emissivity; radiative behavior; black-body radiation
159,What is the cause of the observed change in the periods of moons orbiting a distant planet when measured from Earth?,"The difference in distance travelled by light from the planet (or its moon) to Earth when the Earth is at the point in its orbit that is closest to its planet than when the Earth is at the farthest point in its orbit, the difference in distance being the diameter of the Earth's orbit around the Sun.",Astrophysics,orbital mechanics; light-travel time; celestial observation; planetary motion
160,What is the difference between the coevolution of myrmecophytes and the mutualistic symbiosis of mycorrhiza?,"Myrmecophytes coevolve with ants, providing them with a home and sometimes food, while the ants defend the plant from herbivores and competing plants. On the other hand, mycorrhiza is a mutualistic symbiosis between plants and fungi, where the fungi help the plants gain water and mineral nutrients from the soil, while the plant gives the fungi carbohydrates manufactured in photosynthesis.",Evolutionary Ecology,myrmecophytes; mutualistic symbiosis; mycorrhiza; coevolutionary dynamics
161,Determine the correct option: What is the spin quantum number? based on the given context.,"The spin quantum number is a dimensionless quantity obtained by dividing the spin angular momentum by the reduced Planck constant ħ, which has the same dimensions as angular momentum.",Quantum Mechanics,spin quantum number; angular momentum; reduced Planck constant; elementary particles
162,Determine the correct option: What is the butterfly effect? carefully.,The butterfly effect is a phenomenon that highlights the distinction between the application of the notion of causality in physics and a more general use of causality as represented by Mackie's INUS conditions.,Chaos Theory,butterfly effect; unstable equilibrium; distributed causality; INUS conditions; Newtonian physics
163,Choose the correct answer: What is a planetary mechanism? based on the given context.,Any set of gravitationally bound non-stellar objects in or out of orbit around a star or star mechanism.,Planetary Science,planetary mechanism; gravitationally bound; non-stellar objects; orbital dynamics
164,Pick the best possible answer: What are the four qualitative levels of crystallinity described by geologists? among the listed options.,"Holocrystalline, hypocrystalline, hypohyaline, and holohyaline",Geology,crystallinity; holocrystalline; hypocrystalline; hypercrystalline; hypohyaline
165,Select the most accurate option: What is the contrast between probability mass function (PMF) and probability density function (PDF)? from the following choices.,"PMF is used for discrete random variables, while PDF is used for continuous random variables.",Probability Theory,probability mass function; probability density function; random variables; continuous vs discrete distributions
166,Pick the best possible answer: What is the definition of Atomristor? carefully.,Atomristor is defined as the electrical devices showing memristive behavior in atomically thin nanomaterials or atomic sheets.,Nanoelectronics,Atomristor; memristive behavior; MoOx/MoS2 heterostructure; transition metal dichalcogenides; memcapacitive effect
167,Identify the correct statement: What is the function of mammary glands in mammals? carefully.,Mammary glands produce milk to feed the young.,Mammalian Physiology,mammary glands; lactation; reproductive biology; mammalian anatomy
168,What is the Optical Signal-to-Noise Ratio (OSNR)?,"The Optical Signal-to-Noise Ratio (OSNR) is the ratio between the signal power and the noise power in a given bandwidth, used to describe the signal quality without taking the receiver into account.",Optical Engineering,Optical Signal-to-Noise Ratio; signal power; noise power; dynamic range; bandwidth
169,"What is the butterfly effect, as defined by Lorenz in his book ""The Essence of Chaos""?","The butterfly effect is the phenomenon that a small change in the initial conditions of a dynamical system can cause significant differences in subsequent states, as defined by Lorenz in his book ""The Essence of Chaos.""",Chaos Theory,butterfly effect; dynamical systems; initial conditions; sensitive dependence
170,Select the most accurate option: What is radiosity in radiometry? carefully.,"Radiosity is the radiant flux leaving a surface per unit area, including emitted, reflected, and transmitted radiation.",Radiometry,radiosity; radiant flux; surface radiation; optical physics
171,What was Pierre de Fermat's solution to the problem of refraction?,"Fermat supposed that light took the path of least resistance, and that different media offered different resistances. His eventual solution, described in a letter to La Chambre dated 1 January 1662, construed ""resistance"" as inversely proportional to speed, so that light took the path of least time. That premise yielded the ordinary law of refraction, provided that light traveled more slowly in the optically denser medium.",Optics,Fermat's principle; law of refraction; principle of least time; optical density
172,Identify the correct statement: What is an order parameter?,An order parameter is a measure of the degree of symmetry breaking in a physical framework.,Condensed Matter Physics,order parameter; symmetry breaking; phase transitions; physical framework
173,Identify the correct statement: What is the role of CYCLOIDEA genes in the evolution of bilateral symmetry? based on the given context.,"CYCLOIDEA genes are responsible for the expression of transcription factors that control the expression of other genes, allowing their expression to influence developmental pathways relating to symmetry.",Evolutionary Developmental Biology,CYCLOIDEA genes; bilateral symmetry; Antirrhinum majus; transcription factors; developmental pathways
174,Identify the correct statement: What is the proposed name for the field that is responsible for cosmic inflation and the metric expansion of space? among the listed options.,Inflaton,Cosmology,cosmic inflation; metric expansion; inflaton field; conformal cyclic cosmology
175,"What is the throttling process, and why is it important?","The throttling process is a steady adiabatic flow of a fluid through a flow resistance, such as a valve or porous plug, and is responsible for the temperature drop in domestic refrigerators. This process is important because it is at the heart of the refrigeration cycle.",Thermodynamics,throttling process; refrigeration cycle; adiabatic flow; flow resistance; pressure drop
176,Identify the correct statement: What is the purpose of measuring the Larmor precession fields at about 100 microtesla with highly sensitive superconducting quantum interference devices (SQUIDs) in ultra-low field MRI? carefully.,"To obtain sufficient signal quality in the microtesla-to-millitesla range, where MRI has been demonstrated recently.",Magnetic Resonance Imaging,Larmor precession; superconducting quantum interference devices; ultra-low field MRI; T1 relaxation; magnetization measurement
177,Pick the best possible answer: What is the evidence for the existence of a supermassive black hole at the center of the Milky Way galaxy? based on the given context.,"The star S2 follows an elliptical orbit with a period of 15.2 years and a pericenter of 17 light-hours from the center of the central object. From the motion of star S2, the object's mass can be estimated as 4.0 million M☉, or about 7.96×1036 kg. The radius of the central object must be less than 17 light-hours, because otherwise S2 would collide with it. Observations of the star S14 indicate that the radius is no more than 6.25 light-hours, about the diameter of Uranus' orbit. No known astronomical object other than a black hole can contain 4.0 million M☉ in this volume of space.",Astrophysics,Sagittarius A*; supermassive black hole; stellar orbits; solar mass units
178,Choose the correct answer: What is the American Petroleum Institute (API) gravity? among the listed options.,API gravity is a measure of how heavy or light a petroleum liquid is compared to water. It is an inverse measure of a petroleum liquid's density relative to that of water and is graduated in degrees on a hydrometer instrument.,Petroleum Engineering,API gravity; petroleum density; hydrometer measurement; fluid properties
179,Identify the correct statement: What is the relationship between the Hamiltonians and eigenstates in supersymmetric quantum mechanics? carefully.,"For every eigenstate of one Hamiltonian, its partner Hamiltonian has a corresponding eigenstate with the same energy.",Quantum Mechanics,supersymmetric quantum mechanics; Hamiltonians; eigenstates; energy degeneracy
180,What is the Kutta condition?,"The Kutta condition is a physical requirement that the fluid moving along the lower and upper surfaces of an airfoil meet smoothly, with no fluid moving around the trailing edge of the airfoil.",Fluid Dynamics,Kutta condition; airfoil aerodynamics; circulation; Kutta-Joukowski theorem; inviscid flow
181,Which of the following is correct? What is the significance of the discovery of the Crab pulsar? from the following choices.,The discovery of the Crab pulsar confirmed the rotating neutron star model of pulsars.,Astrophysics,Crab pulsar; neutron star model; stellar evolution; compact objects
182,Choose the correct answer: What is water hammer? based on the given context.,"Water hammer is a loud banging noise resembling a hammering sound that occurs when moving water is suddenly stopped, causing a rise in pressure and resulting shock wave.",Fluid Dynamics,water hammer; pressure surge; shock wave; hydraulic transients
183,What is the difference between natural convection and forced convection?,"Natural convection occurs when a fluid is in contact with a hot surface, causing the fluid to be less dense and displaced, while forced convection is when a fluid is forced to flow over the surface by an internal source such as fans, stirring, and pumps.",Thermodynamics,natural convection; forced convection; fluid dynamics; heat transfer; buoyancy-driven flow
184,What is geometric quantization in mathematical physics?,Geometric quantization is a mathematical approach to defining a quantum theory corresponding to a given classical theory. It attempts to carry out quantization in such a way that certain analogies between the classical theory and the quantum theory remain manifest.,Mathematical Physics,geometric quantization; classical theory; quantum theory; mathematical approach
185,Which of the following is correct? What is the piezoelectric strain coefficient for AT-cut quartz crystals?,d = 3.1·10‑12 m/V,Materials Science,piezoelectric strain coefficient; AT-cut quartz; crystal oscillators; electromechanical coupling
186,Choose the correct answer: What is the role of methane in Fischer-Tropsch processes?,Methane is partially converted to carbon monoxide for utilization in Fischer-Tropsch processes.,Chemical Engineering,Fischer-Tropsch process; methane conversion; carbon monoxide synthesis; catalytic chemistry
187,Pick the best possible answer: What is organography? among the listed options.,Organography is the scientific description of the structure and function of the organs of living things.,Plant Morphology,organography; apical meristems; botanical structure; organ development
188,Select the most accurate option: What is reciprocal length or inverse length? based on the given context.,"Reciprocal length or inverse length is a quantity or measurement used in several branches of science and mathematics. It is the reciprocal of length, and common units used for this measurement include the reciprocal metre or inverse metre (symbol: m−1), the reciprocal centimetre or inverse centimetre (symbol: cm−1).",Dimensional Analysis,reciprocal length; inverse units; dimensional quantities; unit conversion
189,Select the most accurate option: What is the required excess quark per billion quark-antiquark pairs in the early universe in order to provide all the observed matter in the universe? carefully.,One,Particle Physics,baryon asymmetry; quark-antiquark pairs; early universe; matter-antimatter asymmetry
190,Pick the best possible answer: What is the distinction between natural convection and forced convection? from the following choices.,"Natural convection occurs when a fluid is in contact with a hot surface, causing the fluid to be less dense and displaced, while forced convection is when a fluid is forced to flow over the surface by an internal source such as fans, stirring, and pumps.",Fluid Dynamics,natural convection; forced convection; heat transfer; fluid flow; buoyancy-driven flow
191,Identify the correct statement: What is the main sequence in astronomy? carefully.,The main sequence is a continuous and distinctive band of stars that appears on plots of stellar color versus brightness. Stars on this band are known as main-sequence stars or dwarf stars.,Astrophysics,main sequence; stellar evolution; Hertzsprung-Russell diagram; stellar luminosity
192,Select the most accurate option: What is the propagation constant in sinusoidal waves? among the listed options.,The propagation constant is a complex number that varies with distance due to the phase change in the sinusoidal wave.,Wave Physics,propagation constant; sinusoidal waves; phase change; complex numbers
193,What is the relationship between Coordinated Universal Time (UTC) and Universal Time (UT1)?,"UTC is an atomic time scale designed to approximate Universal Time (UT1), but it differs from UT1 by an integral number of seconds. UTC is kept within 0.9 second of UT1 by the introduction of one-second steps to UTC, the ""leap second"".",Chronometry,Coordinated Universal Time; Universal Time; leap second; atomic time scale; Earth rotation irregularities
194,Identify the correct statement: What is the Minkowski diagram used for? among the listed options.,The Minkowski diagram is used to define concepts and demonstrate properties of Lorentz transformations and to provide geometrical interpretation to the generalization of Newtonian mechanics to relativistic mechanics.,Theoretical Physics,Minkowski diagram; Lorentz transformations; special relativity; relativistic mechanics
195,Select the most accurate option: What are coherent turbulent structures?,"Coherent turbulent structures are more elementary components of complex multi-scale and chaotic motions in turbulent flows, which have temporal coherence and persist in their form for long enough periods that the approachs of time-averaged statistics can be applied.",Fluid Dynamics,coherent turbulent structures; multi-scale motions; temporal coherence; time-averaged statistics
196,Choose the correct answer: Which of the following statements is true about the categorization of planetary structures according to their orbital dynamics? based on the given context.,"Planetary frameworks can be categorized as resonant, non-resonant-interacting, hierarchical, or some combination of these.",Celestial Mechanics,orbital dynamics; planetary frameworks; resonant structures; hierarchical systems
197,Pick the best possible answer: What is the formalism that angular momentum is associated with in rotational invariance? based on the given context.,Angular momentum is the 2-form Noether charge associated with rotational invariance.,Theoretical Physics,Noether charge; rotational invariance; differential forms; angular momentum formalism
198,Pick the best possible answer: What is the role of axioms in a formal principle? based on the given context.,"Basis statements called axioms form the foundation of a formal principle and, together with the deducing rules, help in deriving a set of statements called theorems using proof principle.",Formal Logic,axioms; formal principle; proof principle; theorem derivation; deductive rules
199,What is the relationship between the Cauchy momentum equation and the Navier-Stokes equation?,"The Navier-Stokes equation can be derived from the Cauchy momentum equation by specifying the stress tensor through a constitutive relation, expressing the shear tensor in terms of viscosity and fluid velocity, and assuming constant density and viscosity.",Fluid Dynamics,Cauchy momentum equation; Navier-Stokes equation; constitutive relation; stress tensor; momentum conservation
200,Select the most accurate option: What is Modified Newtonian Dynamics (MOND)? among the listed options.,MOND is a hypothesis that proposes a modification of Newton's law of universal gravitation to account for observed properties of galaxies. It is an alternative to the hypothesis of dark matter in terms of explaining why galaxies do not appear to obey the currently understood laws of physics.,Astrophysics,Modified Newtonian Dynamics; dark matter; universal gravitation; galactic dynamics
201,Pick the best possible answer: What is a trophic level in an ecological pyramid? based on the given context.,A group of organisms that acquire most of their energy from the level below them in the pyramid.,Ecology,trophic level; ecological pyramid; energy flow; food chain dynamics
202,Identify the correct statement: What is the main advantage of ferroelectric memristors? among the listed options.,"Ferroelectric domain dynamics can be tuned, allowing for the engineering of memristor response, and resistance variations are due to purely electronic phenomena, making the device more reliable.",Nanoelectronics,ferroelectric memristors; domain dynamics; piezoelectric field; elastic strain; switching mechanism
203,Determine the correct option: What is the interstellar medium (ISM)?,"The matter and radiation that exist in the space between the star structures in a galaxy, including gas in ionic, atomic, and molecular form, as well as dust and cosmic rays. It fills interstellar space and blends smoothly into the surrounding intergalactic space.",Astrophysics,interstellar medium; cosmic rays; ionic gas; galactic structures
204,Pick the best possible answer: What is the evidence for the existence of a supermassive black hole at the center of the Milky Way galaxy?,"The star S2 follows an elliptical orbit with a period of 15.2 years and a pericenter of 17 light-hours from the center of the central object. From the motion of star S2, the object's mass can be estimated as 4.0 million M☉, or about 7.96×1036 kg. The radius of the central object must be less than 17 light-hours, because otherwise S2 would collide with it. Observations of the star S14 indicate that the radius is no more than 6.25 light-hours, about the diameter of Uranus' orbit. No known astronomical object other than a black hole can contain 4.0 million M☉ in this volume of space.",Astrophysics,supermassive black hole; Sagittarius A*; stellar orbits; solar mass; orbital mechanics
205,Identify the correct statement: What is a crossover experiment? based on the given context.,"A type of experiment used to distinguish between different mechanisms proposed for a chemical reaction, such as intermolecular vs. intramolecular mechanisms.",Chemical Kinetics,crossover experiment; intermolecular mechanism; intramolecular mechanism; reaction kinetics
206,Determine the correct option: What is the Droste effect?,"The Droste effect is a recursive image effect in which a picture appears within itself in a place where a similar picture would realistically be expected to appear. This creates a loop that can continue as far as the image's resolution allows, and is named after a Dutch brand of cocoa.",Visual Arts & Optics,Droste effect; recursive imagery; optical illusion; self-referentiality
207,Select the most accurate option: What is a Hilbert space in quantum mechanics? carefully.,A complex vector space where the state of a quantum mechanical structure is described by a vector |Ψ⟩.,Quantum Mechanics,Hilbert space; complex vector space; quantum state; state vector
208,Pick the best possible answer: What is the second law of thermodynamics? carefully.,The second law of thermodynamics is a physical law based on universal experience concerning heat and energy interconversions. It establishes the concept of entropy as a physical property of a thermodynamic structure and can be used to predict whether processes are forbidden despite obeying the requirement of conservation of energy as expressed in the first law of thermodynamics.,Thermodynamics,second law of thermodynamics; heat energy interconversions; internal energy; cyclic process; conservation of energy
209,Determine the correct option: What did Newton adopt after his correspondence with Hooke in 1679-1680? from the following choices.,The language of inward or centripetal force.,History Of Science,Isaac Newton; Robert Hooke; centripetal force; gravitational theory; scientific correspondence
210,Select the most accurate option: What is the reason behind the largest externally observed electrical effects when two conductors are separated by the smallest distance without touching? based on the given context.,"The surface charge on a conductor depends on the magnitude of the electric field, which in turn depends on the distance between the surfaces.",Electromagnetism,surface charge; electric field; conductor proximity; electrostatic interaction
211,Select the most accurate option: What is the Peierls bracket in canonical quantization? carefully.,The Peierls bracket is a Poisson bracket derived from the action in the canonical quantization technique that converts the quotient algebra into a Poisson algebra.,Theoretical Physics,Peierls bracket; canonical quantization; Poisson algebra; quotient algebra; action principle
212,Which of the following is correct? What is the order parameter that breaks the electromagnetic gauge symmetry in superconductors?,A condensed-matter collective field ψ.,Condensed Matter Physics,order parameter; electromagnetic gauge symmetry; superconductors; collective field
213,Select the most accurate option: Who was the first to determine the velocity of a star moving away from the Earth using the Doppler effect? carefully.,William Huggins,Astrophysics,Doppler effect; stellar velocity; astronomical observation; redshift
214,Which of the following is correct? What is the American Petroleum Institute (API) gravity? carefully.,API gravity is a measure of how heavy or light a petroleum liquid is compared to water. It is an inverse measure of a petroleum liquid's density relative to that of water and is graduated in degrees on a hydrometer instrument.,Petroleum Engineering,API gravity; petroleum density; hydrometer measurement; fluid properties
215,Which of the following statements accurately describes the characteristics of gravitational waves?,"Gravitational waves have an amplitude denoted by h, which represents the size of the wave. The amplitude varies with time according to Einstein's quadrupole formula. Gravitational waves also have a frequency denoted by f, which is the frequency of the wave's oscillation, and a wavelength denoted by λ, which is the distance between points of maximum stretch or squeeze.",General Relativity,gravitational waves; quadrupole formula; wave amplitude; spacetime oscillation
216,Select the most accurate option: What is the 'reactive Leidenfrost effect' observed in non-volatile materials? based on the given context.,"The 'reactive Leidenfrost effect' is a phenomenon where solid particles float above hot surfaces and move erratically, observed in non-volatile materials.",Thermodynamics,reactive Leidenfrost effect; non-volatile materials; surface phenomena; particle dynamics
217,Determine the correct option: Who published the first principle that was able to encompass previously separate field theories to provide a unifying principle of electromagnetism?,Maxwell,Theoretical Physics,Maxwell's equations; electromagnetism; unified field theory; classical mechanics
218,Identify the correct statement: What is the fate of a carbocation formed in crystalline naphthalene? based on the given context.,"The carbocation gains an electron from surrounding molecules, becoming an electrically neutral radical.",Organic Chemistry,carbocation; crystalline naphthalene; ionic stability; chemical decay
219,Pick the best possible answer: What is Minkowski space? based on the given context.,Minkowski space is a mathematical model that combines inertial space and time manifolds with a non-inertial reference frame of space and time into a four-dimensional model relating a position to the field.,Theoretical Physics,Minkowski space; spacetime manifold; four-dimensional model; non-inertial reference frame
220,Select the most accurate option: What is the significance of the change in slope of the pinched hysteresis curves in ReRAM and other forms of two-terminal resistance memory? among the listed options.,"The change in slope of the pinched hysteresis curves demonstrates switching between different resistance states, which is a phenomenon central to ReRAM and other forms of two-terminal resistance memory.",Neuromorphic Engineering,ReRAM; pinched hysteresis curves; memristor; resistance memory; non-crossing curve
221,Choose the correct answer: What is the variation between natural convection and forced convection? from the following choices.,"Natural convection occurs when a fluid is in contact with a hot surface, causing the fluid to be less dense and displaced, while forced convection is when a fluid is forced to flow over the surface by an internal source such as fans, stirring, and pumps.",Fluid Dynamics,natural convection; forced convection; heat transfer; fluid flow; buoyancy-driven flow
222,Determine the correct option: What is indirect photophoresis? based on the given context.,"Indirect photophoresis is a phenomenon that occurs when particles absorb incident light only on the irradiated side, creating a temperature gradient within the particle, and causing a migration of particles in a direction opposite to the surface temperature gradient.",Optical Physics,indirect photophoresis; temperature gradient; particle migration; incident light absorption
223,Select the most accurate option: What is the function of the fibrous cardiac skeleton? based on the given context.,"The fibrous cardiac skeleton provides structure to the heart, forming the atrioventricular septum that separates the atria from the ventricles, and the fibrous rings that serve as bases for the four heart valves.",Cardiac Anatomy,fibrous cardiac skeleton; atrioventricular septum; heart valves; cardiac structure
224,Pick the best possible answer: What is the relationship between the Cauchy momentum equation and the Navier-Stokes equation? from the following choices.,"The Navier-Stokes equation can be derived from the Cauchy momentum equation by specifying the stress tensor through a constitutive relation, expressing the shear tensor in terms of viscosity and fluid velocity, and assuming constant density and viscosity.",Fluid Dynamics,Cauchy momentum equation; Navier-Stokes equation; constitutive relation; stress tensor; fluid viscosity
225,Select the most accurate option: What is the reason behind the adoption of a logarithmic scale of 5√100 ≈ 2.512 between magnitudes in astronomy? from the following choices.,The logarithmic scale was adopted to ensure that five magnitude steps corresponded precisely to a factor of 100 in brightness.,Astrophysics,logarithmic scale; stellar magnitude; apparent brightness; astronomical measurements
226,What is the synapstor or synapse transistor?,A device used to demonstrate a neuro-inspired circuit that shows long-term potentiation for learning and inactivity-based forgetting.,Neuromorphic Engineering,synapse transistor; short-term potentiation; neuro-inspired circuits; inactivity-based forgetting
227,Determine the correct option: What is the revised view of the atmosphere's nature based on the time-varying multistability that is associated with the modulation of large-scale processes and aggregated feedback of small-scale processes? among the listed options.,"The atmosphere possesses both chaos and order, including emerging organized mechanisms and time-varying forcing from recurrent seasons.",Atmospheric Science,time-varying multistability; aggregated feedback; large-scale processes; emerging organized mechanisms
228,Determine the correct option: What is an order parameter?,An order parameter is a measure of the degree of symmetry breaking in a physical framework.,Condensed Matter Physics,order parameter; symmetry breaking; phase transitions; physical framework
229,Choose the correct answer: What is the Kutta condition? based on the given context.,"The Kutta condition is a physical requirement that the fluid moving along the lower and upper surfaces of an airfoil meet smoothly, with no fluid moving around the trailing edge of the airfoil.",Fluid Dynamics,Kutta condition; airfoil aerodynamics; circulation; Kutta-Joukowski theorem
230,Select the most accurate option: What is the 'reactive Leidenfrost effect' observed in non-volatile materials? from the following choices.,"The 'reactive Leidenfrost effect' is a phenomenon where solid particles float above hot surfaces and move erratically, observed in non-volatile materials.",Thermodynamics,reactive Leidenfrost effect; non-volatile materials; surface phenomena; particle dynamics
231,Determine the correct option: Who was the first to determine the velocity of a star moving away from the Earth using the Doppler effect? based on the given context.,William Huggins,Astrophysics,Doppler effect; stellar velocity; Fraunhofer lines; astronomical spectroscopy
232,Identify the correct statement: What is the main focus of the Environmental Science Center at Qatar University? based on the given context.,"Environmental studies, with a main focus on marine science, atmospheric and biological sciences.",Environmental Science,marine science; atmospheric sciences; environmental studies; biological sciences
233,Determine the correct option: What is a phageome? among the listed options.,"A community of bacteriophages and their metagenomes localized in a particular environment, similar to a microbiome.",Microbial Ecology,phageome; metagenomics; bacteriophages; microbial communities
234,Determine the correct option: What is the relationship between the complete electromagnetic Hamiltonian of a molecule and the parity operation? based on the given context.,"The complete electromagnetic Hamiltonian of any molecule is invariant to the parity operation, and its eigenvalues can be given the parity symmetry label + or - depending on whether they are even or odd, respectively.",Quantum Chemistry,electromagnetic Hamiltonian; parity operation; symmetry labels; molecular eigenvalues
235,What is the main sequence in astronomy?,The main sequence is a continuous and distinctive band of stars that appears on plots of stellar color versus brightness. Stars on this band are known as main-sequence stars or dwarf stars.,Astrophysics,main sequence; stellar evolution; Hertzsprung-Russell diagram; dwarf stars
236,Select the most accurate option: What is a trophic level in an ecological pyramid? based on the given context.,A group of organisms that acquire most of their energy from the level below them in the pyramid.,Ecology,trophic level; ecological pyramid; energy flow; ecostructure
237,"Determine the correct option: What is the ""ultraviolet catastrophe""? carefully.",It is the misbehavior of a formula for higher frequencies.,Quantum Physics,ultraviolet catastrophe; classical physics; electromagnetic radiation; energy distribution
238,Choose the correct answer: What is water hammer?,"Water hammer is a loud banging noise resembling a hammering sound that occurs when moving water is suddenly stopped, causing a rise in pressure and resulting shock wave.",Fluid Dynamics,water hammer; pressure surge; shock wave; hydraulic transients; fluid mechanics
239,Choose the correct answer: What is water hammer? based on the given context.,"Water hammer is a loud banging noise resembling a hammering sound that occurs when moving water is suddenly stopped, causing a rise in pressure and resulting shock wave.",Fluid Dynamics,water hammer; pressure surge; shock wave; hydraulic transients
240,Determine the correct option: What is the Heisenberg uncertainty principle and how does it relate to angular momentum in quantum mechanics? based on the given context.,"The Heisenberg uncertainty principle states that at any given time, only one projection of angular momentum can be measured with definite precision, while the other two remain uncertain. This is because angular momentum, like other quantities in quantum mechanics, is expressed as an operator with quantized eigenvalues.",Quantum Mechanics,Heisenberg uncertainty principle; angular momentum; tensorial operator; quantized eigenvalues; spin
241,Which of the following is correct? What is the significance of the redshift-distance relationship in determining the expansion history of the universe? among the listed options.,"Observations of the redshift-distance relationship can be used to determine the expansion history of the universe and the matter and energy content, especially for distant galaxies whose light has been travelling to us for much longer times.",Cosmology,redshift-distance relationship; expansion history; matter and energy content; galactic observation
242,Identify the correct statement: What are permutation-inversion groups? based on the given context.,"Permutation-inversion groups are groups of symmetry operations that are energetically feasible permutations of identical nuclei or inversion with respect to the center of mass, or a combination of both.",Molecular Symmetry,permutation-inversion groups; symmetry operations; identical nuclei; center of mass; molecular rotation
243,Pick the best possible answer: What is X-ray pulsar-based navigation (XNAV)?,"X-ray pulsar-based navigation (XNAV) is a navigation technique that uses the periodic X-ray signals emitted from pulsars to determine the location of a vehicle in deep space, such as a spacecraft.",Aerospace Engineering,X-ray pulsar-based navigation; XNAV; deep space navigation; pulsar signals
244,Pick the best possible answer: What is the definition of Atomristor? from the following choices.,Atomristor is defined as the electrical devices showing memristive behavior in atomically thin nanomaterials or atomic sheets.,Nanoelectronics,Atomristor; memristive devices; MoOx/MoS2 heterostructure; transition metal dichalcogenides; atomically thin nanomaterials
245,Choose the correct answer: What is the function of the fibrous cardiac skeleton?,"The fibrous cardiac skeleton provides structure to the heart, forming the atrioventricular septum that separates the atria from the ventricles, and the fibrous rings that serve as bases for the four heart valves.",Cardiac Anatomy,fibrous cardiac skeleton; atrioventricular septum; heart valves; myocardial structure
246,"Determine the correct option: What is a ""coffee ring"" in physics? carefully.","A pattern left by a particle-laden liquid after it evaporates, named for the characteristic ring-like deposit along the perimeter of a spill of coffee or red wine.",Fluid Dynamics,coffee ring effect; evaporation kinetics; particle-laden liquid; surface tension; deposition patterns
247,Determine the correct option: Which of the following statements accurately describes the relationship between the dimensions of a diffracting object and the angular spacing of features in the diffraction pattern? carefully.,"The angular spacing of features in the diffraction pattern is inversely proportional to the dimensions of the object causing the diffraction. Therefore, if the diffracting object is smaller, the resulting diffraction pattern will be wider.",Wave Optics,diffraction pattern; angular spacing; wave interference; optical physics
248,Select the most accurate option: What is the Ozma Problem? based on the given context.,"The Ozma Problem is a conundrum that examines whether there is any fundamental asymmetry to the universe. It concerns various aspects of atomic and subatomic physics and how they relate to mirror asymmetry and the related concepts of chirality, antimatter, magnetic and electrical polarity, parity, charge and spin.",Theoretical Physics,Ozma Problem; mirror asymmetry; chirality; time invariance; parity
249,Identify the correct statement: What is the term used to describe the proportionality factor to the Stefan-Boltzmann law that is utilized in subsequent evaluations of the radiative behavior of grey bodies?,Emissivity,Thermodynamics,Stefan-Boltzmann law; grey bodies; emissivity; radiative behavior; black-body radiation
250,Select the most accurate option: What is the Josephson effect? from the following choices.,"The Josephson effect is a phenomenon exploited by superconducting devices such as SQUIDs. It is used in the most accurate available measurements of the magnetic flux quantum Φ0 = h/(2e), where h is the Planck constant.",Quantum Physics,Josephson effect; SQUIDs; magnetic flux quantum; Planck constant; superconductivity
251,Which of the following is correct? What is the Heisenberg uncertainty principle and how does it relate to angular momentum in quantum mechanics? from the following choices.,"The Heisenberg uncertainty principle states that at any given time, only one projection of angular momentum can be measured with definite precision, while the other two remain uncertain. This is because angular momentum, like other quantities in quantum mechanics, is expressed as an operator with quantized eigenvalues.",Quantum Mechanics,Heisenberg uncertainty principle; angular momentum; tensorial operator; quantized eigenvalues; spin
252,Which of the following is correct? What are the four qualitative levels of crystallinity described by geologists? carefully.,"Holocrystalline, hypocrystalline, hypohyaline, and holohyaline",Geology,crystallinity levels; holocrystalline; hypocrystalline; hypercrystalline; hyperhyaline
253,Pick the best possible answer: What is the result of the collapse of a cavitation bubble? among the listed options.,"The collapse of a cavitation bubble causes a sharp enhance in pressure and temperature of the vapor within, releasing a significant amount of energy in the form of an acoustic shock wave and visible light.",Fluid Dynamics,cavitation bubble; acoustic shock wave; implosion; pressure-temperature spike
254,Select the most accurate option: What is the significance of the change in slope of the pinched hysteresis curves in ReRAM and other forms of two-terminal resistance memory?,"The change in slope of the pinched hysteresis curves demonstrates switching between different resistance states, which is a phenomenon central to ReRAM and other forms of two-terminal resistance memory.",Neuromorphic Engineering,ReRAM; pinched hysteresis curves; memristor; resistance memory; non-crossing curve
255,Select the most accurate option: What is the information loss paradox in black holes? based on the given context.,"Black holes have only a few internal parameters, so most of the information about the matter that went into forming the black hole is lost. Regardless of the type of matter which goes into a black hole, it appears that only information concerning the total mass, charge, and angular momentum are conserved. As black holes evaporate by emitting Hawking radiation, the information is lost forever.",Theoretical Physics,information loss paradox; Hawking radiation; black hole evaporation; quantum mechanics
256,Determine the correct option: What is the main focus of cryogenic and noble liquid detectors in dark matter experiments? carefully.,Distinguishing background particles from dark matter particles by detecting the heat produced when a particle hits an atom in a crystal absorber or the scintillation produced by a particle collision in liquid xenon or argon.,Particle Physics,cryogenic detectors; noble liquid detectors; scintillation; interaction cross section; dark matter detection
257,Which of the following is correct? Which of the following statements accurately describes the blocking temperature of an antiferromagnetic layer in a spin valve?,The blocking temperature of an antiferromagnetic layer in a spin valve is the temperature at or above which the layer ceases to prevent the orientation of an adjacent ferromagnetic layer. The blocking temperature is typically lower than the Néel temperature.,Spintronics,antiferromagnetic layer; spin valve; blocking temperature; Néel temperature; magnetic pinning
258,Choose the correct answer: What is a uniform tiling in the hyperbolic plane? among the listed options.,"A uniform tiling in the hyperbolic plane is an edge-to-edge filling of the hyperbolic plane, with regular polygons as faces. These are vertex-transitive and isogonal.",Hyperbolic Geometry,uniform tiling; hyperbolic plane; vertex-transitive; isogonal; tessellation
259,Identify the correct statement: What is the effect generated by a spinning superconductor? among the listed options.,"A magnetic field, precisely aligned with the spin axis.",Condensed Matter Physics,superconductor; spin axis; magnetic field; quantum mechanics
260,What is the definition of Atomristor?,Atomristor is defined as the electrical devices showing memristive behavior in atomically thin nanomaterials or atomic sheets.,Nanoelectronics,memristive devices; MoOx/MoS2 heterostructure; memcapacitive effect; transition metal dichalcogenides; solution-processing technology
261,What is the significance of regularization in terms of renormalization problems in physics?,Regularizing the mass-energy of an electron with a finite radius is a means of demonstrating that a system below a certain size can be explained without the need for further calculations. This approach can be applied to other renormalization problems as well.,Theoretical Physics,renormalization; regularization; mass-energy; singularities; quantum field theory
262,Determine the correct option: What is the most popular explanation for the shower-curtain effect? from the following choices.,Bernoulli's principle,Fluid Dynamics,Bernoulli's principle; pressure differential; fluid velocity; aerodynamic effects
263,Select the most accurate option: What is a Hilbert space in quantum mechanics? among the listed options.,A complex vector space where the state of a quantum mechanical framework is described by a vector |Ψ⟩.,Quantum Mechanics,Hilbert space; complex vector space; state vector; quantum mechanical framework
264,Which of the following is correct? What is the function of the fibrous cardiac skeleton? carefully.,"The fibrous cardiac skeleton provides structure to the heart, forming the atrioventricular septum that separates the atria from the ventricles, and the fibrous rings that serve as bases for the four heart valves.",Cardiac Anatomy,fibrous cardiac skeleton; atrioventricular septum; heart valves; myocardial structure
265,Choose the correct answer: What is the definition of anatomy? based on the given context.,Anatomy is a branch of morphology that deals with the structure of organisms.,Biological Morphology,anatomy; structural morphology; body plan; taxonomical categorization; structure-function relationship
266,Determine the correct option: What is the distinction between natural convection and forced convection?,"Natural convection occurs when a fluid is in contact with a hot surface, causing the fluid to be less dense and displaced, while forced convection is when a fluid is forced to flow over the surface by an internal source such as fans, stirring, and pumps.",Fluid Dynamics,natural convection; forced convection; heat transfer; fluid flow; buoyancy-driven flow
267,Select the most accurate option: What is radiometric dating? among the listed options.,"Radiometric dating is a procedure of measuring geological time using radioactive decay, discovered in the early 20th century.",Geochronology,radiometric dating; radioactive decay; geological time; isotope analysis
268,Identify the correct statement: What is the definition of an improper rotation?,"An improper rotation is the combination of a rotation about an axis and reflection in a plane perpendicular to that axis, or inversion about a point on the axis. The order of the rotation and reflection does not matter, and the symmetry elements for improper rotation are the rotation axis, and either the mirror plane, the inversion point, or both.",Crystallography,improper rotation; symmetry elements; mirror plane; inversion point; rotation axis
269,Select the most accurate option: What is the proper distance for a redshift of 8.2? from the following choices.,"The proper distance for a redshift of 8.2 is about 9.2 Gpc, or about 30 billion light-years.",Cosmology,proper distance; redshift; gigaparsecs; expansion of the universe
270,Identify the correct statement: What is the formalism that angular momentum is associated with in rotational invariance? from the following choices.,Angular momentum is the 2-form Noether charge associated with rotational invariance.,Theoretical Physics,Noether charge; rotational invariance; differential forms; angular momentum formalism
271,Determine the correct option: What is a trophic level in an ecological pyramid?,A group of organisms that acquire most of their energy from the level below them in the pyramid.,Ecology,trophic level; ecological pyramid; energy flow; ecostructure
272,Select the most accurate option: What is the function of mammary glands in mammals? based on the given context.,Mammary glands produce milk to feed the young.,Mammalian Physiology,mammary glands; lactation; reproductive biology; mammalian anatomy
273,What is the proper distance for a redshift of 8.2?,"The proper distance for a redshift of 8.2 is about 9.2 Gpc, or about 30 billion light-years.",Cosmology,redshift; proper distance; gigaparsecs; light-years
274,Pick the best possible answer: What is the reason for the formation of stars exclusively within molecular clouds?,"The low temperatures and high densities of molecular clouds cause the gravitational force to exceed the internal pressures that are acting ""outward"" to prevent a collapse.",Astrophysics,stellar formation; molecular clouds; gravitational collapse; hydrostatic equilibrium
275,"Select the most accurate option: Which of the following statements accurately describes the impact of Modified Newtonian Dynamics (MOND) on the observed ""missing baryonic mass"" discrepancy in galaxy clusters? among the listed options.",MOND is a framework that reduces the discrepancy between the observed missing baryonic mass in galaxy clusters and the measured velocity dispersions from a factor of around 10 to a factor of about 2.,Astrophysics,Modified Newtonian Dynamics; baryonic mass; velocity dispersions; galaxy clusters
276,"Which of the following statements accurately depicts the relationship between Gauss's law, electric flux, electric field, and symmetry in electric fields?","Gauss's law holds in all cases, but it is most useful for calculations involving symmetric electric fields, like those with spherical or cylindrical symmetry, as they allow for simpler algebraic manipulations. Electric flux is not affected by distant charges outside the closed surface, whereas the net electric field, E, can be influenced by any charges positioned outside of the closed surface. In SI base units, the electric flux is expressed as kg·m3·s−3·A−1.",Electromagnetism,Gauss's law; electric flux; spherical symmetry; cylindrical symmetry; closed surface
277,Pick the best possible answer: What is the relation between the three moment theorem and the bending moments at three successive supports of a continuous beam? based on the given context.,"The three moment theorem describes the relationship between bending moments at three successive supports of a continuous beam, subject to a loading on two adjacent spans with or without settlement of the supports.",Structural Engineering,three moment theorem; bending moments; continuous beam; deflection curve; support settlement
278,Identify the correct statement: What is a light-year? carefully.,A unit of length used to express astronomical distances that is equivalent to the distance that an object moving at the speed of light in vacuum would travel in one Julian year: approximately 9.46 trillion kilometres (9.46×1012 km) or 5.88 trillion miles (5.88×1012 mi).,Astronomy,light-year; Julian year; astronomical distances; speed of light; vacuum velocity
279,Select the most accurate option: What is the result of the collapse of a cavitation bubble? based on the given context.,"The collapse of a cavitation bubble causes a sharp enhance in pressure and temperature of the vapor within, releasing a significant amount of energy in the form of an acoustic shock wave and visible light.",Fluid Dynamics,cavitation bubble; acoustic shock wave; pressure enhancement; vapor implosion
280,"Pick the best possible answer: What is the ""ultraviolet catastrophe""? based on the given context.",It is the misbehavior of a formula for higher frequencies.,Quantum Physics,ultraviolet catastrophe; classical physics; electromagnetic radiation; energy distribution
281,Identify the correct statement: What is the second law of thermodynamics? based on the given context.,The second law of thermodynamics is a physical law based on universal experience concerning heat and energy interconversions. It establishes the concept of entropy as a physical property of a thermodynamic framework and can be used to predict whether processes are forbidden despite obeying the requirement of conservation of energy as expressed in the first law of thermodynamics.,Thermodynamics,second law of thermodynamics; heat energy interconversions; internal energy; cyclic process; conservation of energy
282,Select the most accurate option: What is the significance of the high degree of fatty-acyl disorder in the thylakoid membranes of plants? carefully.,The high degree of fatty-acyl disorder in the thylakoid membranes of plants allows for innate fluidity even at relatively low temperatures.,Plant Biochemistry,thylakoid membranes; fatty-acyl disorder; membrane fluidity; gel-to-liquid crystalline phase transition
283,Select the most accurate option: What is the reason for the stochastic nature of all observed resistance-switching processes? based on the given context.,"The device is subjected to random thermal fluctuations, which trigger the switching event, but it is impossible to predict when it will occur.",Neuromorphic Engineering,resistance-switching processes; stochasticity; free-energy barriers; thermal fluctuations; memristive devices
284,"Pick the best possible answer: What is the relationship between mass, force, and acceleration, according to Sir Isaac Newton's laws of motion? among the listed options.","Mass is an inertial property that determines an object's tendency to remain at constant velocity unless acted upon by an outside force. According to Newton's laws of motion and the formula F = ma, an object with a mass of one kilogram accelerates at one meter per second per second when acted upon by a force of one newton.",Classical Mechanics,Newton's laws of motion; inertial property; force-mass-acceleration; kinematics
285,Identify the correct statement: What is a Hilbert space in quantum mechanics? carefully.,A complex vector space where the state of a quantum mechanical framework is described by a vector |Ψ⟩.,Quantum Mechanics,Hilbert space; complex vector space; quantum state vector; wave function; quantum framework
286,What is a Schwarzschild black hole?,"A black hole that has mass but neither electric charge nor angular momentum, and is spherically symmetric, according to Birkhoff's theorem.",General Relativity,Schwarzschild black hole; Birkhoff's theorem; angular momentum; spherical symmetry
287,Determine the correct option: What is the reason for recycling rare metals according to the United Nations? among the listed options.,"The demand for rare metals will quickly exceed the consumed tonnage in 2013, and recycling rare metals with a worldwide production lower than 100 000 t/year is urgent and priority should be placed on it in order to conserve natural resources and energy.",Resource Economics,rare metal recycling; resource conservation; production tonnage; sustainable development
288,Pick the best possible answer: Which of the following statements accurately describes the dimension of an object in a CW complex?,"The dimension of an object in a CW complex is the largest n for which the n-skeleton is nontrivial, where the empty set is considered to have dimension -1 and the boundary of a discrete set of points is the empty set.",Algebraic Topology,CW complex; n-skeleton; critical points; dimension theory
289,Pick the best possible answer: What is the main focus of cryogenic and noble liquid detectors in dark matter experiments? among the listed options.,Distinguishing background particles from dark matter particles by detecting the heat produced when a particle hits an atom in a crystal absorber or the scintillation produced by a particle collision in liquid xenon or argon.,Particle Physics,cryogenic detectors; noble liquid detectors; dark matter experiments; scintillation; interaction cross section
290,Pick the best possible answer: What was the aim of the Gravity Probe B (GP-B) mission? among the listed options.,"To measure spacetime curvature near Earth, with particular emphasis on gravitomagnetism.",General Relativity,Gravity Probe B; gravitomagnetism; spacetime curvature; geodetic effect; de Sitter precession
291,Determine the correct option: What is the Kutta condition?,"The Kutta condition is a physical requirement that the fluid moving along the lower and upper surfaces of an airfoil meet smoothly, with no fluid moving around the trailing edge of the airfoil.",Fluid Dynamics,Kutta condition; airfoil aerodynamics; circulation; Kutta-Joukowski theorem; inviscid flow
292,Choose the correct answer: What is Modified Newtonian Dynamics (MOND)? based on the given context.,MOND is a hypothesis that proposes a modification of Newton's law of universal gravitation to account for observed properties of galaxies. It is an alternative to the hypothesis of dark matter in terms of explaining why galaxies do not appear to obey the currently understood laws of physics.,Astrophysics,Modified Newtonian Dynamics; dark matter; universal gravitation; galactic dynamics
293,"Select the most accurate option: What is the concept of simultaneity in Einstein's book, Relativity? from the following choices.","Simultaneity is relative, meaning that two events that appear simultaneous to an observer in a particular inertial reference frame need not be judged as simultaneous by a second observer in a different inertial frame of reference.",Theoretical Physics,relativity of simultaneity; inertial reference frame; special relativity; spacetime physics
294,What is the reason for the stochastic nature of all observed resistance-switching processes?,"The device is subjected to random thermal fluctuations, which trigger the switching event, but it is impossible to predict when it will occur.",Neuromorphic Engineering,resistance-switching processes; free-energy barriers; stochastic switching; thermal fluctuations; memristive devices
295,Determine the correct option: What is the significance of Baryon Acoustic Oscillations (BAOs) in the study of the universe?,"BAOs establish a preferred length scale for baryons, which can be used to detect a subtle preference for pairs of galaxies to be separated by 147 Mpc, compared to those separated by 130-160 Mpc.",Cosmology,Baryon Acoustic Oscillations; cosmic microwave background; galaxy distribution; preferred length scale
296,Determine the correct option: What is the variation between illuminance and luminance? among the listed options.,"Illuminance is the amount of light falling on a surface per unit area, while luminance is the amount of light emitted by a source per unit area.",Photometry,illuminance; luminance; luminous flux; radiometric measurement
297,Identify the correct statement: What is the purpose of measuring the Larmor precession fields at about 100 microtesla with highly sensitive superconducting quantum interference devices (SQUIDs) in ultra-low field MRI? based on the given context.,"To obtain sufficient signal quality in the microtesla-to-millitesla range, where MRI has been demonstrated recently.",Magnetic Resonance Imaging,Larmor precession; superconducting quantum interference devices; ultra-low field MRI; T1 relaxation; magnetization measurement
298,Select the most accurate option: What is the term used to describe the proportionality factor to the Stefan-Boltzmann law that is utilized in subsequent evaluations of the radiative behavior of grey bodies? among the listed options.,Emissivity,Thermodynamics,Stefan-Boltzmann law; grey bodies; emissivity; radiative behavior; black-body radiation
299,Pick the best possible answer: What is the definition of an improper rotation? from the following choices.,"An improper rotation is the combination of a rotation about an axis and reflection in a plane perpendicular to that axis, or inversion about a point on the axis. The order of the rotation and reflection does not matter, and the symmetry elements for improper rotation are the rotation axis, and either the mirror plane, the inversion point, or both.",Crystallography,improper rotation; symmetry elements; mirror plane; inversion point; rotation axis
300,Which of the following is correct? What is the most popular explanation for the shower-curtain effect? from the following choices.,Bernoulli's principle,Fluid Dynamics,Bernoulli's principle; pressure differential; fluid velocity; aerodynamic effects
301,Choose the correct answer: What is the purpose of measuring the Larmor precession fields at about 100 microtesla with highly sensitive superconducting quantum interference devices (SQUIDs) in ultra-low field MRI?,"To obtain sufficient signal quality in the microtesla-to-millitesla range, where MRI has been demonstrated recently.",Magnetic Resonance Imaging,Larmor precession; superconducting quantum interference devices; ultra-low field MRI; T1 relaxation; magnetization
302,Which of the following is correct? What is the reason that it is nearly impossible to see light emitted at the Lyman-alpha transition wavelength from a star farther than a few hundred light years from Earth?,"Far ultraviolet light is absorbed effectively by the neutral components of the ISM, including atomic hydrogen, which has a typical absorption wavelength of about 121.5 nanometers, the Lyman-alpha transition.",Astrophysics,Lyman-alpha transition; interstellar medium; ultraviolet absorption; atomic hydrogen; spectral analysis
303,Choose the correct answer: What is the relationship between dielectric loss and the transparency of a material? based on the given context.,"Dielectric loss in a material can cause absorption, which can reduce the material's transparency at higher frequencies.",Materials Science,dielectric loss; material transparency; electromagnetic absorption; high-frequency refraction
304,Determine the correct option: What is the effect generated by a spinning superconductor? based on the given context.,"A magnetic field, precisely aligned with the spin axis.",Condensed Matter Physics,superconductor; spin axis; magnetic field; quantum mechanics
305,What is the difference between active and passive transport in cells?,"Passive transport is powered by the arithmetic sum of osmosis and an electric field, while active transport requires energy input from the cell.",Cell Biology,active transport; passive transport; osmosis; cellular energetics
306,Pick the best possible answer: What is the relationship between the Wigner function and the density matrix operator? from the following choices.,"The Wigner function W(x, p) is the Wigner transform of the density matrix operator ρ̂, and the trace of an operator with the density matrix Wigner-transforms to the equivalent phase-space integral overlap of g(x,p) with the Wigner function.",Quantum Mechanics,Wigner function; density matrix operator; phase-space integral; Moyal bracket
307,Determine the correct option: What is explicit symmetry breaking in theoretical physics?,"Explicit symmetry breaking is the breaking of a symmetry of a principle by terms in its defining equations of motion that do not respect the symmetry, usually in situations where these symmetry-breaking terms are small, so that the symmetry is approximately respected by the principle.",Theoretical Physics,explicit symmetry breaking; equations of motion; symmetry principles; theoretical mechanics
308,Identify the correct statement: Who was Giordano Bruno? based on the given context.,An Italian philosopher who supported the Copernican principle that Earth and other planets orbit the Sun and believed that fixed stars are similar to the Sun and have planets orbiting them.,History Of Science,Giordano Bruno; Copernican principle; celestial mechanics; astronomical philosophy
309,Determine the correct option: What is water hammer? based on the given context.,"Water hammer is a loud banging noise resembling a hammering sound that occurs when moving water is suddenly stopped, causing a rise in pressure and resulting shock wave.",Fluid Dynamics,water hammer; pressure surge; shock wave; hydraulic transients
310,Select the most accurate option: What is the Peierls bracket in canonical quantization? carefully.,The Peierls bracket is a Poisson bracket derived from the action in the canonical quantization technique that converts the quotient algebra into a Poisson algebra.,Theoretical Physics,Peierls bracket; canonical quantization; Poisson algebra; quotient algebra; action principle
311,Determine the correct option: What is the effect generated by a spinning superconductor?,"A magnetic field, precisely aligned with the spin axis.",Condensed Matter Physics,superconductor; magnetic field; spin axis; quantum phenomena
312,Determine the correct option: What is spontaneous symmetry breaking? from the following choices.,"Spontaneous symmetry breaking occurs when the action of a concept has a symmetry, but the vacuum state violates this symmetry. In that case, there will exist a local operator that is non-invariant under the symmetry, giving it a nonzero vacuum expectation value.",Theoretical Physics,spontaneous symmetry breaking; vacuum expectation value; local operator; gauge symmetry
313,Select the most accurate option: What was Pierre de Fermat's solution to the problem of refraction? based on the given context.,"Fermat supposed that light took the path of least resistance, and that different media offered different resistances. His eventual solution, described in a letter to La Chambre dated 1 January 1662, construed ""resistance"" as inversely proportional to speed, so that light took the path of least time. That premise yielded the ordinary law of refraction, provided that light traveled more slowly in the optically denser medium.",Optics,Fermat's principle; law of refraction; principle of least time; optical density
314,Identify the correct statement: What is the Erlangen program? carefully.,"The Erlangen program is a technique of characterizing geometries based on group concept and projective geometry, published by Felix Klein in 1872 as Vergleichende Betrachtungen über neuere geometrische Forschungen.",Geometry Theory,Erlangen program; group theory; projective geometry; Felix Klein
315,Select the most accurate option: What is the reason for the sun appearing slightly yellowish when viewed from Earth? from the following choices.,"The longer wavelengths of light, such as red and yellow, are not scattered away and are directly visible when looking towards the sun.",Atmospheric Optics,Rayleigh scattering; light wavelength; atmospheric refraction; spectral absorption
316,What is the reason for the sun appearing slightly yellowish when viewed from Earth?,"The longer wavelengths of light, such as red and yellow, are not scattered away and are directly visible when looking towards the sun.",Atmospheric Optics,Rayleigh scattering; light wavelength; atmospheric refraction; spectral absorption
317,Pick the best possible answer: What is the metallicity of Kapteyn's star estimated to be? from the following choices.,8 times less than the Sun,Astrophysics,stellar metallicity; Kapteyn's star; stellar composition; astronomical measurements
318,Determine the correct option: How many crystallographic point groups are there in three-dimensional space? from the following choices.,32,Crystallography,crystallographic point groups; three-dimensional space; symmetry operations; crystal systems
319,What is the Minkowski diagram used for?,The Minkowski diagram is used to define concepts and demonstrate properties of Lorentz transformations and to provide geometrical interpretation to the generalization of Newtonian mechanics to relativistic mechanics.,Theoretical Physics,Minkowski diagram; Lorentz transformations; special relativity; relativistic mechanics
320,What is a light-year?,A unit of length used to express astronomical distances that is equivalent to the distance that an object moving at the speed of light in vacuum would travel in one Julian year: approximately 9.46 trillion kilometres (9.46×1012 km) or 5.88 trillion miles (5.88×1012 mi).,Astronomy,light-year; Julian year; astronomical distances; speed of light; vacuum velocity
321,Pick the best possible answer: What is a regular polytope?,A regular polytope is a geometric shape whose symmetry group is transitive on its flags.,Discrete Geometry,regular polytope; symmetry group; flag-transitivity; geometric topology
322,"Choose the correct answer: Which of the following statements accurately describes the impact of Modified Newtonian Dynamics (MOND) on the observed ""missing baryonic mass"" discrepancy in galaxy clusters? carefully.",MOND is a framework that reduces the discrepancy between the observed missing baryonic mass in galaxy clusters and the measured velocity dispersions from a factor of around 10 to a factor of about 2.,Astrophysics,Modified Newtonian Dynamics; baryonic mass; velocity dispersions; galaxy clusters
323,Determine the correct option: What are some models that attempt to account for all observations without invoking supplemental non-baryonic matter? based on the given context.,"Modified Newtonian dynamics, tensor–vector–scalar gravity, or entropic gravity.",Theoretical Physics,Modified Newtonian dynamics; non-baryonic matter; tensor–vector–scalar gravity; entropic gravity
324,"Select the most accurate option: How do the Lunar Laser Ranging Experiment, radar astronomy, and the Deep Space Network determine distances to the Moon, planets, and spacecraft? carefully.",They measure round-trip transit times.,Space Science,Lunar Laser Ranging; radar astronomy; round-trip transit time; Deep Space Network
325,"Select the most accurate option: Who proposed the concept of ""maximal acceleration""? among the listed options.",Eduardo R. Caianiello,Theoretical Physics,maximal acceleration; quantum gravity; Caianiello's theory; spacetime geometry
326,What is the 'reactive Leidenfrost effect' observed in non-volatile materials?,"The 'reactive Leidenfrost effect' is a phenomenon where solid particles float above hot surfaces and move erratically, observed in non-volatile materials.",Thermodynamics,reactive Leidenfrost effect; non-volatile materials; surface phenomena; particle dynamics
327,Determine the correct option: What are some models that attempt to account for all observations without invoking supplemental non-baryonic matter?,"Modified Newtonian dynamics, tensor–vector–scalar gravity, or entropic gravity.",Theoretical Physics,Modified Newtonian dynamics; tensor–vector–scalar gravity; entropic gravity; non-baryonic matter
328,Which of the following is correct? What is the piezoelectric strain coefficient for AT-cut quartz crystals?,d = 3.1·10‑12 m/V,Materials Science,piezoelectric strain coefficient; AT-cut quartz; crystal oscillators; electromechanical coupling
329,Which of the following is correct? What is the Ozma Problem? from the following choices.,"The Ozma Problem is a conundrum that examines whether there is any fundamental asymmetry to the universe. It concerns various aspects of atomic and subatomic physics and how they relate to mirror asymmetry and the related concepts of chirality, antimatter, magnetic and electrical polarity, parity, charge and spin.",Theoretical Physics,Ozma Problem; mirror asymmetry; parity; chirality; subatomic physics
330,Pick the best possible answer: What is the function of the fibrous cardiac skeleton?,"The fibrous cardiac skeleton provides structure to the heart, forming the atrioventricular septum that separates the atria from the ventricles, and the fibrous rings that serve as bases for the four heart valves.",Cardiac Anatomy,fibrous cardiac skeleton; atrioventricular septum; heart valves; myocardial structure
331,Choose the correct answer: Which of the following statements accurately describes the relationship between the dimensions of a diffracting object and the angular spacing of features in the diffraction pattern? from the following choices.,"The angular spacing of features in the diffraction pattern is inversely proportional to the dimensions of the object causing the diffraction. Therefore, if the diffracting object is smaller, the resulting diffraction pattern will be wider.",Wave Optics,diffraction pattern; angular spacing; wave interference; optical physics
332,"Identify the correct statement: What is the purpose of expressing a map's scale as a ratio, such as 1:10,000? carefully.",To indicate the relationship between the size of the map and the size of the area being represented.,Cartography,map scale; representative fraction; spatial representation; geographic projection
333,Select the most accurate option: What is the contrast between active and passive transport in cells? from the following choices.,"Passive transport is powered by the arithmetic sum of osmosis and an electric field, while active transport requires energy input from the cell.",Cell Biology,active transport; passive transport; cellular energetics; osmosis; electrochemical gradient
334,Select the most accurate option: Which of the following statements accurately describes the blocking temperature of an antiferromagnetic layer in a spin valve? from the following choices.,The blocking temperature of an antiferromagnetic layer in a spin valve is the temperature at or above which the layer ceases to prevent the orientation of an adjacent ferromagnetic layer. The blocking temperature is typically lower than the Néel temperature.,Spintronics,antiferromagnetic layer; spin valve; blocking temperature; Néel temperature; magnetic pinning
335,Determine the correct option: Which of the following statements accurately describes the origin and significance of the triskeles symbol?,"The triskeles symbol was reconstructed as a feminine divine triad by the rulers of Syracuse, and later adopted as an emblem. Its usage may also be related to the Greek name of Sicily, Trinacria, which means ""having three headlands."" The head of Medusa at the center of the Sicilian triskeles represents the three headlands.",Cultural History,triskeles symbol; Trinacria; Syracuse; feminine divine triad; Sicilian heraldry
336,Choose the correct answer: What is a virtual particle? among the listed options.,A particle that is not directly observable but is inferred from its effects on measurable particles.,Quantum Physics,virtual particles; quantum field theory; particle physics; observable effects
337,Select the most accurate option: What is the SI base unit of time and how is it defined? based on the given context.,"The SI base unit of time is the second, which is defined by measuring the electronic transition frequency of caesium atoms.",Metrology,SI base units; caesium atom transition; time measurement; international system units
338,Identify the correct statement: What is a virtual particle? based on the given context.,A particle that is not directly observable but is inferred from its effects on measurable particles.,Quantum Physics,virtual particles; quantum field theory; particle physics; observable effects
339,Which of the following is correct? What was Pierre de Fermat's solution to the problem of refraction? from the following choices.,"Fermat supposed that light took the path of least resistance, and that different media offered different resistances. His eventual solution, described in a letter to La Chambre dated 1 January 1662, construed ""resistance"" as inversely proportional to speed, so that light took the path of least time. That premise yielded the ordinary law of refraction, provided that light traveled more slowly in the optically denser medium.",Optics,Fermat's principle; law of refraction; principle of least time; optical density
340,Determine the correct option: What is the explanation for the effective supersymmetry in quark-diquark models? based on the given context.,"Two different color charges close together appear as the corresponding anti-color under coarse resolution, which makes a diquark cluster viewed with coarse resolution effectively appear as an antiquark. Therefore, a baryon containing 3 valence quarks, of which two tend to cluster together as a diquark, behaves like a meson.",Particle Physics,quark-diquark models; effective supersymmetry; color charges; baryon structure
341,Pick the best possible answer: What is the proper distance for a redshift of 8.2? from the following choices.,"The proper distance for a redshift of 8.2 is about 9.2 Gpc, or about 30 billion light-years.",Cosmology,proper distance; redshift; gigaparsecs; expansion of the universe
342,Pick the best possible answer: What is linear frame dragging? among the listed options.,"Linear frame dragging is the effect of the general principle of relativity applied to linear momentum, which is similarly inevitable to the rotational effect. It is a tiny effect that is difficult to confirm experimentally and often omitted from articles on frame-dragging.",General Relativity,linear frame dragging; rotational momentum; general principle of relativity; spacetime curvature
343,Pick the best possible answer: What is the main sequence in astronomy? among the listed options.,The main sequence is a continuous and distinctive band of stars that appears on plots of stellar color versus brightness. Stars on this band are known as main-sequence stars or dwarf stars.,Astrophysics,main sequence; stellar evolution; Hertzsprung-Russell diagram; stellar luminosity
344,Pick the best possible answer: What is the reason for the stochastic nature of all observed resistance-switching processes? from the following choices.,"The device is subjected to random thermal fluctuations, which trigger the switching event, but it is impossible to predict when it will occur.",Neuromorphic Engineering,resistance-switching processes; stochasticity; free-energy barriers; thermal fluctuations; memristive devices
345,Determine the correct option: What is the Einstein@Home project?,The Einstein@Home project is a distributed computing project that aims to detect simple gravitational waves with constant frequency. It takes data from LIGO and GEO and sends it out in little pieces to thousands of volunteers for parallel analysis on their home computers.,Astrophysics,gravitational waves; distributed computing; binary black holes; LIGO; parallel analysis
346,Determine the correct option: What is the relationship between the amplitude of a sound wave and its loudness? from the following choices.,The amplitude of a sound wave is related to its loudness.,Acoustics,sound wave amplitude; loudness proportionality; wave mechanics; acoustic properties
347,Pick the best possible answer: What is the proposed name for the field that is responsible for cosmic inflation and the metric expansion of space? carefully.,Inflaton,Cosmology,cosmic inflation; metric expansion; inflaton field; conformal cyclic cosmology
348,Choose the correct answer: What is the spin quantum number? from the following choices.,"The spin quantum number is a dimensionless quantity obtained by dividing the spin angular momentum by the reduced Planck constant ħ, which has the same dimensions as angular momentum.",Quantum Mechanics,spin quantum number; angular momentum; reduced Planck constant; elementary particles
349,Select the most accurate option: Which of the following statements accurately describes the dimension of an object in a CW complex? from the following choices.,"The dimension of an object in a CW complex is the largest n for which the n-skeleton is nontrivial, where the empty set is considered to have dimension -1 and the boundary of a discrete set of points is the empty set.",Algebraic Topology,CW complex; n-skeleton; critical points; dimension theory
350,What is the reason that it is nearly impossible to see light emitted at the Lyman-alpha transition wavelength from a star farther than a few hundred light years from Earth?,"Far ultraviolet light is absorbed effectively by the neutral components of the ISM, including atomic hydrogen, which has a typical absorption wavelength of about 121.5 nanometers, the Lyman-alpha transition.",Astrophysics,Lyman-alpha transition; interstellar medium; ultraviolet absorption; atomic hydrogen; spectral analysis
351,Identify the correct statement: What is a uniform tiling in the hyperbolic plane? based on the given context.,"A uniform tiling in the hyperbolic plane is an edge-to-edge filling of the hyperbolic plane, with regular polygons as faces. These are vertex-transitive and isogonal.",Hyperbolic Geometry,uniform tiling; hyperbolic plane; vertex-transitive; isogonal; tessellation
352,Choose the correct answer: Which of the following statements accurately describes the blocking temperature of an antiferromagnetic layer in a spin valve?,The blocking temperature of an antiferromagnetic layer in a spin valve is the temperature at or above which the layer ceases to prevent the orientation of an adjacent ferromagnetic layer. The blocking temperature is typically lower than the Néel temperature.,Spintronics,antiferromagnetic layer; spin valve; blocking temperature; Néel temperature; magnetic pinning
353,Identify the correct statement: What is the relationship between interstellar and cometary chemistry? based on the given context.,"There is a possible connection between interstellar and cometary chemistry, as indicated by the similarity between interstellar and cometary ices and the analysis of organics from comet samples returned by the Stardust mission.",Astrochemistry,interstellar chemistry; cometary chemistry; organic molecules; Stardust mission; interstellar ices
354,Pick the best possible answer: What is the most popular explanation for the shower-curtain effect? among the listed options.,Bernoulli's principle,Fluid Dynamics,Bernoulli's principle; pressure differential; fluid velocity; aerodynamic effects
355,Select the most accurate option: What is the evidence for the existence of a supermassive black hole at the center of the Milky Way galaxy? from the following choices.,"The star S2 follows an elliptical orbit with a period of 15.2 years and a pericenter of 17 light-hours from the center of the central object. From the motion of star S2, the object's mass can be estimated as 4.0 million M☉, or about 7.96×1036 kg. The radius of the central object must be less than 17 light-hours, because otherwise S2 would collide with it. Observations of the star S14 indicate that the radius is no more than 6.25 light-hours, about the diameter of Uranus' orbit. No known astronomical object other than a black hole can contain 4.0 million M☉ in this volume of space.",Astrophysics,supermassive black hole; Sagittarius A*; stellar orbits; solar mass; orbital mechanics
356,Identify the correct statement: What is the gravitomagnetic interaction? carefully.,"The gravitomagnetic interaction is a new force of nature generated by rotating matter, whose intensity is proportional to the rate of spin, according to the general principle of relativity.",General Relativity,gravitomagnetic interaction; rotating matter; general principle of relativity; gravitational permeability
357,Choose the correct answer: What is the Minkowski diagram used for? based on the given context.,The Minkowski diagram is used to define concepts and demonstrate properties of Lorentz transformations and to provide geometrical interpretation to the generalization of Newtonian mechanics to relativistic mechanics.,Theoretical Physics,Minkowski diagram; Lorentz transformations; special relativity; relativistic mechanics
358,Which of the following is correct? What is the Optical Signal-to-Noise Ratio (OSNR)? from the following choices.,"The Optical Signal-to-Noise Ratio (OSNR) is the ratio between the signal power and the noise power in a given bandwidth, used to describe the signal quality without taking the receiver into account.",Optical Engineering,Optical Signal-to-Noise Ratio; signal power; noise power; dynamic range; bandwidth
359,Choose the correct answer: What is the SI unit of the physical quantity m/Q? carefully.,Kilogram per coulomb,Physics Units,SI units; physical quantities; dimensional analysis; unit conversion
360,"Select the most accurate option: What is the meaning of the term ""horror vacui""? from the following choices.",The commonly held view that nature abhorred a vacuum.,Philosophy Of Science,horror vacui; Cartesian metaphysics; vacuum theory; spatial-corporeal component
361,Identify the correct statement: What is the relationship between the complete electromagnetic Hamiltonian of a molecule and the parity operation? carefully.,"The complete electromagnetic Hamiltonian of any molecule is invariant to the parity operation, and its eigenvalues can be given the parity symmetry label + or - depending on whether they are even or odd, respectively.",Quantum Chemistry,electromagnetic Hamiltonian; parity operation; symmetry labels; molecular eigenvalues
362,Determine the correct option: Which of the following statements accurately describes the dimension of an object in a CW complex?,"The dimension of an object in a CW complex is the largest n for which the n-skeleton is nontrivial, where the empty set is considered to have dimension -1 and the boundary of a discrete set of points is the empty set.",Algebraic Topology,CW complex; n-skeleton; critical points; dimension theory
363,Which of the following is correct? What is the relationship between chemical potential and quarks/antiquarks? among the listed options.,"Chemical potential, represented by μ, is a measure of the imbalance between quarks and antiquarks in a structure. Higher μ indicates a stronger bias favoring quarks over antiquarks.",Particle Physics,chemical potential; quarks; antiquarks; quantum chromodynamics; particle density
364,Which of the following is correct? What is the reason for the sun appearing slightly yellowish when viewed from Earth? based on the given context.,"The longer wavelengths of light, such as red and yellow, are not scattered away and are directly visible when looking towards the sun.",Atmospheric Optics,Rayleigh scattering; light wavelength; atmospheric refraction; spectral absorption
365,Which of the following statements accurately describes the dimension of an object in a CW complex?,"The dimension of an object in a CW complex is the largest n for which the n-skeleton is nontrivial, where the empty set is considered to have dimension -1 and the boundary of a discrete set of points is the empty set.",Algebraic Topology,CW complex; n-skeleton; critical points; cell complex; dimension theory
366,Select the most accurate option: What is Minkowski space?,Minkowski space is a mathematical model that combines inertial space and time manifolds with a non-inertial reference frame of space and time into a four-dimensional model relating a position to the field.,Theoretical Physics,Minkowski space; spacetime manifold; four-dimensional model; non-inertial reference frame
367,What is the Droste effect?,"The Droste effect is a recursive image effect in which a picture appears within itself in a place where a similar picture would realistically be expected to appear. This creates a loop that can continue as far as the image's resolution allows, and is named after a Dutch brand of cocoa.",Visual Arts & Optics,Droste effect; recursive imagery; optical illusion; self-referential design
368,Which of the following is correct? What is the main focus of cryogenic and noble liquid detectors in dark matter experiments?,Distinguishing background particles from dark matter particles by detecting the heat produced when a particle hits an atom in a crystal absorber or the scintillation produced by a particle collision in liquid xenon or argon.,Particle Physics,cryogenic detectors; noble liquid detectors; scintillation; interaction cross section; dark matter detection
369,Select the most accurate option: What is the interstellar medium (ISM)? among the listed options.,"The matter and radiation that exist in the space between the star frameworks in a galaxy, including gas in ionic, atomic, and molecular form, as well as dust and cosmic rays. It fills interstellar space and blends smoothly into the surrounding intergalactic space.",Astrophysics,interstellar medium; cosmic rays; galactic gas; ionic and molecular matter
370,Pick the best possible answer: What is the mechanism of FTIR? carefully.,"The mechanism of FTIR is called evanescent-wave coupling, which is a good analog to visualize quantum tunneling.",Spectroscopy,FTIR; evanescent-wave coupling; frustrated TIR; total internal reflection microscopy; quantum tunneling
371,Which of the following is correct? What is the reason that it is nearly impossible to see light emitted at the Lyman-alpha transition wavelength from a star farther than a few hundred light years from Earth? among the listed options.,"Far ultraviolet light is absorbed effectively by the neutral components of the ISM, including atomic hydrogen, which has a typical absorption wavelength of about 121.5 nanometers, the Lyman-alpha transition.",Astrophysics,Lyman-alpha transition; interstellar medium; ultraviolet absorption; atomic hydrogen; spectral analysis
372,Choose the correct answer: What is the Maxwell's Demon thought experiment? among the listed options.,"A thought experiment in which a demon guards a microscopic trapdoor in a wall separating two parts of a container filled with the same gas at equal temperatures. The demon selectively allows faster-than-average molecules to pass from one side to the other, causing a reduce in temperature in one part and an raise in temperature in the other, contrary to the second law of thermodynamics.",Thermodynamics,Maxwell's Demon; second law of thermodynamics; statistical mechanics; entropy; kinetic theory
373,Pick the best possible answer: Who was Giordano Bruno? from the following choices.,An Italian philosopher who supported the Copernican principle that Earth and other planets orbit the Sun and believed that fixed stars are similar to the Sun and have planets orbiting them.,History Of Science,Giordano Bruno; Copernican principle; heliocentrism; Renaissance philosophy
374,Identify the correct statement: How many crystallographic point groups are there in three-dimensional space? based on the given context.,32,Crystallography,crystallographic point groups; three-dimensional space; symmetry operations; crystal systems
375,"Which of the following is correct? What is power density in the context of energy frameworks, and how does it differ between renewable and non-renewable energy sources? from the following choices.","Power density is a measure of the amount of power obtained per unit of Earth surface area used by a specific energy structure, including all supporting infrastructure, manufacturing, mining of fuel (if applicable) and decommissioning. Fossil fuels and nuclear power have high power density, which means large power can be drawn from power plants occupying relatively small areas. Renewable energy sources have power density at least three orders of magnitude smaller and, for the same energy output, they need to occupy accordingly larger areas.",Energy Engineering,power density; energy frameworks; renewable energy; infrastructure footprint; fossil fuels
376,What is the proposed name for the field that is responsible for cosmic inflation and the metric expansion of space?,Inflaton,Cosmology,cosmic inflation; metric expansion; inflaton field; conformal cyclic cosmology
377,Which of the following is correct? What is the order parameter that breaks the electromagnetic gauge symmetry in superconductors? based on the given context.,A condensed-matter collective field ψ.,Condensed Matter Physics,order parameter; electromagnetic gauge symmetry; superconductors; collective field
378,What is the function of the fibrous cardiac skeleton?,"The fibrous cardiac skeleton provides structure to the heart, forming the atrioventricular septum that separates the atria from the ventricles, and the fibrous rings that serve as bases for the four heart valves.",Cardiac Anatomy,fibrous cardiac skeleton; atrioventricular septum; heart valves; myocardial structure
379,Determine the correct option: Who was the first to determine the velocity of a star moving away from the Earth using the Doppler effect?,William Huggins,Astrophysics,Doppler effect; stellar velocity; astronomical observation; redshift
380,What is the definition of an improper rotation?,"An improper rotation is the combination of a rotation about an axis and reflection in a plane perpendicular to that axis, or inversion about a point on the axis. The order of the rotation and reflection does not matter, and the symmetry elements for improper rotation are the rotation axis, and either the mirror plane, the inversion point, or both.",Crystallography,improper rotation; symmetry elements; mirror plane; inversion point; rotation axis
381,Determine the correct option: What did Arthur Eddington discover about two of Einstein's types of gravitational waves? carefully.,"Arthur Eddington showed that two of Einstein's types of waves were artifacts of the coordinate structure he used, and could be made to propagate at any speed by choosing appropriate coordinates.",General Relativity,gravitational waves; coordinate framework; speed of gravity; Einsteinian physics
382,Identify the correct statement: What is spontaneous symmetry breaking? carefully.,"Spontaneous symmetry breaking occurs when the action of a concept has a symmetry, but the vacuum state violates this symmetry. In that case, there will exist a local operator that is non-invariant under the symmetry, giving it a nonzero vacuum expectation value.",Theoretical Physics,spontaneous symmetry breaking; vacuum expectation value; local operator; gauge symmetry
383,Determine the correct option: What is the reason for heating metals to a temperature just above the upper critical temperature? based on the given context.,"To prevent the grains of solution from growing too large, which enhances mechanical properties such as toughness, shear strength, and tensile strength.",Materials Science,upper critical temperature; grain growth; mechanical properties; metallurgy; tensile strength
384,"Choose the correct answer: What is the concept of simultaneity in Einstein's book, Relativity? among the listed options.","Simultaneity is relative, meaning that two events that appear simultaneous to an observer in a particular inertial reference frame need not be judged as simultaneous by a second observer in a different inertial frame of reference.",Theoretical Physics,relativity of simultaneity; inertial reference frame; special relativity; spacetime physics
385,Determine the correct option: What is the main focus of cryogenic and noble liquid detectors in dark matter experiments? among the listed options.,Distinguishing background particles from dark matter particles by detecting the heat produced when a particle hits an atom in a crystal absorber or the scintillation produced by a particle collision in liquid xenon or argon.,Particle Physics,cryogenic detectors; noble liquid detectors; dark matter experiments; scintillation; interaction cross section
386,Choose the correct answer: What is a Hilbert space in quantum mechanics? among the listed options.,A complex vector space where the state of a quantum mechanical mechanism is described by a vector |Ψ⟩.,Quantum Mechanics,Hilbert space; complex vector space; quantum state; state vector
387,Select the most accurate option: What is Modified Newtonian Dynamics (MOND)? from the following choices.,MOND is a hypothesis that proposes a modification of Newton's law of universal gravitation to account for observed properties of galaxies. It is an alternative to the hypothesis of dark matter in terms of explaining why galaxies do not appear to obey the currently understood laws of physics.,Astrophysics,Modified Newtonian Dynamics; dark matter; universal gravitation; galactic dynamics
388,What is the significance of the change in slope of the pinched hysteresis curves in ReRAM and other forms of two-terminal resistance memory?,"The change in slope of the pinched hysteresis curves demonstrates switching between different resistance states, which is a phenomenon central to ReRAM and other forms of two-terminal resistance memory.",Neuromorphic Engineering,ReRAM; pinched hysteresis curves; memristive network; two-terminal resistance memory; Type-II non-crossing curve
389,Determine the correct option: What is the significance of the change in slope of the pinched hysteresis curves in ReRAM and other forms of two-terminal resistance memory? carefully.,"The change in slope of the pinched hysteresis curves demonstrates switching between different resistance states, which is a phenomenon central to ReRAM and other forms of two-terminal resistance memory.",Neuromorphic Engineering,ReRAM; pinched hysteresis curves; memristor; two-terminal resistance memory; switching resistance states
390,Choose the correct answer: Which of the following is an accurate definition of dynamic scaling in self-similar frameworks? among the listed options.,"Dynamic scaling refers to the evolution of self-similar mechanisms, where data obtained from snapshots at fixed times exhibits similarity to the respective data taken from snapshots of any earlier or later time. This similarity is tested by a certain time-dependent stochastic variable x.",Statistical Physics,dynamic scaling; self-similar frameworks; stochastic variables; time-dependent evolution
391,What is the Roche limit?,The Roche limit is the distance at which tidal effects would cause an object to disintegrate since differential force from a planet overcomes the attraction of the parts between them.,Astrophysics,Roche limit; tidal forces; orbital mechanics; celestial mechanics; gravitational disintegration
392,Determine the correct option: What is the relationship between the Cauchy momentum equation and the Navier-Stokes equation? among the listed options.,"The Navier-Stokes equation can be derived from the Cauchy momentum equation by specifying the stress tensor through a constitutive relation, expressing the shear tensor in terms of viscosity and fluid velocity, and assuming constant density and viscosity.",Fluid Dynamics,Cauchy momentum equation; Navier-Stokes equation; constitutive relation; stress tensor; fluid viscosity
393,"Which of the following is correct? What is the meaning of the term ""horror vacui""? from the following choices.",The commonly held view that nature abhorred a vacuum.,Philosophy Of Science,horror vacui; Cartesian metaphysics; spatial-corporeal component; vacuum theory
394,Choose the correct answer: What is the definition of an improper rotation? from the following choices.,"An improper rotation is the combination of a rotation about an axis and reflection in a plane perpendicular to that axis, or inversion about a point on the axis. The order of the rotation and reflection does not matter, and the symmetry elements for improper rotation are the rotation axis, and either the mirror plane, the inversion point, or both.",Crystallography,improper rotation; symmetry elements; mirror plane; inversion point; rotation axis
395,Determine the correct option: What is the role of methane in Fischer-Tropsch processes? from the following choices.,Methane is partially converted to carbon monoxide for utilization in Fischer-Tropsch processes.,Chemical Engineering,Fischer-Tropsch process; methane conversion; carbon monoxide synthesis; industrial catalysis
396,Choose the correct answer: What is the distinction between natural convection and forced convection? from the following choices.,"Natural convection occurs when a fluid is in contact with a hot surface, causing the fluid to be less dense and displaced, while forced convection is when a fluid is forced to flow over the surface by an internal source such as fans, stirring, and pumps.",Thermodynamics,natural convection; forced convection; fluid dynamics; heat transfer; buoyancy-driven flow
397,Which of the following is correct? What is the reason for the stochastic nature of all observed resistance-switching processes?,"The device is subjected to random thermal fluctuations, which trigger the switching event, but it is impossible to predict when it will occur.",Neuromorphic Engineering,resistance-switching processes; stochasticity; free-energy barriers; thermal fluctuations; memristive devices
398,Which of the following is correct? What is the Carnot engine? among the listed options.,The Carnot engine is an ideal heat engine that operates in the limiting mode of extreme slowness known as quasi-static. It represents the theoretical maximum efficiency of a heat engine operating between any two given thermal or heat reservoirs at different temperatures.,Thermodynamics,Carnot engine; quasi-static process; heat engine efficiency; thermal reservoirs
399,Identify the correct statement: What is the role of axioms in a formal principle? carefully.,"Basis statements called axioms form the foundation of a formal framework and, together with the deducing rules, help in deriving a set of statements called theorems using proof framework.",Formal Logic,axioms; formal framework; deductive rules; theorems; proof framework
400,Select the most accurate option: What is a virtual particle? based on the given context.,A particle that is not directly observable but is inferred from its effects on measurable particles.,Quantum Physics,virtual particles; quantum field theory; observable effects; particle physics
401,Pick the best possible answer: What was Isaac Newton's explanation for rectilinear propagation of light? among the listed options.,"Isaac Newton rejected the wave framework of light and proposed that light consists of corpuscles that are subject to a force acting perpendicular to the interface. In this model, the critical angle was the angle of incidence at which the normal velocity of the approaching corpuscle was just enough to reach the far side of the force field; at more oblique incidence, the corpuscle would be turned back.",Optics Physics,rectilinear propagation; corpuscular theory; critical angle; Newton's optics
402,Pick the best possible answer: What is the effect generated by a spinning superconductor?,"A magnetic field, precisely aligned with the spin axis.",Condensed Matter Physics,superconductor; magnetic field; spin axis; quantum phenomena
403,Which of the following is correct? What is the significance of the change in slope of the pinched hysteresis curves in ReRAM and other forms of two-terminal resistance memory? based on the given context.,"The change in slope of the pinched hysteresis curves demonstrates switching between different resistance states, which is a phenomenon central to ReRAM and other forms of two-terminal resistance memory.",Neuromorphic Engineering,ReRAM; pinched hysteresis curves; memristor; resistance memory; non-crossing curve
404,Which of the following is correct? What is the piezoelectric strain coefficient for AT-cut quartz crystals? from the following choices.,d = 3.1·10‑12 m/V,Materials Science,piezoelectric strain coefficient; AT-cut quartz; crystal oscillators; electromechanical coupling
405,Which of the following is correct? What is the reason that Newton's second law cannot be used to calculate the development of a physical mechanism in quantum mechanics? among the listed options.,"The existence of particle spin, which is angular momentum that cannot be described by the cumulative effect of point-like motions in space.",Quantum Mechanics,particle spin; angular momentum; linear momentum; quantum mechanics; point-like motions
406,Choose the correct answer: What is the distinction between probability mass function (PMF) and probability density function (PDF)? from the following choices.,"PMF is used for discrete random variables, while PDF is used for continuous random variables.",Probability Theory,probability mass function; probability density function; random variables; continuous vs discrete distributions
407,What is the Carnot engine?,The Carnot engine is an ideal heat engine that operates in the limiting mode of extreme slowness known as quasi-static. It represents the theoretical maximum efficiency of a heat engine operating between any two given thermal or heat reservoirs at different temperatures.,Thermodynamics,Carnot engine; heat engine efficiency; quasi-static process; thermal reservoirs
408,Choose the correct answer: What is the revised view of the atmosphere's nature based on the time-varying multistability that is associated with the modulation of large-scale processes and aggregated feedback of small-scale processes? from the following choices.,"The atmosphere possesses both chaos and order, including emerging organized structures and time-varying forcing from recurrent seasons.",Atmospheric Science,time-varying multistability; aggregated feedback; large-scale processes; emerging organized structures
409,What is the reason behind the adoption of a logarithmic scale of 5√100 ≈ 2.512 between magnitudes in astronomy?,The logarithmic scale was adopted to ensure that five magnitude steps corresponded precisely to a factor of 100 in brightness.,Astrophysics,logarithmic scale; stellar magnitude; apparent brightness; astronomical measurements
410,Select the most accurate option: What is the main advantage of ferroelectric memristors? among the listed options.,"Ferroelectric domain dynamics can be tuned, allowing for the engineering of memristor response, and resistance variations are due to purely electronic phenomena, making the device more reliable.",Neuromorphic Engineering,ferroelectric memristors; domain dynamics; piezoelectric field; non-uniform elastic strain
411,Which of the following is correct? What is the role of methane in Fischer-Tropsch processes?,Methane is partially converted to carbon monoxide for utilization in Fischer-Tropsch processes.,Chemical Engineering,Fischer-Tropsch process; methane conversion; carbon monoxide synthesis; catalytic chemistry
412,"Pick the best possible answer: What is power density in the context of energy frameworks, and how does it differ between renewable and non-renewable energy sources? based on the given context.","Power density is a measure of the amount of power obtained per unit of Earth surface area used by a specific energy structure, including all supporting infrastructure, manufacturing, mining of fuel (if applicable) and decommissioning. Fossil fuels and nuclear power have high power density, which means large power can be drawn from power plants occupying relatively small areas. Renewable energy sources have power density at least three orders of magnitude smaller and, for the same energy output, they need to occupy accordingly larger areas.",Energy Engineering,power density; energy frameworks; renewable energy; infrastructure footprint; fossil fuels
413,Determine the correct option: What is the Einstein@Home project? based on the given context.,The Einstein@Home project is a distributed computing project that aims to detect simple gravitational waves with constant frequency. It takes data from LIGO and GEO and sends it out in little pieces to thousands of volunteers for parallel analysis on their home computers.,Computational Astrophysics,distributed computing; gravitational waves; binary black holes; parallel analysis; LIGO data
414,Which of the following is correct? What is the relationship between the complete electromagnetic Hamiltonian of a molecule and the parity operation?,"The complete electromagnetic Hamiltonian of any molecule is invariant to the parity operation, and its eigenvalues can be given the parity symmetry label + or - depending on whether they are even or odd, respectively.",Quantum Chemistry,electromagnetic Hamiltonian; parity operation; symmetry labels; molecular eigenvalues
415,Select the most accurate option: What is the De Haas-Van Alphen effect? based on the given context.,"The oscillation of the differential susceptibility as a function of 1/H in metals under strong magnetic fields, which relates the period of the susceptibility with the Fermi surface of the material.",Condensed Matter Physics,De Haas-Van Alphen effect; differential susceptibility; Fermi surface; magnetic field oscillations
416,Determine the correct option: What is indirect photophoresis? among the listed options.,"Indirect photophoresis is a phenomenon that occurs when particles absorb incident light only on the irradiated side, creating a temperature gradient within the particle, and causing a migration of particles in a direction opposite to the surface temperature gradient.",Optical Physics,indirect photophoresis; temperature gradient; particle migration; incident light absorption
417,Determine the correct option: What is reciprocal length or inverse length? carefully.,"Reciprocal length or inverse length is a quantity or measurement used in several branches of science and mathematics. It is the reciprocal of length, and common units used for this measurement include the reciprocal metre or inverse metre (symbol: m−1), the reciprocal centimetre or inverse centimetre (symbol: cm−1).",Dimensional Analysis,reciprocal length; inverse units; dimensional quantities; unit conversion
418,"Identify the correct statement: What are amorphous ferromagnetic metallic alloys, and what are their advantages? from the following choices.","Amorphous ferromagnetic metallic alloys are non-crystalline alloys that can be made by rapidly cooling a liquid alloy. Their properties are nearly isotropic, resulting in low coercivity, low hysteresis loss, high permeability, and high electrical resistivity.",Materials Science,amorphous ferromagnetic metallic alloys; low coercivity; hysteresis loss; high permeability; electrical resistivity
419,Pick the best possible answer: What was Isaac Newton's explanation for rectilinear propagation of light?,"Isaac Newton rejected the wave principle of light and proposed that light consists of corpuscles that are subject to a force acting perpendicular to the interface. In this model, the critical angle was the angle of incidence at which the normal velocity of the approaching corpuscle was just enough to reach the far side of the force field; at more oblique incidence, the corpuscle would be turned back.",Optics Physics,corpuscular theory; rectilinear propagation; critical angle; Newton's optics
420,"Choose the correct answer: What is power density in the context of energy structures, and how does it differ between renewable and non-renewable energy sources? carefully.","Power density is a measure of the amount of power obtained per unit of Earth surface area used by a specific energy framework, including all supporting infrastructure, manufacturing, mining of fuel (if applicable) and decommissioning. Fossil fuels and nuclear power have high power density, which means large power can be drawn from power plants occupying relatively small areas. Renewable energy sources have power density at least three orders of magnitude smaller and, for the same energy output, they need to occupy accordingly larger areas.",Energy Engineering,power density; energy infrastructure; renewable energy; fossil fuels; nuclear power
421,Determine the correct option: Which mathematical function is commonly used to characterize linear time-invariant mechanisms? carefully.,Transfer function,Control Systems Engineering,linear time-invariant; transfer function; system dynamics; mathematical modeling
422,Select the most accurate option: What is the role of axioms in a formal framework?,"Basis statements called axioms form the foundation of a formal concept and, together with the deducing rules, help in deriving a set of statements called theorems using proof concept.",Formal Logic,axioms; formal framework; deductive rules; theorem derivation; proof concept
423,Identify the correct statement: What is the Evans balance? based on the given context.,The Evans balance is a structure used to measure the susceptibility of a sample by measuring the force change on a strong compact magnet upon insertion of the sample.,Magnetic Resonance Physics,Evans balance; magnetic susceptibility; NMR frequency; magnetic field distortion
424,Select the most accurate option: Which of the following statements is true about the categorization of planetary frameworks according to their orbital dynamics? among the listed options.,"Planetary mechanisms can be categorized as resonant, non-resonant-interacting, hierarchical, or some combination of these.",Celestial Mechanics,orbital dynamics; planetary mechanisms; resonant structures; hierarchical systems
425,Choose the correct answer: What is the relationship between dielectric loss and the transparency of a material? carefully.,"Dielectric loss in a material can cause absorption, which can reduce the material's transparency at higher frequencies.",Materials Science,dielectric loss; material transparency; electromagnetic absorption; high-frequency optics
426,Choose the correct answer: What is the information loss paradox in black holes?,"Black holes have only a few internal parameters, so most of the information about the matter that went into forming the black hole is lost. Regardless of the type of matter which goes into a black hole, it appears that only information concerning the total mass, charge, and angular momentum are conserved. As black holes evaporate by emitting Hawking radiation, the information is lost forever.",Theoretical Physics,information loss paradox; Hawking radiation; black hole evaporation; quantum mechanics
427,Which of the following is correct? What is the Landau-Lifshitz-Gilbert equation used for in physics? based on the given context.,"The Landau-Lifshitz-Gilbert equation is a differential equation used to describe the precessional motion of magnetization M in a solid, and is commonly used in micromagnetics to model the effects of a magnetic field on ferromagnetic materials.",Magnetism Physics,Landau-Lifshitz-Gilbert equation; precessional motion; micromagnetics; ferromagnetic materials
428,"Which of the following is correct? What is power density in the context of energy frameworks, and how does it differ between renewable and non-renewable energy sources? carefully.","Power density is a measure of the amount of power obtained per unit of Earth surface area used by a specific energy framework, including all supporting infrastructure, manufacturing, mining of fuel (if applicable) and decommissioning. Fossil fuels and nuclear power have high power density, which means large power can be drawn from power plants occupying relatively small areas. Renewable energy sources have power density at least three orders of magnitude smaller and, for the same energy output, they need to occupy accordingly larger areas.",Energy Engineering,power density; energy frameworks; renewable energy; infrastructure footprint; fossil fuels
429,Pick the best possible answer: What is a Hilbert space in quantum mechanics? based on the given context.,A complex vector space where the state of a quantum mechanical mechanism is described by a vector |Ψ⟩.,Quantum Mechanics,Hilbert space; complex vector space; state vector; quantum mechanics
430,Identify the correct statement: Which of the following statements accurately describes the origin and significance of the triskeles symbol? among the listed options.,"The triskeles symbol was reconstructed as a feminine divine triad by the rulers of Syracuse, and later adopted as an emblem. Its usage may also be related to the Greek name of Sicily, Trinacria, which means ""having three headlands."" The head of Medusa at the center of the Sicilian triskeles represents the three headlands.",Classical Mythology,triskeles; Trinacria; Syracuse; Medusa; feminine divine triad
431,Which of the following is correct? What is the relevant type of coherence for the Young's double-slit interferometer? from the following choices.,Diameter of the coherence area (Ac),Quantum Optics,Young's double-slit interferometer; spatial coherence; coherence length; optical visibility
432,Select the most accurate option: What is the mechanism of FTIR? carefully.,"The mechanism of FTIR is called evanescent-wave coupling, which is a good analog to visualize quantum tunneling.",Spectroscopy,FTIR; evanescent-wave coupling; frustrated TIR; quantum tunneling; total internal reflection
433,"Pick the best possible answer: Who proposed the principle of ""complexity from noise"" and when was it first introduced? among the listed options.",Henri Atlan in 1972,Complexity Theory,complexity from noise; non-equilibrium thermodynamics; Ilya Prigogine; dissipative structures
434,Select the most accurate option: What is the reason for the sun appearing slightly yellowish when viewed from Earth? among the listed options.,"The longer wavelengths of light, such as red and yellow, are not scattered away and are directly visible when looking towards the sun.",Atmospheric Optics,Rayleigh scattering; light wavelength; atmospheric refraction; spectral absorption
435,Choose the correct answer: What is the Landau-Lifshitz-Gilbert equation used for in physics? among the listed options.,"The Landau-Lifshitz-Gilbert equation is a differential equation used to describe the precessional motion of magnetization M in a solid, and is commonly used in micromagnetics to model the effects of a magnetic field on ferromagnetic materials.",Micromagnetics,Landau-Lifshitz-Gilbert equation; precessional motion; magnetization; ferromagnetic materials
436,Which of the following is correct? What is the role of axioms in a formal principle? from the following choices.,"Basis statements called axioms form the foundation of a formal principle and, together with the deducing rules, help in deriving a set of statements called theorems using proof principle.",Mathematical Logic,formal principle; axioms; deduction rules; theorem derivation; proof principle
437,Determine the correct option: What is bollard pull primarily used for measuring? carefully.,The strength of tugboats,Marine Engineering,bollard pull; maritime propulsion; tugboat capacity; towing force
438,Determine the correct option: What is the definition of dimension in mathematics? from the following choices.,"The dimension of an object is the number of independent parameters or coordinates needed to define the position of a point constrained to be on the object, and is an intrinsic property of the object, independent of the dimension of the space in which it is embedded.",Geometry,mathematical dimension; degrees of freedom; intrinsic property; extrinsic property; coordinate systems
439,Determine the correct option: What is the SI base unit of time and how is it defined?,"The SI base unit of time is the second, which is defined by measuring the electronic transition frequency of caesium atoms.",Metrology,SI base units; caesium atom transition; time measurement; international system units
440,Choose the correct answer: What are permutation-inversion groups?,"Permutation-inversion groups are groups of symmetry operations that are energetically feasible permutations of identical nuclei or inversion with respect to the center of mass, or a combination of both.",Molecular Symmetry,permutation-inversion groups; symmetry operations; center of mass; identical nuclei; molecular rotation
441,Which of the following is correct? What is the role of IL-10 in the formation of Tr1 cells and tolerogenic DCs?,"IL-10 induces the formation of Tr1 cells and tolerogenic DCs, which are dependent on IL-10 and TGF-β, but differ from Tregs by lacking expression of Foxp3. Tr1 cells produce high levels of IL-10 and TGF-β, while tolerogenic DCs produce IL-10 that is essential for Tr1 formation.",Immunology,IL-10; Tr1 cells; tolerogenic DCs; Foxp3; TGF-β
442,Select the most accurate option: What is the definition of Atomristor? carefully.,Atomristor is defined as the electrical devices showing memristive behavior in atomically thin nanomaterials or atomic sheets.,Nanoelectronics,memristive devices; MoOx/MoS2 heterostructure; memcapacitive effect; transition metal dichalcogenides
443,Which of the following is correct? What is the proper distance for a redshift of 8.2? from the following choices.,"The proper distance for a redshift of 8.2 is about 9.2 Gpc, or about 30 billion light-years.",Cosmology,proper distance; redshift; gigaparsecs; expansion of the universe
444,Which of the following is correct? What was Pierre de Fermat's solution to the problem of refraction? based on the given context.,"Fermat supposed that light took the path of least resistance, and that different media offered different resistances. His eventual solution, described in a letter to La Chambre dated 1 January 1662, construed ""resistance"" as inversely proportional to speed, so that light took the path of least time. That premise yielded the ordinary law of refraction, provided that light traveled more slowly in the optically denser medium.",Optics,Fermat's principle; law of refraction; principle of least time; optical density
445,Identify the correct statement: What are the constituents of cold dark matter? from the following choices.,"They are unknown, but possibilities include large objects like MACHOs or new particles such as WIMPs and axions.",Astrophysics,cold dark matter; MACHOs; WIMPs; axions
446,Identify the correct statement: What are some models that attempt to account for all observations without invoking supplemental non-baryonic matter? among the listed options.,"Modified Newtonian dynamics, tensor–vector–scalar gravity, or entropic gravity.",Theoretical Physics,Modified Newtonian dynamics; non-baryonic matter; tensor–vector–scalar gravity; entropic gravity
447,Identify the correct statement: What is the Kelvin-Helmholtz instability and how does it affect Earth's magnetosphere? among the listed options.,"The Kelvin-Helmholtz instability is a phenomenon that occurs when large swirls of plasma travel along the edge of the magnetosphere at a different velocity from the magnetosphere, causing the plasma to slip past. This results in magnetic reconnection, and as the magnetic field lines break and reconnect, solar wind particles are able to enter the magnetosphere.",Space Physics,Kelvin-Helmholtz instability; magnetosphere; magnetic reconnection; solar wind; plasma dynamics
448,Identify the correct statement: What is the relationship between the amplitude of a sound wave and its loudness? based on the given context.,The amplitude of a sound wave is related to its loudness.,Acoustics,sound wave amplitude; loudness proportionality; wave mechanics; acoustic properties
449,Which of the following is correct? What is the explanation for the effective supersymmetry in quark-diquark models? among the listed options.,"Two different color charges close together appear as the corresponding anti-color under coarse resolution, which makes a diquark cluster viewed with coarse resolution effectively appear as an antiquark. Therefore, a baryon containing 3 valence quarks, of which two tend to cluster together as a diquark, behaves like a meson.",Particle Physics,quark-diquark models; effective supersymmetry; color charges; baryon structure
450,"Identify the correct statement: Who proposed the concept of ""maximal acceleration""? among the listed options.",Eduardo R. Caianiello,Theoretical Physics,maximal acceleration; quantum gravity; Caianiello's theory; spacetime geometry
451,"Identify the correct statement: What is the purpose of expressing a map's scale as a ratio, such as 1:10,000? among the listed options.",To indicate the relationship between the size of the map and the size of the area being represented.,Cartography,map scale; representative fraction; spatial representation; geographic projection
452,Which of the following is correct? What was the aim of the Gravity Probe B (GP-B) mission? among the listed options.,"To measure spacetime curvature near Earth, with particular emphasis on gravitomagnetism.",General Relativity,Gravity Probe B; gravitomagnetism; spacetime curvature; geodetic effect; de Sitter precession
453,Identify the correct statement: What is the Landau-Lifshitz-Gilbert equation used for in physics? among the listed options.,"The Landau-Lifshitz-Gilbert equation is a differential equation used to describe the precessional motion of magnetization M in a solid, and is commonly used in micromagnetics to model the effects of a magnetic field on ferromagnetic materials.",Micromagnetics,Landau-Lifshitz-Gilbert equation; precessional motion; magnetization; ferromagnetic materials
454,Select the most accurate option: What is a Schwarzschild black hole? among the listed options.,"A black hole that has mass but neither electric charge nor angular momentum, and is spherically symmetric, according to Birkhoff's theorem.",General Relativity,Schwarzschild black hole; Birkhoff's theorem; angular momentum; spherical symmetry
455,Which of the following is correct? What is the Peierls bracket in canonical quantization? based on the given context.,The Peierls bracket is a Poisson bracket derived from the action in the canonical quantization approach that converts the quotient algebra into a Poisson algebra.,Theoretical Physics,Peierls bracket; canonical quantization; Poisson algebra; quotient algebra; Hamiltonian mechanics
456,Choose the correct answer: What is the purpose of the proximity-focusing design in a RICH detector? from the following choices.,"To emit a cone of Cherenkov light that traverses a small distance and is detected on the photon detector plane, creating a ring of light whose radius is defined by the Cherenkov emission angle and the proximity gap.",Particle Physics,RICH detector; Cherenkov radiation; proximity-focusing; photon detector plane
457,Choose the correct answer: What are permutation-inversion groups?,"Permutation-inversion groups are groups of symmetry operations that are energetically feasible permutations of identical nuclei or inversion with respect to the center of mass, or a combination of both.",Molecular Symmetry,permutation-inversion groups; symmetry operations; center of mass; identical nuclei; molecular rotation
458,Which of the following is correct? What is a uniform tiling in the hyperbolic plane? based on the given context.,"A uniform tiling in the hyperbolic plane is an edge-to-edge filling of the hyperbolic plane, with regular polygons as faces. These are vertex-transitive and isogonal.",Hyperbolic Geometry,uniform tiling; hyperbolic plane; vertex-transitive; isogonal; tessellation
459,"Pick the best possible answer: What is the reason behind the designation of Class L dwarfs, and what is their color and composition? among the listed options.","Class L dwarfs are cooler than M stars and are designated L because L is the remaining letter alphabetically closest to M. They are dark red in color and are brightest in infrared. Their atmosphere is cool enough to allow metal hydrides and alkali metals to be prominent in their spectra. Some of these objects have masses large enough to support hydrogen fusion and are therefore stars, but most are of substellar mass and are therefore brown dwarfs.",Astrophysics,Class L dwarfs; brown dwarfs; metal hydrides; hydrogen fusion; substellar mass
460,Select the most accurate option: What was Pierre de Fermat's solution to the problem of refraction? from the following choices.,"Fermat supposed that light took the path of least resistance, and that different media offered different resistances. His eventual solution, described in a letter to La Chambre dated 1 January 1662, construed ""resistance"" as inversely proportional to speed, so that light took the path of least time. That premise yielded the ordinary law of refraction, provided that light traveled more slowly in the optically denser medium.",Optics,Fermat's principle; law of refraction; principle of least time; optical density
461,How many crystallographic point groups are there in three-dimensional space?,32,Crystallography,crystallographic point groups; three-dimensional space; symmetry operations; crystal systems
462,Identify the correct statement: What is the proper distance for a redshift of 8.2? carefully.,"The proper distance for a redshift of 8.2 is about 9.2 Gpc, or about 30 billion light-years.",Cosmology,proper distance; redshift; gigaparsecs; expansion of the universe
463,"Identify the correct statement: Which of the following statements accurately describes the impact of Modified Newtonian Dynamics (MOND) on the observed ""missing baryonic mass"" discrepancy in galaxy clusters? based on the given context.",MOND is a principle that reduces the discrepancy between the observed missing baryonic mass in galaxy clusters and the measured velocity dispersions from a factor of around 10 to a factor of about 2.,Astrophysics,Modified Newtonian Dynamics; baryonic mass; velocity dispersions; galaxy clusters
464,Pick the best possible answer: What is the significance of regularization in terms of renormalization problems in physics? carefully.,Regularizing the mass-energy of an electron with a finite radius is a means of demonstrating that a mechanism below a certain size can be explained without the need for further calculations. This approach can be applied to other renormalization problems as well.,Theoretical Physics,renormalization; regularization; mass-energy; singularities; quantum field theory
465,Select the most accurate option: What is the Landau-Lifshitz-Gilbert equation used for in physics?,"The Landau-Lifshitz-Gilbert equation is a differential equation used to describe the precessional motion of magnetization M in a solid, and is commonly used in micromagnetics to model the effects of a magnetic field on ferromagnetic materials.",Magnetism Physics,Landau-Lifshitz-Gilbert equation; precessional motion; micromagnetics; ferromagnetic materials
466,Choose the correct answer: What is the reason behind the largest externally observed electrical effects when two conductors are separated by the smallest distance without touching? among the listed options.,"The surface charge on a conductor depends on the magnitude of the electric field, which in turn depends on the distance between the surfaces.",Electromagnetism,surface charge; electric field; conductor proximity; electrostatic interaction
467,What is spatial dispersion?,Spatial dispersion is a phenomenon in the physics of continuous media where material parameters such as permittivity or conductivity have dependence on wavevector. It represents spreading effects and is usually significant only at microscopic length scales.,Condensed Matter Physics,spatial dispersion; permittivity; wavevector dependence; continuous media; microscopic length scales
468,Determine the correct option: What is a virtual particle? from the following choices.,A particle that is not directly observable but is inferred from its effects on measurable particles.,Quantum Physics,virtual particles; quantum field theory; particle physics; observable effects
469,Determine the correct option: What is Lorentz symmetry or Lorentz invariance in relativistic physics? from the following choices.,Lorentz symmetry or Lorentz invariance is an equivalence of observation or observational symmetry due to special relativity implying that the laws of physics stay the same for all observers that are moving with respect to one another within an inertial frame.,Theoretical Physics,Lorentz invariance; spacetime manifold; Lorentz group; special relativity; four-vectors
470,Pick the best possible answer: Which of the following statements accurately describes the dimension of an object in a CW complex? carefully.,"The dimension of an object in a CW complex is the largest n for which the n-skeleton is nontrivial, where the empty set is considered to have dimension -1 and the boundary of a discrete set of points is the empty set.",Algebraic Topology,CW complex; n-skeleton; critical points; dimension theory
471,Select the most accurate option: What is the interstellar medium (ISM)?,"The matter and radiation that exist in the space between the star structures in a galaxy, including gas in ionic, atomic, and molecular form, as well as dust and cosmic rays. It fills interstellar space and blends smoothly into the surrounding intergalactic space.",Astrophysics,interstellar medium; cosmic rays; ionic gas; galactic structures
472,Which of the following is correct? Which of the following statements accurately describes the dimension of an object in a CW complex? from the following choices.,"The dimension of an object in a CW complex is the largest n for which the n-skeleton is nontrivial, where the empty set is considered to have dimension -1 and the boundary of a discrete set of points is the empty set.",Algebraic Topology,CW complex; n-skeleton; dimension theory; discrete set boundary
473,Identify the correct statement: What is indirect photophoresis? among the listed options.,"Indirect photophoresis is a phenomenon that occurs when particles absorb incident light only on the irradiated side, creating a temperature gradient within the particle, and causing a migration of particles in a direction opposite to the surface temperature gradient.",Optical Physics,indirect photophoresis; temperature gradient; particle migration; light absorption; thermophoresis
474,Identify the correct statement: What is the main focus of the Environmental Science Center at Qatar University? carefully.,"Environmental studies, with a main focus on marine science, atmospheric and biological sciences.",Environmental Science,marine science; atmospheric sciences; environmental studies; biological sciences
475,Choose the correct answer: What is the function of the fibrous cardiac skeleton? from the following choices.,"The fibrous cardiac skeleton provides structure to the heart, forming the atrioventricular septum that separates the atria from the ventricles, and the fibrous rings that serve as bases for the four heart valves.",Cardiac Anatomy,fibrous cardiac skeleton; atrioventricular septum; heart valves; myocardial structure
476,Pick the best possible answer: What is the Maxwell's Demon thought experiment? based on the given context.,"A thought experiment in which a demon guards a microscopic trapdoor in a wall separating two parts of a container filled with the same gas at equal temperatures. The demon selectively allows faster-than-average molecules to pass from one side to the other, causing a lower in temperature in one part and an raise in temperature in the other, contrary to the second law of thermodynamics.",Thermodynamics,Maxwell's Demon; second law of thermodynamics; entropy; statistical mechanics
477,Select the most accurate option: What is the effect generated by a spinning superconductor? from the following choices.,"A magnetic field, precisely aligned with the spin axis.",Condensed Matter Physics,superconductor; magnetic field; spin axis; quantum mechanics
478,What is the role of the Higgs boson in the Standard Model?,"The Higgs boson is responsible for giving mass to all the elementary particles, except the photon and gluon, in the Standard Model.",Particle Physics,Higgs boson; Standard Model; elementary particles; mass generation; gauge bosons
479,Pick the best possible answer: What is the main focus of the Environmental Science Center at Qatar University? carefully.,"Environmental studies, with a main focus on marine science, atmospheric and biological sciences.",Environmental Science,marine science; atmospheric sciences; environmental studies; Qatar University
480,What is emissivity?,Emissivity is a measure of how well a surface absorbs and emits thermal radiation.,Thermodynamics,emissivity; thermal radiation; radiative heat transfer; surface properties
481,What is a virtual particle?,A particle that is not directly observable but is inferred from its effects on measurable particles.,Quantum Physics,virtual particles; quantum field theory; particle physics; observable effects
482,Choose the correct answer: What is water hammer? among the listed options.,"Water hammer is a loud banging noise resembling a hammering sound that occurs when moving water is suddenly stopped, causing a rise in pressure and resulting shock wave.",Fluid Dynamics,water hammer; pressure surge; shock wave; hydraulic transients
483,"Choose the correct answer: Who proposed the concept of ""maximal acceleration""? from the following choices.",Eduardo R. Caianiello,Theoretical Physics,maximal acceleration; quantum gravity; Caianiello's theory; spacetime geometry
484,Choose the correct answer: Which of the following is an accurate definition of dynamic scaling in self-similar structures? among the listed options.,"Dynamic scaling refers to the evolution of self-similar frameworks, where data obtained from snapshots at fixed times exhibits similarity to the respective data taken from snapshots of any earlier or later time. This similarity is tested by a certain time-dependent stochastic variable x.",Statistical Physics,dynamic scaling; self-similar structures; stochastic variables; time-dependent evolution
485,Choose the correct answer: What are the four qualitative levels of crystallinity described by geologists?,"Holocrystalline, hypocrystalline, hypohyaline, and holohyaline",Geology,crystallinity levels; holocrystalline; hypocrystalline; hypercrystalline; hyperhyaline
486,Which of the following is correct? What is the relationship between the amplitude of a sound wave and its loudness? based on the given context.,The amplitude of a sound wave is related to its loudness.,Acoustics,sound wave amplitude; loudness proportionality; wave mechanics; acoustic properties
487,Choose the correct answer: What was the aim of the Gravity Probe B (GP-B) mission?,"To measure spacetime curvature near Earth, with particular emphasis on gravitomagnetism.",General Relativity,Gravity Probe B; gravitomagnetism; spacetime curvature; geodetic effect; de Sitter precession
488,Choose the correct answer: What is the result of the collapse of a cavitation bubble? from the following choices.,"The collapse of a cavitation bubble causes a sharp enhance in pressure and temperature of the vapor within, releasing a significant amount of energy in the form of an acoustic shock wave and visible light.",Fluid Dynamics,cavitation bubble; acoustic shock wave; vapor implosion; pressure-temperature spikes
489,Select the most accurate option: What is the main advantage of ferroelectric memristors?,"Ferroelectric domain dynamics can be tuned, allowing for the engineering of memristor response, and resistance variations are due to purely electronic phenomena, making the device more reliable.",Neuromorphic Engineering,ferroelectric memristors; domain dynamics; non-uniform elastic strain; switching mechanism
490,Select the most accurate option: What is the main advantage of ferroelectric memristors? based on the given context.,"Ferroelectric domain dynamics can be tuned, allowing for the engineering of memristor response, and resistance variations are due to purely electronic phenomena, making the device more reliable.",Neuromorphic Engineering,ferroelectric memristors; domain dynamics; piezoelectric field; non-uniform elastic strain
491,"Choose the correct answer: Who proposed the principle of ""complexity from noise"" and when was it first introduced? based on the given context.",Henri Atlan in 1972,Complexity Theory,complexity from noise; Ilya Prigogine; non-equilibrium thermodynamics; dissipative structures
492,Pick the best possible answer: Which of the following is an accurate definition of dynamic scaling in self-similar mechanisms? based on the given context.,"Dynamic scaling refers to the evolution of self-similar structures, where data obtained from snapshots at fixed times exhibits similarity to the respective data taken from snapshots of any earlier or later time. This similarity is tested by a certain time-dependent stochastic variable x.",Statistical Physics,dynamic scaling; self-similar mechanisms; stochastic variables; time-dependent snapshots
493,Choose the correct answer: Who published the first principle that was able to encompass previously separate field theories to provide a unifying principle of electromagnetism? among the listed options.,Maxwell,Electromagnetism,Maxwell's equations; unified field theory; electromagnetic theory; classical physics
494,Identify the correct statement: What is the significance of the discovery of the Crab pulsar? from the following choices.,The discovery of the Crab pulsar confirmed the rotating neutron star model of pulsars.,Astrophysics,Crab pulsar; neutron star model; stellar evolution; compact objects
495,Which of the following is correct? What happens to excess base metal as a solution cools from the upper transformation temperature towards an insoluble state? based on the given context.,"The excess base metal will often crystallize-out, becoming the proeutectoid until the remaining concentration of solutes reaches the eutectoid level, which will then crystallize as a separate microstructure.",Materials Science,proeutectoid; eutectoid level; phase transformation; solidification; microstructure
496,Which of the following is correct? What is indirect photophoresis? based on the given context.,"Indirect photophoresis is a phenomenon that occurs when particles absorb incident light only on the irradiated side, creating a temperature gradient within the particle, and causing a migration of particles in a direction opposite to the surface temperature gradient.",Optical Physics,indirect photophoresis; temperature gradient; particle migration; incident light absorption
497,Identify the correct statement: What is the reason for the formation of stars exclusively within molecular clouds? based on the given context.,"The low temperatures and high densities of molecular clouds cause the gravitational force to exceed the internal pressures that are acting ""outward"" to prevent a collapse.",Astrophysics,stellar formation; molecular clouds; gravitational collapse; internal pressure; interstellar medium
498,What are the four qualitative levels of crystallinity described by geologists?,"Holocrystalline, hypocrystalline, hypohyaline, and holohyaline",Geology,crystallinity levels; holocrystalline; hypocrystalline; hypercrystalline; hyperhyaline
499,Which of the following is correct? What is the term used to describe the proportionality factor to the Stefan-Boltzmann law that is utilized in subsequent evaluations of the radiative behavior of grey bodies? among the listed options.,Emissivity,Thermodynamics,Stefan-Boltzmann law; emissivity; grey bodies; radiative behavior; black-body radiation
500,"Identify the correct statement: What is the concept of simultaneity in Einstein's book, Relativity? carefully.","Simultaneity is relative, meaning that two events that appear simultaneous to an observer in a particular inertial reference frame need not be judged as simultaneous by a second observer in a different inertial frame of reference.",Theoretical Physics,relativity of simultaneity; inertial reference frame; special relativity; spacetime physics
501,Choose the correct answer: What is the Maxwell's Demon thought experiment? among the listed options.,"A thought experiment in which a demon guards a microscopic trapdoor in a wall separating two parts of a container filled with the same gas at equal temperatures. The demon selectively allows faster-than-average molecules to pass from one side to the other, causing a reduce in temperature in one part and an raise in temperature in the other, contrary to the second law of thermodynamics.",Thermodynamics,Maxwell's Demon; second law of thermodynamics; statistical mechanics; entropy; kinetic theory
502,What is the interstellar medium (ISM)?,"The matter and radiation that exist in the space between the star systems in a galaxy, including gas in ionic, atomic, and molecular form, as well as dust and cosmic rays. It fills interstellar space and blends smoothly into the surrounding intergalactic space.",Astrophysics,interstellar medium; cosmic rays; ionic gas; intergalactic space
503,Determine the correct option: What is the definition of an improper rotation?,"An improper rotation is the combination of a rotation about an axis and reflection in a plane perpendicular to that axis, or inversion about a point on the axis. The order of the rotation and reflection does not matter, and the symmetry elements for improper rotation are the rotation axis, and either the mirror plane, the inversion point, or both.",Crystallography,improper rotation; symmetry elements; mirror plane; inversion point; rotation axis
504,Which of the following is correct? Which of the following is an accurate definition of dynamic scaling in self-similar mechanisms? among the listed options.,"Dynamic scaling refers to the evolution of self-similar mechanisms, where data obtained from snapshots at fixed times exhibits similarity to the respective data taken from snapshots of any earlier or later time. This similarity is tested by a certain time-dependent stochastic variable x.",Statistical Physics,dynamic scaling; self-similar mechanisms; stochastic variables; time-dependent evolution
505,Choose the correct answer: What was the aim of the Gravity Probe B (GP-B) mission? carefully.,"To measure spacetime curvature near Earth, with particular emphasis on gravitomagnetism.",General Relativity,Gravity Probe B; gravitomagnetism; spacetime curvature; de Sitter precession; geodetic effect
506,Select the most accurate option: What is the SI base unit of time and how is it defined? among the listed options.,"The SI base unit of time is the second, which is defined by measuring the electronic transition frequency of caesium atoms.",Metrology,SI base units; caesium atom transition; time measurement; international system of units
507,Pick the best possible answer: What are permutation-inversion groups? among the listed options.,"Permutation-inversion groups are groups of symmetry operations that are energetically feasible permutations of identical nuclei or inversion with respect to the center of mass, or a combination of both.",Molecular Symmetry,permutation-inversion groups; symmetry operations; center of mass; identical nuclei; molecular rotation
508,Determine the correct option: What is linear frame dragging? carefully.,"Linear frame dragging is the effect of the general principle of relativity applied to linear momentum, which is similarly inevitable to the rotational effect. It is a tiny effect that is difficult to confirm experimentally and often omitted from articles on frame-dragging.",General Relativity,linear frame dragging; rotational momentum; general principle of relativity; spacetime curvature
509,"What is a ""coffee ring"" in physics?","A pattern left by a particle-laden liquid after it evaporates, named for the characteristic ring-like deposit along the perimeter of a spill of coffee or red wine.",Fluid Dynamics,coffee ring effect; evaporation kinetics; particle-laden liquid; surface tension; deposition patterns
510,Identify the correct statement: What are coherent turbulent structures? carefully.,"Coherent turbulent structures are more elementary components of complex multi-scale and chaotic motions in turbulent flows, which have temporal coherence and persist in their form for long enough periods that the techniques of time-averaged statistics can be applied.",Fluid Dynamics,coherent turbulent structures; multi-scale motions; temporal coherence; time-averaged statistics
511,Determine the correct option: What happens to an initially inhomogeneous physical framework that is isolated by a thermodynamic operation?,It will generally change its internal state over time.,Thermodynamics,inhomogeneous physical framework; thermodynamic operation; internal state; submechanisms; isolated systems
512,Pick the best possible answer: What is the Carnot engine? from the following choices.,The Carnot engine is an ideal heat engine that operates in the limiting mode of extreme slowness known as quasi-static. It represents the theoretical maximum efficiency of a heat engine operating between any two given thermal or heat reservoirs at different temperatures.,Thermodynamics,Carnot engine; heat engine efficiency; quasi-static process; thermal reservoirs
513,Choose the correct answer: Who was Giordano Bruno? based on the given context.,An Italian philosopher who supported the Copernican framework that Earth and other planets orbit the Sun and believed that fixed stars are similar to the Sun and have planets orbiting them.,History Of Science,Giordano Bruno; Copernican framework; heliocentrism; astronomical philosophy
514,Pick the best possible answer: How many crystallographic point groups are there in three-dimensional space? from the following choices.,32,Crystallography,crystallographic point groups; three-dimensional space; symmetry operations; crystal systems
515,What is the main factor that determines the occurrence of each type of supernova?,The progenitor star's metallicity,Astrophysics,supernova types; progenitor stars; stellar metallicity; stellar evolution
516,Select the most accurate option: What is the main focus of cryogenic and noble liquid detectors in dark matter experiments? based on the given context.,Distinguishing background particles from dark matter particles by detecting the heat produced when a particle hits an atom in a crystal absorber or the scintillation produced by a particle collision in liquid xenon or argon.,Particle Physics,cryogenic detectors; noble liquid detectors; dark matter experiments; scintillation; interaction cross section
517,Choose the correct answer: Which of the following statements accurately describes the blocking temperature of an antiferromagnetic layer in a spin valve?,The blocking temperature of an antiferromagnetic layer in a spin valve is the temperature at or above which the layer ceases to prevent the orientation of an adjacent ferromagnetic layer. The blocking temperature is typically lower than the Néel temperature.,Spintronics,antiferromagnetic layer; spin valve; blocking temperature; Néel temperature; magnetic pinning
518,Determine the correct option: What is the identity operation in symmetry groups? based on the given context.,The identity operation leaves the molecule unchanged and forms the identity element in the symmetry group.,Molecular Symmetry,identity operation; symmetry groups; center of mass; inversion center; plane of symmetry
519,Choose the correct answer: What is the significance of regularization in terms of renormalization problems in physics? among the listed options.,Regularizing the mass-energy of an electron with a finite radius is a means of demonstrating that a framework below a certain size can be explained without the need for further calculations. This approach can be applied to other renormalization problems as well.,Theoretical Physics,renormalization; regularization; mass-energy; singularities; quantum field theory
520,Choose the correct answer: What is the main sequence in astronomy? among the listed options.,The main sequence is a continuous and distinctive band of stars that appears on plots of stellar color versus brightness. Stars on this band are known as main-sequence stars or dwarf stars.,Astrophysics,main sequence; stellar evolution; Hertzsprung-Russell diagram; stellar luminosity
521,Identify the correct statement: What is spatial dispersion? based on the given context.,Spatial dispersion is a phenomenon in the physics of continuous media where material parameters such as permittivity or conductivity have dependence on wavevector. It represents spreading effects and is usually significant only at microscopic length scales.,Condensed Matter Physics,spatial dispersion; permittivity; wavevector dependence; continuous media; material parameters
522,Identify the correct statement: What is the 'reactive Leidenfrost effect' observed in non-volatile materials?,"The 'reactive Leidenfrost effect' is a phenomenon where solid particles float above hot surfaces and move erratically, observed in non-volatile materials.",Thermodynamics,reactive Leidenfrost effect; non-volatile materials; surface phenomena; particle dynamics
523,Identify the correct statement: What is a trophic level in an ecological pyramid? carefully.,A group of organisms that acquire most of their energy from the level below them in the pyramid.,Ecology,trophic level; ecological pyramid; energy flow; ecomechanism
524,Choose the correct answer: What is a light-year? from the following choices.,A unit of length used to express astronomical distances that is equivalent to the distance that an object moving at the speed of light in vacuum would travel in one Julian year: approximately 9.46 trillion kilometres (9.46×1012 km) or 5.88 trillion miles (5.88×1012 mi).,Astronomy,light-year; astronomical distances; Julian year; speed of light; vacuum velocity
525,Which of the following is correct? What did Arthur Eddington discover about two of Einstein's types of gravitational waves? from the following choices.,"Arthur Eddington showed that two of Einstein's types of waves were artifacts of the coordinate structure he used, and could be made to propagate at any speed by choosing appropriate coordinates.",Theoretical Physics,gravitational waves; coordinate framework; general relativity; speed of gravity
526,Identify the correct statement: What is the distinction between natural convection and forced convection? from the following choices.,"Natural convection occurs when a fluid is in contact with a hot surface, causing the fluid to be less dense and displaced, while forced convection is when a fluid is forced to flow over the surface by an internal source such as fans, stirring, and pumps.",Fluid Dynamics,natural convection; forced convection; heat transfer; fluid flow; buoyancy-driven flow
527,What is the order parameter that breaks the electromagnetic gauge symmetry in superconductors?,A condensed-matter collective field ψ.,Condensed Matter Physics,order parameter; electromagnetic gauge symmetry; superconductors; collective field
528,Determine the correct option: What is reciprocal length or inverse length? among the listed options.,"Reciprocal length or inverse length is a quantity or measurement used in several branches of science and mathematics. It is the reciprocal of length, and common units used for this measurement include the reciprocal metre or inverse metre (symbol: m−1), the reciprocal centimetre or inverse centimetre (symbol: cm−1).",Dimensional Analysis,reciprocal length; inverse units; dimensional quantities; unit conversion
529,Identify the correct statement: What is reciprocal length or inverse length? from the following choices.,"Reciprocal length or inverse length is a quantity or measurement used in several branches of science and mathematics. It is the reciprocal of length, and common units used for this measurement include the reciprocal metre or inverse metre (symbol: m−1), the reciprocal centimetre or inverse centimetre (symbol: cm−1).",Dimensional Analysis,reciprocal length; inverse units; dimensional quantities; unit conversion
530,Pick the best possible answer: What is the variation between the coevolution of myrmecophytes and the mutualistic symbiosis of mycorrhiza? carefully.,"Myrmecophytes coevolve with ants, providing them with a home and sometimes food, while the ants defend the plant from herbivores and competing plants. On the other hand, mycorrhiza is a mutualistic symbiosis between plants and fungi, where the fungi help the plants gain water and mineral nutrients from the soil, while the plant gives the fungi carbohydrates manufactured in photosynthesis.",Evolutionary Ecology,myrmecophytes; mutualistic symbiosis; mycorrhiza; coevolutionary dynamics
531,Pick the best possible answer: What is the significance of the high degree of fatty-acyl disorder in the thylakoid membranes of plants? among the listed options.,The high degree of fatty-acyl disorder in the thylakoid membranes of plants allows for innate fluidity even at relatively low temperatures.,Plant Biochemistry,thylakoid membranes; fatty-acyl disorder; membrane fluidity; gel-to-liquid crystalline phase transition
532,Pick the best possible answer: What happens to excess base metal as a solution cools from the upper transformation temperature towards an insoluble state? based on the given context.,"The excess base metal will often crystallize-out, becoming the proeutectoid until the remaining concentration of solutes reaches the eutectoid level, which will then crystallize as a separate microstructure.",Materials Science,proeutectoid; eutectoid level; phase transformation; solidification; microstructure
533,Select the most accurate option: What is the 'reactive Leidenfrost effect' observed in non-volatile materials?,"The 'reactive Leidenfrost effect' is a phenomenon where solid particles float above hot surfaces and move erratically, observed in non-volatile materials.",Thermodynamics,reactive Leidenfrost effect; non-volatile materials; surface phenomena; particle dynamics
534,Select the most accurate option: What is the relationship between the Hamiltonians and eigenstates in supersymmetric quantum mechanics? among the listed options.,"For every eigenstate of one Hamiltonian, its partner Hamiltonian has a corresponding eigenstate with the same energy.",Quantum Mechanics,supersymmetric quantum mechanics; Hamiltonians; eigenstates; energy degeneracy
535,Choose the correct answer: What is the purpose of the proximity-focusing design in a RICH detector? carefully.,"To emit a cone of Cherenkov light that traverses a small distance and is detected on the photon detector plane, creating a ring of light whose radius is defined by the Cherenkov emission angle and the proximity gap.",Particle Physics,RICH detector; proximity-focusing; Cherenkov emission; photon detector plane
536,Which of the following is correct? What is the relationship between interstellar and cometary chemistry? among the listed options.,"There is a possible connection between interstellar and cometary chemistry, as indicated by the similarity between interstellar and cometary ices and the analysis of organics from comet samples returned by the Stardust mission.",Astrochemistry,interstellar chemistry; cometary chemistry; organic molecules; Stardust mission; interstellar ices
537,Determine the correct option: What is the term used in astrophysics to describe light-matter interactions resulting in energy shifts in the radiation field? carefully.,Reddening,Astrophysics,light-matter interactions; energy shifts; blueshifting; redshifting; radiation field
538,What is the origin of the permanent moment in paramagnetism?,The permanent moment is generally due to the spin of unpaired electrons in atomic or molecular electron orbitals.,Quantum Magnetism,paramagnetism; unpaired electrons; magnetic dipoles; angular momentum; thermal agitation
539,Select the most accurate option: What are permutation-inversion groups? based on the given context.,"Permutation-inversion groups are groups of symmetry operations that are energetically feasible permutations of identical nuclei or inversion with respect to the center of mass, or a combination of both.",Molecular Symmetry,permutation-inversion groups; symmetry operations; center of mass; identical nuclei; molecular rotation
540,Select the most accurate option: What is the Penrose process? carefully.,"The Penrose process is a mechanism through which objects can emerge from the ergosphere with more energy than they entered with, taking extra energy from the rotational energy of the black hole and slowing down its rotation.",Astrophysics,Penrose process; ergosphere; rotational energy; black hole dynamics
541,Select the most accurate option: What is organography? among the listed options.,Organography is the scientific description of the structure and function of the organs of living things.,Plant Morphology,organography; apical meristems; botanical structure; organ development
542,Choose the correct answer: What is the American Petroleum Institute (API) gravity? among the listed options.,API gravity is a measure of how heavy or light a petroleum liquid is compared to water. It is an inverse measure of a petroleum liquid's density relative to that of water and is graduated in degrees on a hydrometer instrument.,Petroleum Engineering,API gravity; petroleum density; hydrometer measurement; fluid properties
543,Choose the correct answer: What is the identity operation in symmetry groups? from the following choices.,The identity operation leaves the molecule unchanged and forms the identity element in the symmetry group.,Molecular Symmetry,identity operation; symmetry groups; point group theory; molecular geometry
544,Which of the following is correct? What is the Peierls bracket in canonical quantization?,The Peierls bracket is a Poisson bracket derived from the action in the canonical quantization procedure that converts the quotient algebra into a Poisson algebra.,Theoretical Physics,Peierls bracket; canonical quantization; Poisson algebra; quotient algebra; action principle
545,"Which of the following is correct? Which of the following statements accurately describes the impact of Modified Newtonian Dynamics (MOND) on the observed ""missing baryonic mass"" discrepancy in galaxy clusters? based on the given context.",MOND is a concept that reduces the discrepancy between the observed missing baryonic mass in galaxy clusters and the measured velocity dispersions from a factor of around 10 to a factor of about 2.,Astrophysics,Modified Newtonian Dynamics; baryonic mass; velocity dispersions; galaxy clusters
546,Choose the correct answer: What is a planetary structure? based on the given context.,Any set of gravitationally bound non-stellar objects in or out of orbit around a star or star structure.,Astronomy,planetary structure; gravitationally bound; non-stellar objects; orbital mechanics
547,Determine the correct option: What is the order parameter that breaks the electromagnetic gauge symmetry in superconductors? carefully.,A condensed-matter collective field ψ.,Condensed Matter Physics,order parameter; electromagnetic gauge symmetry; superconductors; collective field
548,Who was the first person to describe the pulmonary circulation system?,Ibn al-Nafis,History Of Medicine,pulmonary circulation; Ibn al-Nafis; physiological history; cardiovascular anatomy
549,Determine the correct option: What is the reason behind the adoption of a logarithmic scale of 5√100 ≈ 2.512 between magnitudes in astronomy? among the listed options.,The logarithmic scale was adopted to ensure that five magnitude steps corresponded precisely to a factor of 100 in brightness.,Astrophysics,logarithmic scale; stellar magnitude; apparent brightness; astronomical measurements
550,Identify the correct statement: What can be inferred about the electronic entropy of insulators and metals based on their densities of states at the Fermi level? based on the given context.,"Insulators have zero density of states at the Fermi level, and therefore, their density of states-based electronic entropy is essentially zero. Metals have non-zero density of states at the Fermi level, and thus, their electronic entropy should be proportional to the temperature and density of states at the Fermi level.",Condensed Matter Physics,electronic entropy; density of states; Fermi level; solid-state physics
551,Which of the following is correct? What is the information loss paradox in black holes?,"Black holes have only a few internal parameters, so most of the information about the matter that went into forming the black hole is lost. Regardless of the type of matter which goes into a black hole, it appears that only information concerning the total mass, charge, and angular momentum are conserved. As black holes evaporate by emitting Hawking radiation, the information is lost forever.",Theoretical Physics,information loss paradox; Hawking radiation; black hole evaporation; quantum mechanics
552,Select the most accurate option: What is the order parameter that breaks the electromagnetic gauge symmetry in superconductors? among the listed options.,A condensed-matter collective field ψ.,Condensed Matter Physics,order parameter; electromagnetic gauge symmetry; superconductors; collective field
553,Determine the correct option: What is the purpose of the proximity-focusing design in a RICH detector? from the following choices.,"To emit a cone of Cherenkov light that traverses a small distance and is detected on the photon detector plane, creating a ring of light whose radius is defined by the Cherenkov emission angle and the proximity gap.",Particle Physics,RICH detector; proximity-focusing; Cherenkov radiation; photon detector plane
554,What is indirect photophoresis?,"Indirect photophoresis is a phenomenon that occurs when particles absorb incident light only on the irradiated side, creating a temperature gradient within the particle, and causing a migration of particles in a direction opposite to the surface temperature gradient.",Optical Physics,indirect photophoresis; temperature gradient; particle migration; incident light absorption
555,Identify the correct statement: What is a magnetic monopole in particle physics? among the listed options.,"A hypothetical elementary particle that is an isolated magnet with only one magnetic pole, either a north pole or a south pole.",Particle Physics,magnetic monopole; elementary particle; electromagnetism; isolated magnetic pole
556,Pick the best possible answer: What is spatial dispersion? carefully.,Spatial dispersion is a phenomenon in the physics of continuous media where material parameters such as permittivity or conductivity have dependence on wavevector. It represents spreading effects and is usually significant only at microscopic length scales.,Condensed Matter Physics,spatial dispersion; permittivity; wavevector dependence; continuous media; material parameters
557,Which of the following is correct? What is a regular polytope? based on the given context.,A regular polytope is a geometric shape whose symmetry group is transitive on its flags.,Geometry,regular polytope; symmetry group; flag-transitivity; geometric shapes
558,Identify the correct statement: What is the significance of the redshift-distance relationship in determining the expansion history of the universe? based on the given context.,"Observations of the redshift-distance relationship can be used to determine the expansion history of the universe and the matter and energy content, especially for distant galaxies whose light has been travelling to us for much longer times.",Cosmology,redshift-distance relationship; expansion history; matter and energy content; galactic observations
559,"Select the most accurate option: What is the relationship between mass, force, and acceleration, according to Sir Isaac Newton's laws of motion?","Mass is an inertial property that determines an object's tendency to remain at constant velocity unless acted upon by an outside force. According to Newton's laws of motion and the formula F = ma, an object with a mass of one kilogram accelerates at one meter per second per second when acted upon by a force of one newton.",Classical Mechanics,Newton's laws of motion; inertial property; force-mass-acceleration; F=ma; constant velocity
560,Identify the correct statement: What is the function of the fibrous cardiac skeleton? among the listed options.,"The fibrous cardiac skeleton provides structure to the heart, forming the atrioventricular septum that separates the atria from the ventricles, and the fibrous rings that serve as bases for the four heart valves.",Cardiac Anatomy,fibrous cardiac skeleton; atrioventricular septum; heart valves; myocardial structure
561,Which of the following is correct? What is Martin Heidegger's view on the relationship between time and human existence? based on the given context.,"Martin Heidegger believes that humans do not exist inside time, but that they are time. The relationship to the past is a present awareness of having been, and the relationship to the future involves anticipating a potential possibility, task, or engagement.",Existential Phenomenology,Martin Heidegger; temporal existence; Dasein; historicality; potentiality-to-be
562,Determine the correct option: What is radiosity in radiometry? among the listed options.,"Radiosity is the radiant flux leaving a surface per unit area, including emitted, reflected, and transmitted radiation.",Radiometry,radiosity; radiant flux; surface radiation; optical physics
563,Which of the following is correct? What is the order parameter that breaks the electromagnetic gauge symmetry in superconductors? carefully.,A condensed-matter collective field ψ.,Condensed Matter Physics,order parameter; electromagnetic gauge symmetry; superconductors; collective field
564,Which of the following is correct? What is the relationship between the complete electromagnetic Hamiltonian of a molecule and the parity operation? among the listed options.,"The complete electromagnetic Hamiltonian of any molecule is invariant to the parity operation, and its eigenvalues can be given the parity symmetry label + or - depending on whether they are even or odd, respectively.",Quantum Chemistry,electromagnetic Hamiltonian; parity operation; symmetry labels; molecular eigenvalues
565,What is the result of the collapse of a cavitation bubble?,"The collapse of a cavitation bubble causes a sharp increase in pressure and temperature of the vapor within, releasing a significant amount of energy in the form of an acoustic shock wave and visible light.",Fluid Dynamics,cavitation bubble; acoustic shock wave; implosion; vapor pressure; energy release
566,Choose the correct answer: What is a uniform tiling in the hyperbolic plane?,"A uniform tiling in the hyperbolic plane is an edge-to-edge filling of the hyperbolic plane, with regular polygons as faces. These are vertex-transitive and isogonal.",Hyperbolic Geometry,uniform tiling; hyperbolic plane; vertex-transitive; isogonal; tessellation
567,Select the most accurate option: What is the definition of anatomy? among the listed options.,Anatomy is a branch of morphology that deals with the structure of organisms.,Biological Sciences,morphology; organismal structure; anatomical definition; body plan analysis
568,Determine the correct option: What is the role of IL-10 in the formation of Tr1 cells and tolerogenic DCs? from the following choices.,"IL-10 induces the formation of Tr1 cells and tolerogenic DCs, which are dependent on IL-10 and TGF-β, but differ from Tregs by lacking expression of Foxp3. Tr1 cells produce high levels of IL-10 and TGF-β, while tolerogenic DCs produce IL-10 that is significant for Tr1 formation.",Immunology,IL-10; Tr1 cells; tolerogenic DCs; Foxp3 expression; TGF-β signaling
569,Identify the correct statement: What is the relationship between interstellar and cometary chemistry? among the listed options.,"There is a possible connection between interstellar and cometary chemistry, as indicated by the similarity between interstellar and cometary ices and the analysis of organics from comet samples returned by the Stardust mission.",Astrochemistry,interstellar chemistry; cometary chemistry; organic molecules; Stardust mission; interstellar ices
570,Select the most accurate option: What is emissivity? carefully.,Emissivity is a measure of how well a surface absorbs and emits thermal radiation.,Thermodynamics,emissivity; thermal radiation; heat transfer; surface properties
571,Pick the best possible answer: What is a regular polytope? based on the given context.,A regular polytope is a geometric shape whose symmetry group is transitive on its flags.,Geometry,regular polytope; symmetry group; flag-transitivity; geometric shapes
572,Select the most accurate option: What did Newton adopt after his correspondence with Hooke in 1679-1680? carefully.,The language of inward or centripetal force.,History Of Science,Isaac Newton; Robert Hooke; centripetal force; gravitational theory; scientific correspondence
573,Pick the best possible answer: What is the purpose of the proximity-focusing design in a RICH detector? among the listed options.,"To emit a cone of Cherenkov light that traverses a small distance and is detected on the photon detector plane, creating a ring of light whose radius is defined by the Cherenkov emission angle and the proximity gap.",Particle Physics,RICH detector; proximity-focusing; Cherenkov radiation; photon detector plane
574,Which of the following is correct? What is the distinction between active and passive transport in cells?,"Passive transport is powered by the arithmetic sum of osmosis and an electric field, while active transport requires energy input from the cell.",Cell Biology,active transport; passive transport; cellular energetics; osmosis; electrochemical gradient
575,Choose the correct answer: What is one of the examples of the models proposed by cosmologists and theoretical physicists without the cosmological or Copernican principles that can be used to address specific issues in the Lambda-CDM model and distinguish between current models and other possible models? from the following choices.,"Inhomogeneous cosmology, which models the universe as an extremely large, low-density void, instead of using the concept of dark energy. According to the model, this principle can match the observed accelerating universe and cosmological constant, but it contradicts the Copernican principle.",Cosmology,Lambda-CDM model; inhomogeneous cosmology; Copernican principle; isotropic universe; theoretical physics
576,Pick the best possible answer: What is the fate of a carbocation formed in crystalline naphthalene? among the listed options.,"The carbocation gains an electron from surrounding molecules, becoming an electrically neutral radical.",Organic Chemistry,carbocation; crystalline naphthalene; ionic stability; chemical reactivity
577,"Choose the correct answer: What is the butterfly effect, as defined by Lorenz in his book ""The Essence of Chaos""? among the listed options.","The butterfly effect is the phenomenon that a small change in the initial conditions of a dynamical structure can cause significant contrasts in subsequent states, as defined by Lorenz in his book ""The Essence of Chaos.""",Chaos Theory,butterfly effect; initial conditions; dynamical systems; sensitive dependence
578,"Select the most accurate option: Which of the following statements accurately depicts the relationship between Gauss's law, electric flux, electric field, and symmetry in electric fields? among the listed options.","Gauss's law holds in all cases, but it is most useful for calculations involving symmetric electric fields, like those with spherical or cylindrical symmetry, as they allow for simpler algebraic manipulations. Electric flux is not affected by distant charges outside the closed surface, whereas the net electric field, E, can be influenced by any charges positioned outside of the closed surface. In SI base units, the electric flux is expressed as kg·m3·s−3·A−1.",Electromagnetism,Gauss's law; electric flux; spherical symmetry; cylindrical symmetry; closed surface
579,"Pick the best possible answer: What is the reason behind the designation of Class L dwarfs, and what is their color and composition? carefully.","Class L dwarfs are cooler than M stars and are designated L because L is the remaining letter alphabetically closest to M. They are dark red in color and are brightest in infrared. Their atmosphere is cool enough to allow metal hydrides and alkali metals to be prominent in their spectra. Some of these objects have masses large enough to support hydrogen fusion and are therefore stars, but most are of substellar mass and are therefore brown dwarfs.",Astrophysics,Class L dwarfs; substellar mass; hydrogen fusion; metal hydrides; brown dwarfs
580,Identify the correct statement: What is the spin quantum number?,"The spin quantum number is a dimensionless quantity obtained by dividing the spin angular momentum by the reduced Planck constant ħ, which has the same dimensions as angular momentum.",Quantum Mechanics,spin quantum number; angular momentum; reduced Planck constant; elementary particles
581,What is the term used to describe the proportionality factor to the Stefan-Boltzmann law that is utilized in subsequent evaluations of the radiative behavior of grey bodies?,Emissivity,Thermodynamics,Stefan-Boltzmann law; grey bodies; emissivity; radiative behavior; black-body radiation
582,Determine the correct option: Which of the following statements accurately describes the origin and significance of the triskeles symbol?,"The triskeles symbol was reconstructed as a feminine divine triad by the rulers of Syracuse, and later adopted as an emblem. Its usage may also be related to the Greek name of Sicily, Trinacria, which means ""having three headlands."" The head of Medusa at the center of the Sicilian triskeles represents the three headlands.",Cultural History,triskeles symbol; Trinacria; Syracuse; feminine divine triad; Sicilian heraldry
583,"Select the most accurate option: How do the Lunar Laser Ranging Experiment, radar astronomy, and the Deep Space Network determine distances to the Moon, planets, and spacecraft? carefully.",They measure round-trip transit times.,Space Science,Lunar Laser Ranging; radar astronomy; round-trip transit time; Deep Space Network
584,Select the most accurate option: What is the term used in astrophysics to describe light-matter interactions resulting in energy shifts in the radiation field? based on the given context.,Reddening,Astrophysics,light-matter interactions; radiation field; blueshifting; redshifting
585,Select the most accurate option: Which of the following statements accurately describes the relationship between the dimensions of a diffracting object and the angular spacing of features in the diffraction pattern? carefully.,"The angular spacing of features in the diffraction pattern is inversely proportional to the dimensions of the object causing the diffraction. Therefore, if the diffracting object is smaller, the resulting diffraction pattern will be wider.",Wave Optics,diffraction pattern; angular spacing; wave interference; optical physics
586,What is Lorentz symmetry or Lorentz invariance in relativistic physics?,Lorentz symmetry or Lorentz invariance is an equivalence of observation or observational symmetry due to special relativity implying that the laws of physics stay the same for all observers that are moving with respect to one another within an inertial frame.,Theoretical Physics,Lorentz invariance; spacetime manifold; Lorentz group; special relativity; four-vectors
587,Select the most accurate option: What is the significance of regularization in terms of renormalization problems in physics?,Regularizing the mass-energy of an electron with a finite radius is a means of demonstrating that a mechanism below a certain size can be explained without the need for further calculations. This approach can be applied to other renormalization problems as well.,Theoretical Physics,renormalization; regularization; mass-energy; singularities; quantum field theory
588,Determine the correct option: What is the interstellar medium (ISM)? among the listed options.,"The matter and radiation that exist in the space between the star structures in a galaxy, including gas in ionic, atomic, and molecular form, as well as dust and cosmic rays. It fills interstellar space and blends smoothly into the surrounding intergalactic space.",Astrophysics,interstellar medium; cosmic rays; galactic gas; ionic and molecular matter
589,Choose the correct answer: What is the relationship between chemical potential and quarks/antiquarks? from the following choices.,"Chemical potential, represented by μ, is a measure of the imbalance between quarks and antiquarks in a structure. Higher μ indicates a stronger bias favoring quarks over antiquarks.",Particle Physics,chemical potential; quarks; antiquarks; quantum chromodynamics
590,Pick the best possible answer: What is magnetic susceptibility? based on the given context.,"Magnetic susceptibility is a measure of how much a material will become magnetized in an applied magnetic field. It is the ratio of magnetization to the applied magnetizing field intensity, allowing for a simple classification of most materials' responses to an applied magnetic field.",Magnetism,magnetic susceptibility; magnetization; magnetizing field intensity; material classification
591,What is reciprocal length or inverse length?,"Reciprocal length or inverse length is a quantity or measurement used in several branches of science and mathematics. It is the reciprocal of length, and common units used for this measurement include the reciprocal metre or inverse metre (symbol: m−1), the reciprocal centimetre or inverse centimetre (symbol: cm−1).",Dimensional Analysis,reciprocal length; inverse units; dimensional quantities; unit conversion
592,Which of the following is correct? What is the significance of the high degree of fatty-acyl disorder in the thylakoid membranes of plants? based on the given context.,The high degree of fatty-acyl disorder in the thylakoid membranes of plants allows for innate fluidity even at relatively low temperatures.,Plant Biochemistry,thylakoid membranes; fatty-acyl disorder; membrane fluidity; gel-to-liquid crystalline phase transition
593,What is Minkowski space?,Minkowski space is a mathematical model that combines inertial space and time manifolds with a non-inertial reference frame of space and time into a four-dimensional model relating a position to the field.,Theoretical Physics,Minkowski space; spacetime manifold; non-inertial reference frame; four-dimensional model
594,Determine the correct option: What is the role of the Higgs boson in the Standard Model?,"The Higgs boson is responsible for giving mass to all the elementary particles, except the photon and gluon, in the Standard Model.",Particle Physics,Higgs boson; Standard Model; elementary particles; mass generation; gauge bosons
595,Which of the following is correct? What is a light-year? among the listed options.,A unit of length used to express astronomical distances that is equivalent to the distance that an object moving at the speed of light in vacuum would travel in one Julian year: approximately 9.46 trillion kilometres (9.46×1012 km) or 5.88 trillion miles (5.88×1012 mi).,Astronomy,light-year; Julian year; astronomical distances; speed of light; vacuum velocity
596,"Which of the following is correct? What is the concept of simultaneity in Einstein's book, Relativity? carefully.","Simultaneity is relative, meaning that two events that appear simultaneous to an observer in a particular inertial reference frame need not be judged as simultaneous by a second observer in a different inertial frame of reference.",Theoretical Physics,relativity of simultaneity; inertial reference frame; special relativity; spacetime physics
597,Choose the correct answer: What is the gravitomagnetic interaction? carefully.,"The gravitomagnetic interaction is a new force of nature generated by rotating matter, whose intensity is proportional to the rate of spin, according to the general concept of relativity.",General Relativity,gravitomagnetic interaction; rotating matter; gravitational permeability; Meissner effect analogue
598,What is the Ozma Problem?,"The Ozma Problem is a conundrum that examines whether there is any fundamental asymmetry to the universe. It concerns various aspects of atomic and subatomic physics and how they relate to mirror asymmetry and the related concepts of chirality, antimatter, magnetic and electrical polarity, parity, charge and spin.",Theoretical Physics,chirality; time invariance; mirror asymmetry; parity; subatomic physics
599,Pick the best possible answer: What is the Kelvin-Helmholtz instability and how does it affect Earth's magnetosphere? from the following choices.,"The Kelvin-Helmholtz instability is a phenomenon that occurs when large swirls of plasma travel along the edge of the magnetosphere at a different velocity from the magnetosphere, causing the plasma to slip past. This results in magnetic reconnection, and as the magnetic field lines break and reconnect, solar wind particles are able to enter the magnetosphere.",Space Physics,Kelvin-Helmholtz instability; magnetosphere; magnetic reconnection; solar wind; plasma dynamics
600,Pick the best possible answer: What is the relationship between the Hamiltonians and eigenstates in supersymmetric quantum mechanics? among the listed options.,"For every eigenstate of one Hamiltonian, its partner Hamiltonian has a corresponding eigenstate with the same energy.",Quantum Mechanics,supersymmetric quantum mechanics; Hamiltonians; eigenstates; energy degeneracy
601,Determine the correct option: What is magnetic susceptibility? among the listed options.,"Magnetic susceptibility is a measure of how much a material will become magnetized in an applied magnetic field. It is the ratio of magnetization to the applied magnetizing field intensity, allowing for a simple classification of most materials' responses to an applied magnetic field.",Electromagnetism,magnetic susceptibility; magnetization; magnetizing field intensity; material properties
602,Choose the correct answer: Who shared the other half of the Nobel Prize with Yoichiro Nambu for discovering the origin of the explicit breaking of CP symmetry in the weak interactions?,Makoto Kobayashi and Toshihide Maskawa,Particle Physics,CP symmetry; weak interactions; Kobayashi-Maskawa matrix; Standard Model
603,Determine the correct option: What is the significance of the high degree of fatty-acyl disorder in the thylakoid membranes of plants? from the following choices.,The high degree of fatty-acyl disorder in the thylakoid membranes of plants allows for innate fluidity even at relatively low temperatures.,Plant Biochemistry,thylakoid membranes; fatty-acyl disorder; membrane fluidity; gel-to-liquid crystalline phase transition
604,Select the most accurate option: What is the Erlangen program? carefully.,"The Erlangen program is a approach of characterizing geometries based on group concept and projective geometry, published by Felix Klein in 1872 as Vergleichende Betrachtungen über neuere geometrische Forschungen.",Geometry Theory,Erlangen program; group theory; projective geometry; Felix Klein
605,"Select the most accurate option: What is the relationship between mass, force, and acceleration, according to Sir Isaac Newton's laws of motion? based on the given context.","Mass is an inertial property that determines an object's tendency to remain at constant velocity unless acted upon by an outside force. According to Newton's laws of motion and the formula F = ma, an object with a mass of one kilogram accelerates at one meter per second per second when acted upon by a force of one newton.",Classical Mechanics,Newton's laws of motion; inertial property; force-mass-acceleration; kinematics
606,Choose the correct answer: What are permutation-inversion groups?,"Permutation-inversion groups are groups of symmetry operations that are energetically feasible permutations of identical nuclei or inversion with respect to the center of mass, or a combination of both.",Molecular Symmetry,permutation-inversion groups; symmetry operations; center of mass; identical nuclei; molecular rotation
607,Which of the following is correct? What is the definition of dimension in mathematics? from the following choices.,"The dimension of an object is the number of independent parameters or coordinates needed to define the position of a point constrained to be on the object, and is an intrinsic property of the object, independent of the dimension of the space in which it is embedded.",Geometry,mathematical dimension; degrees of freedom; intrinsic property; extrinsic property; coordinate systems
608,Identify the correct statement: What is the significance of the high degree of fatty-acyl disorder in the thylakoid membranes of plants? from the following choices.,The high degree of fatty-acyl disorder in the thylakoid membranes of plants allows for innate fluidity even at relatively low temperatures.,Plant Biochemistry,thylakoid membranes; fatty-acyl disorder; membrane fluidity; gel-to-liquid crystalline phase transition
609,"What is the ""ultraviolet catastrophe""?",It is the misbehavior of a formula for higher frequencies.,Quantum Physics,ultraviolet catastrophe; classical physics; electromagnetic radiation; energy distribution
610,What is the De Haas-Van Alphen effect?,"The oscillation of the differential susceptibility as a function of 1/H in metals under strong magnetic fields, which relates the period of the susceptibility with the Fermi surface of the material.",Condensed Matter Physics,De Haas-Van Alphen effect; differential susceptibility; Fermi surface; magnetic field oscillations; AC permeability
611,Determine the correct option: What is a Schwarzschild black hole? from the following choices.,"A black hole that has mass but neither electric charge nor angular momentum, and is spherically symmetric, according to Birkhoff's theorem.",General Relativity,Schwarzschild black hole; Birkhoff's theorem; angular momentum; spherical symmetry
612,Pick the best possible answer: What is the required excess quark per billion quark-antiquark pairs in the early universe in order to provide all the observed matter in the universe? from the following choices.,One,Particle Physics,baryon asymmetry; quark-antiquark pairs; early universe; matter-antimatter asymmetry
613,Pick the best possible answer: What is radiosity in radiometry? carefully.,"Radiosity is the radiant flux leaving a surface per unit area, including emitted, reflected, and transmitted radiation.",Radiometry,radiosity; radiant flux; surface radiation; optical physics
614,Identify the correct statement: What is the 'reactive Leidenfrost effect' observed in non-volatile materials? carefully.,"The 'reactive Leidenfrost effect' is a phenomenon where solid particles float above hot surfaces and move erratically, observed in non-volatile materials.",Thermodynamics,reactive Leidenfrost effect; non-volatile materials; surface phenomena; particle dynamics
615,"Pick the best possible answer: What is power density in the context of energy structures, and how does it differ between renewable and non-renewable energy sources? based on the given context.","Power density is a measure of the amount of power obtained per unit of Earth surface area used by a specific energy framework, including all supporting infrastructure, manufacturing, mining of fuel (if applicable) and decommissioning. Fossil fuels and nuclear power have high power density, which means large power can be drawn from power plants occupying relatively small areas. Renewable energy sources have power density at least three orders of magnitude smaller and, for the same energy output, they need to occupy accordingly larger areas.",Energy Engineering,power density; energy infrastructure; renewable energy; fossil fuels; land use efficiency
616,Select the most accurate option: What is the mechanism of FTIR? from the following choices.,"The mechanism of FTIR is called evanescent-wave coupling, which is a good analog to visualize quantum tunneling.",Analytical Chemistry,Fourier-transform infrared spectroscopy; evanescent-wave coupling; frustrated total internal reflection; quantum tunneling; spectroscopy mechanisms
617,Which of the following is correct? What are coherent turbulent structures? among the listed options.,"Coherent turbulent structures are more elementary components of complex multi-scale and chaotic motions in turbulent flows, which have temporal coherence and persist in their form for long enough periods that the approachs of time-averaged statistics can be applied.",Fluid Dynamics,coherent turbulent structures; multi-scale motions; temporal coherence; time-averaged statistics
618,Identify the correct statement: What is the Minkowski diagram used for? based on the given context.,The Minkowski diagram is used to define concepts and demonstrate properties of Lorentz transformations and to provide geometrical interpretation to the generalization of Newtonian mechanics to relativistic mechanics.,Theoretical Physics,Minkowski diagram; Lorentz transformations; special relativity; relativistic mechanics
619,Choose the correct answer: What is the SI unit of the physical quantity m/Q? carefully.,Kilogram per coulomb,Physics Units,SI units; physical quantities; dimensional analysis; unit conversion
620,Identify the correct statement: What is the significance of probability amplitudes in quantum mechanics? from the following choices.,"Probability amplitudes act as the equivalent of conventional probabilities in quantum mechanics, with many analogous laws.",Quantum Mechanics,probability amplitudes; wave function; quantum state; superposition principle
621,Pick the best possible answer: Which of the following is an accurate definition of dynamic scaling in self-similar mechanisms?,"Dynamic scaling refers to the evolution of self-similar frameworks, where data obtained from snapshots at fixed times exhibits similarity to the respective data taken from snapshots of any earlier or later time. This similarity is tested by a certain time-dependent stochastic variable x.",Statistical Physics,dynamic scaling; self-similar mechanisms; stochastic variables; time-dependent frameworks
622,Pick the best possible answer: Which of the following is an accurate definition of dynamic scaling in self-similar frameworks? carefully.,"Dynamic scaling refers to the evolution of self-similar frameworks, where data obtained from snapshots at fixed times exhibits similarity to the respective data taken from snapshots of any earlier or later time. This similarity is tested by a certain time-dependent stochastic variable x.",Statistical Physics,dynamic scaling; self-similar frameworks; stochastic variables; time-dependent evolution
623,Select the most accurate option: What is the Droste effect?,"The Droste effect is a recursive image effect in which a picture appears within itself in a place where a similar picture would realistically be expected to appear. This creates a loop that can continue as far as the image's resolution allows, and is named after a Dutch brand of cocoa.",Visual Perception,Droste effect; recursive imagery; optical illusion; self-referentiality
624,Which of the following is correct? What is the term used in astrophysics to describe light-matter interactions resulting in energy shifts in the radiation field? carefully.,Reddening,Astrophysics,light-matter interactions; energy shifts; blueshifting; redshifting; radiation field
625,Which of the following is correct? What are some models that attempt to account for all observations without invoking supplemental non-baryonic matter? from the following choices.,"Modified Newtonian dynamics, tensor–vector–scalar gravity, or entropic gravity.",Theoretical Physics,Modified Newtonian dynamics; non-baryonic matter; tensor–vector–scalar gravity; entropic gravity
626,Which of the following is correct? What is the required excess quark per billion quark-antiquark pairs in the early universe in order to provide all the observed matter in the universe? from the following choices.,One,Particle Physics,baryogenesis; quark-antiquark pairs; early universe; matter-antimatter asymmetry
627,Identify the correct statement: What is the SI unit of the physical quantity m/Q? based on the given context.,Kilogram per coulomb,Physics Units,SI units; physical quantities; dimensional analysis; unit conversion
628,Choose the correct answer: What is the synapstor or synapse transistor? from the following choices.,A device used to demonstrate a neuro-inspired circuit that shows long-term potentiation for learning and inactivity-based forgetting.,Neuromorphic Engineering,synapse transistor; short-term potentiation; neuro-inspired circuits; activity-based forgetting
629,Determine the correct option: What is the term used to describe the proportionality factor to the Stefan-Boltzmann law that is utilized in subsequent evaluations of the radiative behavior of grey bodies? based on the given context.,Emissivity,Thermodynamics,Stefan-Boltzmann law; grey bodies; emissivity; radiative behavior; black-body radiation
630,Identify the correct statement: What is the reason for recycling rare metals according to the United Nations?,"The demand for rare metals will quickly exceed the consumed tonnage in 2013, and recycling rare metals with a worldwide production lower than 100 000 t/year is urgent and priority should be placed on it in order to conserve natural resources and energy.",Resource Economics,rare metal recycling; resource conservation; production tonnage; sustainable development
631,Select the most accurate option: What is the fate of a carbocation formed in crystalline naphthalene? based on the given context.,"The carbocation gains an electron from surrounding molecules, becoming an electrically neutral radical.",Organic Chemistry,carbocation; crystalline naphthalene; ionic stability; chemical kinetics
632,Pick the best possible answer: Who was the first person to describe the pulmonary circulation framework?,Ibn al-Nafis,History Of Medicine,pulmonary circulation; Ibn al-Nafis; physiological history; cardiovascular anatomy
633,Pick the best possible answer: What is the American Petroleum Institute (API) gravity? based on the given context.,API gravity is a measure of how heavy or light a petroleum liquid is compared to water. It is an inverse measure of a petroleum liquid's density relative to that of water and is graduated in degrees on a hydrometer instrument.,Petroleum Engineering,API gravity; petroleum density; hydrometer measurement; fluid properties
634,Determine the correct option: What is Martin Heidegger's view on the relationship between time and human existence? carefully.,"Martin Heidegger believes that humans do not exist inside time, but that they are time. The relationship to the past is a present awareness of having been, and the relationship to the future involves anticipating a potential possibility, task, or engagement.",Existential Phenomenology,Heideggerian ontology; temporality; Dasein; being-towards-death; historicality
635,Pick the best possible answer: What is the interpretation of supersymmetry in stochastic supersymmetric principle?,"Supersymmetry is an intrinsic property of all stochastic differential equations, and it preserves continuity in the model's phase space via continuous time flows.",Stochastic Dynamics,stochastic supersymmetric principle; kinematic dynamo; induction equation; deterministic chaos; phase space continuity
636,Determine the correct option: What is the role of the Higgs boson in the Standard Model? carefully.,"The Higgs boson is responsible for giving mass to all the elementary particles, except the photon and gluon, in the Standard Model.",Particle Physics,Higgs boson; Standard Model; elementary particles; mass generation; gauge bosons
637,Which of the following is correct? What is a light-year?,A unit of length used to express astronomical distances that is equivalent to the distance that an object moving at the speed of light in vacuum would travel in one Julian year: approximately 9.46 trillion kilometres (9.46×1012 km) or 5.88 trillion miles (5.88×1012 mi).,Astronomy,light-year; astronomical distances; speed of light; Julian year
638,Identify the correct statement: What is the relationship between interstellar and cometary chemistry? from the following choices.,"There is a possible connection between interstellar and cometary chemistry, as indicated by the similarity between interstellar and cometary ices and the analysis of organics from comet samples returned by the Stardust mission.",Astrochemistry,interstellar chemistry; cometary chemistry; organic molecules; Stardust mission; interstellar ices
639,Which of the following is correct? What is radiosity in radiometry? carefully.,"Radiosity is the radiant flux leaving a surface per unit area, including emitted, reflected, and transmitted radiation.",Radiometry,radiosity; radiant flux; surface radiation; optical physics
640,Identify the correct statement: What was Pierre de Fermat's solution to the problem of refraction? carefully.,"Fermat supposed that light took the path of least resistance, and that different media offered different resistances. His eventual solution, described in a letter to La Chambre dated 1 January 1662, construed ""resistance"" as inversely proportional to speed, so that light took the path of least time. That premise yielded the ordinary law of refraction, provided that light traveled more slowly in the optically denser medium.",Optics,Fermat's principle; law of refraction; principle of least time; optical density
641,Pick the best possible answer: What is the propagation constant in sinusoidal waves? from the following choices.,The propagation constant is a complex number that varies with distance due to the phase change in the sinusoidal wave.,Wave Physics,propagation constant; sinusoidal waves; phase change; complex numbers
642,Determine the correct option: What is the relationship between dielectric loss and the transparency of a material? based on the given context.,"Dielectric loss in a material can cause absorption, which can reduce the material's transparency at higher frequencies.",Materials Science,dielectric loss; material transparency; electromagnetic absorption; high-frequency refraction
643,Select the most accurate option: What is the Evans balance? from the following choices.,The Evans balance is a structure used to measure the susceptibility of a sample by measuring the force change on a strong compact magnet upon insertion of the sample.,Magnetic Resonance Spectroscopy,Evans balance; magnetic susceptibility; NMR frequency; magnetic field distortion
644,"Identify the correct statement: Which of the following statements accurately describes the impact of Modified Newtonian Dynamics (MOND) on the observed ""missing baryonic mass"" discrepancy in galaxy clusters?",MOND is a framework that reduces the discrepancy between the observed missing baryonic mass in galaxy clusters and the measured velocity dispersions from a factor of around 10 to a factor of about 2.,Astrophysics,Modified Newtonian Dynamics; baryonic mass; velocity dispersions; galaxy clusters
645,Which of the following is correct? What is the variation between active and passive transport in cells? carefully.,"Passive transport is powered by the arithmetic sum of osmosis and an electric field, while active transport requires energy input from the cell.",Cell Biology,active transport; passive transport; cellular energetics; osmosis; electrochemical gradient
646,Select the most accurate option: What are the two main factors that cause resistance in a metal? based on the given context.,"The amount of resistance in a metal is mainly caused by the temperature and the purity of the metal. Higher temperatures cause bigger vibrations, and a mixture of different ions acts as an irregularity.",Materials Science,electrical resistance; metallic purity; thermal vibration; ionic irregularities
647,"Choose the correct answer: What is the reason behind the designation of Class L dwarfs, and what is their color and composition?","Class L dwarfs are cooler than M stars and are designated L because L is the remaining letter alphabetically closest to M. They are dark red in color and are brightest in infrared. Their atmosphere is cool enough to allow metal hydrides and alkali metals to be prominent in their spectra. Some of these objects have masses large enough to support hydrogen fusion and are therefore stars, but most are of substellar mass and are therefore brown dwarfs.",Astrophysics,Class L dwarfs; substellar mass; hydrogen fusion; metal hydrides; brown dwarfs
648,Pick the best possible answer: What is the distinction between illuminance and luminance?,"Illuminance is the amount of light falling on a surface per unit area, while luminance is the amount of light emitted by a source per unit area.",Photometry,illuminance; luminance; luminous flux; radiometric measurement
649,Determine the correct option: What is a magnetic monopole in particle physics? carefully.,"A hypothetical elementary particle that is an isolated magnet with only one magnetic pole, either a north pole or a south pole.",Particle Physics,magnetic monopole; elementary particle; electromagnetism; isolated magnetic pole
650,Pick the best possible answer: Which of the following statements accurately describes the origin and significance of the triskeles symbol? among the listed options.,"The triskeles symbol was reconstructed as a feminine divine triad by the rulers of Syracuse, and later adopted as an emblem. Its usage may also be related to the Greek name of Sicily, Trinacria, which means ""having three headlands."" The head of Medusa at the center of the Sicilian triskeles represents the three headlands.",Cultural History,triskeles symbol; Trinacria; Syracuse; feminine divine triad; Sicilian heraldry
651,Pick the best possible answer: What is a pycnometer? among the listed options.,A device used to determine the density of a liquid.,Analytical Chemistry,pycnometer; density measurement; volumetric analysis; fluid properties
652,Identify the correct statement: What is the relationship between chemical potential and quarks/antiquarks? among the listed options.,"Chemical potential, represented by μ, is a measure of the imbalance between quarks and antiquarks in a mechanism. Higher μ indicates a stronger bias favoring quarks over antiquarks.",Particle Physics,chemical potential; quarks; antiquarks; quantum chromodynamics
653,Which of the following is correct? What is the SI base unit of time and how is it defined? carefully.,"The SI base unit of time is the second, which is defined by measuring the electronic transition frequency of caesium atoms.",Metrology,SI base units; caesium atom transition; time measurement; international system of units
654,"Choose the correct answer: Which hand should be used to apply the right-hand rule when tightening or loosening nuts, screws, bolts, bottle caps, and jar lids? based on the given context.",The right hand,Mechanical Engineering,right-hand rule; torque application; fastener mechanics; mechanical assembly
655,Which of the following is correct? Who was Giordano Bruno? among the listed options.,An Italian philosopher who supported the Copernican concept that Earth and other planets orbit the Sun and believed that fixed stars are similar to the Sun and have planets orbiting them.,History Of Science,Giordano Bruno; Copernican concept; heliocentrism; astronomical philosophy
656,Identify the correct statement: What is the function of the fibrous cardiac skeleton? based on the given context.,"The fibrous cardiac skeleton provides structure to the heart, forming the atrioventricular septum that separates the atria from the ventricles, and the fibrous rings that serve as bases for the four heart valves.",Cardiac Anatomy,fibrous cardiac skeleton; atrioventricular septum; heart valves; myocardial structure
657,Select the most accurate option: What is the distinction between active and passive transport in cells? based on the given context.,"Passive transport is powered by the arithmetic sum of osmosis and an electric field, while active transport requires energy input from the cell.",Cell Biology,active transport; passive transport; osmosis; cellular energetics
658,Which of the following is correct? Which of the following statements accurately describes the blocking temperature of an antiferromagnetic layer in a spin valve? carefully.,The blocking temperature of an antiferromagnetic layer in a spin valve is the temperature at or above which the layer ceases to prevent the orientation of an adjacent ferromagnetic layer. The blocking temperature is typically lower than the Néel temperature.,Spintronics,antiferromagnetic layer; spin valve; blocking temperature; Néel temperature; magnetic pinning
659,Select the most accurate option: What did Newton adopt after his correspondence with Hooke in 1679-1680? carefully.,The language of inward or centripetal force.,History Of Science,Isaac Newton; Robert Hooke; centripetal force; gravitational theory; scientific correspondence
660,What is bollard pull primarily used for measuring?,The strength of tugboats,Marine Engineering,bollard pull; maritime propulsion; tugboat capacity; towing force
661,Determine the correct option: What is the reason that it is nearly impossible to see light emitted at the Lyman-alpha transition wavelength from a star farther than a few hundred light years from Earth? among the listed options.,"Far ultraviolet light is absorbed effectively by the neutral components of the ISM, including atomic hydrogen, which has a typical absorption wavelength of about 121.5 nanometers, the Lyman-alpha transition.",Astrophysics,Lyman-alpha transition; interstellar medium; ultraviolet absorption; atomic hydrogen; spectral analysis
662,Identify the correct statement: What is the variation between probability mass function (PMF) and probability density function (PDF)? among the listed options.,"PMF is used for discrete random variables, while PDF is used for continuous random variables.",Probability Theory,probability mass function; probability density function; random variables; continuous vs discrete distributions
663,Pick the best possible answer: What is the relationship between the Cauchy momentum equation and the Navier-Stokes equation? among the listed options.,"The Navier-Stokes equation can be derived from the Cauchy momentum equation by specifying the stress tensor through a constitutive relation, expressing the shear tensor in terms of viscosity and fluid velocity, and assuming constant density and viscosity.",Fluid Dynamics,Cauchy momentum equation; Navier-Stokes equation; constitutive relation; stress tensor; fluid viscosity
664,"Identify the correct statement: What is the butterfly effect, as defined by Lorenz in his book ""The Essence of Chaos""? based on the given context.","The butterfly effect is the phenomenon that a small change in the initial conditions of a dynamical mechanism can cause significant contrasts in subsequent states, as defined by Lorenz in his book ""The Essence of Chaos.""",Chaos Theory,butterfly effect; initial conditions; dynamical systems; sensitive dependence
665,Which of the following is correct? What is Modified Newtonian Dynamics (MOND)?,MOND is a hypothesis that proposes a modification of Newton's law of universal gravitation to account for observed properties of galaxies. It is an alternative to the hypothesis of dark matter in terms of explaining why galaxies do not appear to obey the currently understood laws of physics.,Astrophysics,Modified Newtonian Dynamics; dark matter; universal gravitation; general relativity
666,Which of the following is correct? What is the Erlangen program? based on the given context.,"The Erlangen program is a technique of characterizing geometries based on group framework and projective geometry, published by Felix Klein in 1872 as Vergleichende Betrachtungen über neuere geometrische Forschungen.",Geometry Theory,Erlangen program; group framework; projective geometry; Felix Klein
667,Choose the correct answer: What is the reason for the formation of stars exclusively within molecular clouds? carefully.,"The low temperatures and high densities of molecular clouds cause the gravitational force to exceed the internal pressures that are acting ""outward"" to prevent a collapse.",Astrophysics,stellar formation; molecular clouds; gravitational collapse; internal pressure; interstellar medium
668,"Which of the following statements accurately describes the impact of Modified Newtonian Dynamics (MOND) on the observed ""missing baryonic mass"" discrepancy in galaxy clusters?",MOND is a theory that reduces the discrepancy between the observed missing baryonic mass in galaxy clusters and the measured velocity dispersions from a factor of around 10 to a factor of about 2.,Astrophysics,Modified Newtonian Dynamics; baryonic mass; velocity dispersions; galaxy clusters
669,Choose the correct answer: Which of the following statements accurately describes the dimension of an object in a CW complex? from the following choices.,"The dimension of an object in a CW complex is the largest n for which the n-skeleton is nontrivial, where the empty set is considered to have dimension -1 and the boundary of a discrete set of points is the empty set.",Algebraic Topology,CW complex; n-skeleton; critical points; cell complex; dimension theory
670,Which of the following is correct? What is the 'reactive Leidenfrost effect' observed in non-volatile materials? based on the given context.,"The 'reactive Leidenfrost effect' is a phenomenon where solid particles float above hot surfaces and move erratically, observed in non-volatile materials.",Thermodynamics,reactive Leidenfrost effect; non-volatile materials; surface phenomena; particle dynamics
671,Identify the correct statement: What is the reason for recycling rare metals according to the United Nations? carefully.,"The demand for rare metals will quickly exceed the consumed tonnage in 2013, and recycling rare metals with a worldwide production lower than 100 000 t/year is urgent and priority should be placed on it in order to conserve natural resources and energy.",Resource Economics,rare metal recycling; resource conservation; production tonnage; sustainable development
672,Which of the following is correct? What is emissivity? carefully.,Emissivity is a measure of how well a surface absorbs and emits thermal radiation.,Thermodynamics,emissivity; thermal radiation; heat transfer; surface properties
673,Select the most accurate option: What is the required excess quark per billion quark-antiquark pairs in the early universe in order to provide all the observed matter in the universe? based on the given context.,One,Particle Physics,quark-antiquark pairs; baryogenesis; early universe; matter asymmetry
674,Which of the following is correct? What is the Heisenberg uncertainty principle and how does it relate to angular momentum in quantum mechanics? based on the given context.,"The Heisenberg uncertainty principle states that at any given time, only one projection of angular momentum can be measured with definite precision, while the other two remain uncertain. This is because angular momentum, like other quantities in quantum mechanics, is expressed as an operator with quantized eigenvalues.",Quantum Mechanics,Heisenberg uncertainty principle; angular momentum; tensorial operator; quantized eigenvalues; spin
675,Identify the correct statement: What is the Einstein@Home project? carefully.,The Einstein@Home project is a distributed computing project that aims to detect simple gravitational waves with constant frequency. It takes data from LIGO and GEO and sends it out in little pieces to thousands of volunteers for parallel analysis on their home computers.,Computational Astrophysics,distributed computing; gravitational waves; binary black holes; parallel analysis; LIGO data
676,Pick the best possible answer: What is the identity operation in symmetry groups? among the listed options.,The identity operation leaves the molecule unchanged and forms the identity element in the symmetry group.,Molecular Symmetry,identity operation; symmetry groups; center of mass; inversion center; plane of symmetry
677,What happens to excess base metal as a solution cools from the upper transformation temperature towards an insoluble state?,"The excess base metal will often crystallize-out, becoming the proeutectoid until the remaining concentration of solutes reaches the eutectoid level, which will then crystallize as a separate microstructure.",Materials Science,proeutectoid; eutectoid level; transformation temperature; microstructure; base metal solidification
678,Determine the correct option: What is a Hilbert space in quantum mechanics? based on the given context.,A complex vector space where the state of a quantum mechanical structure is described by a vector |Ψ⟩.,Quantum Mechanics,Hilbert space; complex vector space; state vector; quantum mechanical structure
679,Determine the correct option: Which of the following statements is true about the categorization of planetary mechanisms according to their orbital dynamics? based on the given context.,"Planetary structures can be categorized as resonant, non-resonant-interacting, hierarchical, or some combination of these.",Celestial Mechanics,orbital dynamics; planetary frameworks; resonant mechanisms; hierarchical structures
680,Choose the correct answer: What did Fresnel predict and verify with regards to total internal reflections? from the following choices.,"Fresnel predicted and verified that four total internal reflections at 68°27' would give a precise circular polarization if two of the reflections had water as the external medium while the other two had air, but not if the reflecting surfaces were all wet or all dry.",Optics,total internal reflection; circular polarization; Fresnel equations; wave optics
681,"Choose the correct answer: How do the Lunar Laser Ranging Experiment, radar astronomy, and the Deep Space Network determine distances to the Moon, planets, and spacecraft? based on the given context.",They measure round-trip transit times.,Space Science,Lunar Laser Ranging; radar astronomy; round-trip transit time; Deep Space Network
682,What did Arthur Eddington discover about two of Einstein's types of gravitational waves?,"Arthur Eddington showed that two of Einstein's types of waves were artifacts of the coordinate system he used, and could be made to propagate at any speed by choosing appropriate coordinates.",Theoretical Physics,gravitational waves; coordinate systems; general relativity; propagation speed
683,Pick the best possible answer: What is the reason behind the adoption of a logarithmic scale of 5√100 ≈ 2.512 between magnitudes in astronomy? from the following choices.,The logarithmic scale was adopted to ensure that five magnitude steps corresponded precisely to a factor of 100 in brightness.,Astrophysics,logarithmic scale; stellar magnitude; apparent brightness; astronomical measurements
684,Which of the following is correct? What is the Ozma Problem?,"The Ozma Problem is a conundrum that examines whether there is any fundamental asymmetry to the universe. It concerns various aspects of atomic and subatomic physics and how they relate to mirror asymmetry and the related concepts of chirality, antimatter, magnetic and electrical polarity, parity, charge and spin.",Theoretical Physics,Ozma Problem; mirror asymmetry; chirality; parity; time invariance
685,Select the most accurate option: What is the isophotal diameter used for in measuring a galaxy's size? among the listed options.,The isophotal diameter is a conventional way of measuring a galaxy's size based on its apparent surface brightness.,Extragalactic Astronomy,isophotal diameter; apparent surface brightness; galactic morphology; observational cosmology
686,Identify the correct statement: What is the spin quantum number?,"The spin quantum number is a dimensionless quantity obtained by dividing the spin angular momentum by the reduced Planck constant ħ, which has the same dimensions as angular momentum.",Quantum Mechanics,spin quantum number; angular momentum; reduced Planck constant; elementary particles
687,Which of the following is correct? What is the significance of probability amplitudes in quantum mechanics? from the following choices.,"Probability amplitudes act as the equivalent of conventional probabilities in quantum mechanics, with many analogous laws.",Quantum Mechanics,probability amplitudes; wave function; quantum state; superposition principles
688,Choose the correct answer: Which of the following statements accurately describes the blocking temperature of an antiferromagnetic layer in a spin valve?,The blocking temperature of an antiferromagnetic layer in a spin valve is the temperature at or above which the layer ceases to prevent the orientation of an adjacent ferromagnetic layer. The blocking temperature is typically lower than the Néel temperature.,Spintronics,antiferromagnetic layer; spin valve; blocking temperature; Néel temperature; magnetic pinning
689,Select the most accurate option: What is the role of the Higgs boson in the Standard Model? from the following choices.,"The Higgs boson is responsible for giving mass to all the elementary particles, except the photon and gluon, in the Standard Model.",Particle Physics,Higgs boson; Standard Model; elementary particles; mass generation; gauge bosons
690,Determine the correct option: What is a phageome? among the listed options.,"A community of bacteriophages and their metagenomes localized in a particular environment, similar to a microbiome.",Microbial Ecology,phageome; metagenomics; bacteriophages; microbial communities
691,Which of the following is correct? Which of the following statements accurately describes the relationship between the dimensions of a diffracting object and the angular spacing of features in the diffraction pattern? carefully.,"The angular spacing of features in the diffraction pattern is inversely proportional to the dimensions of the object causing the diffraction. Therefore, if the diffracting object is smaller, the resulting diffraction pattern will be wider.",Wave Optics,diffraction pattern; angular spacing; wave interference; optical physics
692,Pick the best possible answer: What is the mechanism of FTIR?,"The mechanism of FTIR is called evanescent-wave coupling, which is a good analog to visualize quantum tunneling.",Spectroscopy,FTIR; evanescent-wave coupling; frustrated TIR; quantum tunneling; total internal reflection
693,"How do the Lunar Laser Ranging Experiment, radar astronomy, and the Deep Space Network determine distances to the Moon, planets, and spacecraft?",They measure round-trip transit times.,Astrodynamics,Lunar Laser Ranging; radar astronomy; round-trip transit time; Deep Space Network
694,Pick the best possible answer: What is the evidence for the existence of a supermassive black hole at the center of the Milky Way galaxy? based on the given context.,"The star S2 follows an elliptical orbit with a period of 15.2 years and a pericenter of 17 light-hours from the center of the central object. From the motion of star S2, the object's mass can be estimated as 4.0 million M☉, or about 7.96×1036 kg. The radius of the central object must be less than 17 light-hours, because otherwise S2 would collide with it. Observations of the star S14 indicate that the radius is no more than 6.25 light-hours, about the diameter of Uranus' orbit. No known astronomical object other than a black hole can contain 4.0 million M☉ in this volume of space.",Astrophysics,Sagittarius A*; supermassive black hole; stellar orbits; solar mass units
695,Which of the following is correct? What is the isophotal diameter used for in measuring a galaxy's size? from the following choices.,The isophotal diameter is a conventional way of measuring a galaxy's size based on its apparent surface brightness.,Extragalactic Astronomy,isophotal diameter; surface brightness; galactic morphology; observational astronomy
696,Determine the correct option: Which of the following is an accurate definition of dynamic scaling in self-similar mechanisms? among the listed options.,"Dynamic scaling refers to the evolution of self-similar frameworks, where data obtained from snapshots at fixed times exhibits similarity to the respective data taken from snapshots of any earlier or later time. This similarity is tested by a certain time-dependent stochastic variable x.",Statistical Physics,dynamic scaling; self-similar mechanisms; stochastic variables; time-dependent evolution
697,Select the most accurate option: What is a trophic level in an ecological pyramid? carefully.,A group of organisms that acquire most of their energy from the level below them in the pyramid.,Ecology,trophic level; ecological pyramid; energy flow; ecostructure
698,Determine the correct option: What is the Kutta condition? based on the given context.,"The Kutta condition is a physical requirement that the fluid moving along the lower and upper surfaces of an airfoil meet smoothly, with no fluid moving around the trailing edge of the airfoil.",Fluid Dynamics,Kutta condition; airfoil aerodynamics; circulation; Kutta-Joukowski theorem
699,Choose the correct answer: What is a magnetic monopole in particle physics? based on the given context.,"A hypothetical elementary particle that is an isolated magnet with only one magnetic pole, either a north pole or a south pole.",Particle Physics,magnetic monopole; elementary particle; electromagnetism; isolated magnetic pole
700,Which of the following is correct? What is accelerator-based light-ion fusion? among the listed options.,"Accelerator-based light-ion fusion is a technique that uses particle accelerators to achieve particle kinetic energies sufficient to induce light-ion fusion reactions. This technique is relatively easy to implement and can be done in an efficient manner, requiring only a vacuum tube, a pair of electrodes, and a high-voltage transformer. Fusion can be observed with as little as 10 kV between the electrodes.",Nuclear Physics,accelerator-based light-ion fusion; particle kinetic energies; high-voltage transformer; heavy-ion fusion
701,Which of the following is correct? What is the contrast between natural convection and forced convection? based on the given context.,"Natural convection occurs when a fluid is in contact with a hot surface, causing the fluid to be less dense and displaced, while forced convection is when a fluid is forced to flow over the surface by an internal source such as fans, stirring, and pumps.",Thermodynamics,natural convection; forced convection; fluid dynamics; heat transfer; density displacement
702,What is the reason for the formation of stars exclusively within molecular clouds?,"The low temperatures and high densities of molecular clouds cause the gravitational force to exceed the internal pressures that are acting ""outward"" to prevent a collapse.",Astrophysics,molecular clouds; stellar formation; gravitational collapse; internal pressure; interstellar medium
703,Identify the correct statement: What is Hesse's principle of transfer in geometry? among the listed options.,"Hesse's principle of transfer is a concept in geometry that states that if the points of the projective line P1 are depicted by a rational normal curve in Pn, then the group of the projective transformations of Pn that preserve the curve is isomorphic to the group of the projective transformations of P1.",Projective Geometry,Hesse's principle of transfer; rational normal curve; projective transformations; isomorphic groups
704,Determine the correct option: What is the Penrose process? based on the given context.,"The Penrose process is a mechanism through which objects can emerge from the ergosphere with more energy than they entered with, taking extra energy from the rotational energy of the black hole and slowing down its rotation.",Astrophysics,Penrose process; ergosphere; rotational energy; black hole dynamics
705,Identify the correct statement: What is the reason for the formation of stars exclusively within molecular clouds? based on the given context.,"The low temperatures and high densities of molecular clouds cause the gravitational force to exceed the internal pressures that are acting ""outward"" to prevent a collapse.",Astrophysics,stellar formation; molecular clouds; gravitational collapse; internal pressure; interstellar medium
706,"Which of the following is correct? What is the estimated redshift of CEERS-93316, a candidate high-redshift galaxy observed by the James Webb Space Telescope? from the following choices.","Approximately z = 16.7, corresponding to 235.8 million years after the Big Bang.",Observational Cosmology,redshift; high-redshift galaxy; James Webb Space Telescope; Big Bang chronology
707,Pick the best possible answer: What is the variation between redshift due to the expansion of the universe and Doppler redshift? based on the given context.,"Redshift due to the expansion of the universe depends on the cosmological model chosen to describe the expansion of the universe, while Doppler redshift depends on the local velocity of the object emitting the light.",Cosmology,cosmological redshift; Doppler effect; scale factor; expansion of the universe
708,Identify the correct statement: What is the relevant type of coherence for the Young's double-slit interferometer? based on the given context.,Diameter of the coherence area (Ac),Wave Optics,Young's double-slit interferometer; spatial coherence; visibility; coherence length
709,"Which of the following is correct? Who proposed the principle of ""complexity from noise"" and when was it first introduced? from the following choices.",Henri Atlan in 1972,Complexity Theory,complexity from noise; non-equilibrium thermodynamics; Ilya Prigogine; dissipative structures
710,Select the most accurate option: What is the reason behind the largest externally observed electrical effects when two conductors are separated by the smallest distance without touching? based on the given context.,"The surface charge on a conductor depends on the magnitude of the electric field, which in turn depends on the distance between the surfaces.",Electromagnetism,surface charge; electric field; conductor proximity; electrostatic interaction
711,Pick the best possible answer: What is the decay energy for the free neutron decay process? from the following choices.,0.782343 MeV,Nuclear Physics,free neutron decay; decay energy; beta decay; nuclear transmutation
712,Pick the best possible answer: What is indirect photophoresis?,"Indirect photophoresis is a phenomenon that occurs when particles absorb incident light only on the irradiated side, creating a temperature gradient within the particle, and causing a migration of particles in a direction opposite to the surface temperature gradient.",Optical Physics,indirect photophoresis; temperature gradient; particle migration; radiative forces
713,"Pick the best possible answer: Who proposed the concept of ""maximal acceleration""? among the listed options.",Eduardo R. Caianiello,Theoretical Physics,maximal acceleration; quantum gravity; Caianiello's theory; spacetime geometry
714,What is the Maxwell's Demon thought experiment?,"A thought experiment in which a demon guards a microscopic trapdoor in a wall separating two parts of a container filled with the same gas at equal temperatures. The demon selectively allows faster-than-average molecules to pass from one side to the other, causing a decrease in temperature in one part and an increase in temperature in the other, contrary to the second law of thermodynamics.",Statistical Mechanics,Maxwell's Demon; second law of thermodynamics; entropy; kinetic theory of gases
715,"Determine the correct option: Which of the following statements accurately describes the impact of Modified Newtonian Dynamics (MOND) on the observed ""missing baryonic mass"" discrepancy in galaxy clusters? based on the given context.",MOND is a principle that reduces the discrepancy between the observed missing baryonic mass in galaxy clusters and the measured velocity dispersions from a factor of around 10 to a factor of about 2.,Astrophysics,Modified Newtonian Dynamics; baryonic mass; velocity dispersions; galaxy clusters
716,Choose the correct answer: Which of the following statements accurately describes the characteristics of gravitational waves? from the following choices.,"Gravitational waves have an amplitude denoted by h, which represents the size of the wave. The amplitude varies with time according to Einstein's quadrupole formula. Gravitational waves also have a frequency denoted by f, which is the frequency of the wave's oscillation, and a wavelength denoted by λ, which is the distance between points of maximum stretch or squeeze.",General Relativity,gravitational waves; quadrupole formula; wave amplitude; spacetime oscillation
717,Which of the following is correct? What is the function of mammary glands in mammals?,Mammary glands produce milk to feed the young.,Mammalian Physiology,mammary glands; lactation; reproductive biology; mammalian anatomy
718,Identify the correct statement: What is the significance of the speed of light in vacuum? from the following choices.,The speed of light in vacuum is independent of the motion of the wave source and the observer's inertial frame of reference.,Special Relativity,speed of light; inertial frame of reference; wave source; vacuum constant
719,Which of the following is correct? What is the revised view of the atmosphere's nature based on the time-varying multistability that is associated with the modulation of large-scale processes and aggregated feedback of small-scale processes?,"The atmosphere possesses both chaos and order, including emerging organized frameworks and time-varying forcing from recurrent seasons.",Atmospheric Science,time-varying multistability; aggregated feedback; large-scale processes; emerging organized frameworks
720,Select the most accurate option: What is a crossover experiment? based on the given context.,"A type of experiment used to distinguish between different mechanisms proposed for a chemical reaction, such as intermolecular vs. intramolecular mechanisms.",Chemical Kinetics,crossover experiment; reaction mechanisms; intermolecular mechanism; intramolecular mechanism
721,"Identify the correct statement: Which hand should be used to apply the right-hand rule when tightening or loosening nuts, screws, bolts, bottle caps, and jar lids? based on the given context.",The right hand,Mechanical Engineering,right-hand rule; torque application; fastener mechanics; mechanical assembly
722,Pick the best possible answer: What is the relationship between the Hamiltonians and eigenstates in supersymmetric quantum mechanics? carefully.,"For every eigenstate of one Hamiltonian, its partner Hamiltonian has a corresponding eigenstate with the same energy.",Quantum Mechanics,supersymmetric quantum mechanics; Hamiltonians; eigenstates; energy degeneracy
723,Determine the correct option: What did Arthur Eddington discover about two of Einstein's types of gravitational waves? among the listed options.,"Arthur Eddington showed that two of Einstein's types of waves were artifacts of the coordinate structure he used, and could be made to propagate at any speed by choosing appropriate coordinates.",General Relativity,gravitational waves; coordinate mechanism; speed of gravity; Einsteinian physics
724,Pick the best possible answer: What is the reason behind the largest externally observed electrical effects when two conductors are separated by the smallest distance without touching? among the listed options.,"The surface charge on a conductor depends on the magnitude of the electric field, which in turn depends on the distance between the surfaces.",Electromagnetism,surface charge; electric field; conductor proximity; electrostatic interaction
725,Pick the best possible answer: What is a planetary structure? based on the given context.,Any set of gravitationally bound non-stellar objects in or out of orbit around a star or star mechanism.,Astrophysics,planetary structure; gravitationally bound; non-stellar objects; orbital mechanics
726,Select the most accurate option: What is the synapstor or synapse transistor? among the listed options.,A device used to demonstrate a neuro-inspired circuit that shows long-term potentiation for learning and inactivity-based forgetting.,Neuromorphic Engineering,synapse transistor; short-term potentiation; neuro-inspired circuits; synaptic plasticity
727,Identify the correct statement: What is the piezoelectric strain coefficient for AT-cut quartz crystals? carefully.,d = 3.1·10‑12 m/V,Materials Science,piezoelectric strain coefficient; AT-cut quartz; crystal oscillators; electromechanical coupling
728,Pick the best possible answer: What is the role of IL-10 in the formation of Tr1 cells and tolerogenic DCs? from the following choices.,"IL-10 induces the formation of Tr1 cells and tolerogenic DCs, which are dependent on IL-10 and TGF-β, but differ from Tregs by lacking expression of Foxp3. Tr1 cells produce high levels of IL-10 and TGF-β, while tolerogenic DCs produce IL-10 that is significant for Tr1 formation.",Immunology,IL-10; Tr1 cells; tolerogenic DCs; Foxp3 expression; TGF-β signaling
729,What is a uniform tiling in the hyperbolic plane?,"A uniform tiling in the hyperbolic plane is an edge-to-edge filling of the hyperbolic plane, with regular polygons as faces. These are vertex-transitive and isogonal.",Hyperbolic Geometry,uniform tiling; hyperbolic plane; vertex-transitive; isogonal; tessellation
730,Determine the correct option: What is the relationship between the Hamiltonians and eigenstates in supersymmetric quantum mechanics? based on the given context.,"For every eigenstate of one Hamiltonian, its partner Hamiltonian has a corresponding eigenstate with the same energy.",Quantum Mechanics,supersymmetric quantum mechanics; Hamiltonians; eigenstates; energy degeneracy
731,Select the most accurate option: What is the application of Memristor? carefully.,"Memristor has applications in programmable logic signal processing, Super-resolution imaging, physical neural networks, control mechanisms, reconfigurable computing, in-memory computing, brain–computer interfaces and RFID.",Neuromorphic Engineering,memristor; in-memory computing; physical neural networks; reconfigurable computing; brain–computer interfaces
732,Pick the best possible answer: What was the aim of the Gravity Probe B (GP-B) mission? carefully.,"To measure spacetime curvature near Earth, with particular emphasis on gravitomagnetism.",General Relativity,Gravity Probe B; gravitomagnetism; spacetime curvature; de Sitter precession; geodetic effect
733,Choose the correct answer: What is the contrast between probability mass function (PMF) and probability density function (PDF)? based on the given context.,"PMF is used for discrete random variables, while PDF is used for continuous random variables.",Probability Theory,probability mass function; probability density function; random variables; continuous vs discrete distributions
734,Identify the correct statement: What is the Liouville density? based on the given context.,The Liouville density is a probability distribution that specifies the probability of finding a particle at a certain position in phase space for a collection of particles.,Quantum Mechanics,Liouville density; phase space; quasiprobability distribution; quantum-mechanical interference
735,Choose the correct answer: What is the function of mammary glands in mammals? based on the given context.,Mammary glands produce milk to feed the young.,Mammalian Physiology,mammary glands; lactation; reproductive biology; mammalian anatomy
736,Pick the best possible answer: What is the reason for heating metals to a temperature just above the upper critical temperature? from the following choices.,"To prevent the grains of solution from growing too large, which enhances mechanical properties such as toughness, shear strength, and tensile strength.",Materials Science,upper critical temperature; grain growth; mechanical properties; metallurgy; tensile strength
737,Select the most accurate option: What is the formalism that angular momentum is associated with in rotational invariance? from the following choices.,Angular momentum is the 2-form Noether charge associated with rotational invariance.,Theoretical Physics,Noether charge; rotational invariance; differential forms; angular momentum formalism
738,Choose the correct answer: What is the formalism that angular momentum is associated with in rotational invariance?,Angular momentum is the 2-form Noether charge associated with rotational invariance.,Theoretical Physics,Noether charge; rotational invariance; differential forms; angular momentum formalism
739,Determine the correct option: What is the Maxwell's Demon thought experiment? among the listed options.,"A thought experiment in which a demon guards a microscopic trapdoor in a wall separating two parts of a container filled with the same gas at equal temperatures. The demon selectively allows faster-than-average molecules to pass from one side to the other, causing a lower in temperature in one part and an boost in temperature in the other, contrary to the second law of thermodynamics.",Thermodynamics,Maxwell's Demon; second law of thermodynamics; statistical mechanics; entropy; kinetic theory
740,Identify the correct statement: What are permutation-inversion groups? from the following choices.,"Permutation-inversion groups are groups of symmetry operations that are energetically feasible permutations of identical nuclei or inversion with respect to the center of mass, or a combination of both.",Molecular Symmetry,permutation-inversion groups; symmetry operations; center of mass; identical nuclei; molecular geometry
741,Select the most accurate option: What is the application of Memristor? carefully.,"Memristor has applications in programmable logic signal processing, Super-resolution imaging, physical neural networks, control frameworks, reconfigurable computing, in-memory computing, brain–computer interfaces and RFID.",Neuromorphic Engineering,memristor; in-memory computing; physical neural networks; reconfigurable computing; brain–computer interfaces
742,What is the relationship between the Hamiltonians and eigenstates in supersymmetric quantum mechanics?,"For every eigenstate of one Hamiltonian, its partner Hamiltonian has a corresponding eigenstate with the same energy.",Quantum Mechanics,supersymmetric quantum mechanics; Hamiltonians; eigenstates; partner Hamiltonians; energy spectra
743,Pick the best possible answer: What is the Optical Signal-to-Noise Ratio (OSNR)? carefully.,"The Optical Signal-to-Noise Ratio (OSNR) is the ratio between the signal power and the noise power in a given bandwidth, used to describe the signal quality without taking the receiver into account.",Optical Engineering,Optical Signal-to-Noise Ratio; signal power; noise power; dynamic range; bandwidth
744,Determine the correct option: What is the interstellar medium (ISM)? from the following choices.,"The matter and radiation that exist in the space between the star mechanisms in a galaxy, including gas in ionic, atomic, and molecular form, as well as dust and cosmic rays. It fills interstellar space and blends smoothly into the surrounding intergalactic space.",Astrophysics,interstellar medium; cosmic rays; ionic gas; galactic matter
745,Select the most accurate option: What is linear frame dragging? from the following choices.,"Linear frame dragging is the effect of the general principle of relativity applied to linear momentum, which is similarly inevitable to the rotational effect. It is a tiny effect that is difficult to confirm experimentally and often omitted from articles on frame-dragging.",General Relativity,linear frame dragging; rotational momentum; general principle of relativity; spacetime curvature
746,Choose the correct answer: What is radiosity in radiometry? based on the given context.,"Radiosity is the radiant flux leaving a surface per unit area, including emitted, reflected, and transmitted radiation.",Radiometry,radiosity; radiant flux; surface radiation; optical physics
747,"Which of the following is correct? What is the meaning of the term ""horror vacui""? carefully.",The commonly held view that nature abhorred a vacuum.,Philosophy Of Science,horror vacui; Cartesian metaphysics; spatial-corporeal component; vacuum theory
748,Select the most accurate option: What is the origin of the permanent moment in paramagnetism?,The permanent moment is generally due to the spin of unpaired electrons in atomic or molecular electron orbitals.,Quantum Magnetism,paramagnetism; unpaired electrons; magnetic moments; angular momentum; thermal agitation
749,Pick the best possible answer: What can be inferred about the electronic entropy of insulators and metals based on their densities of states at the Fermi level? based on the given context.,"Insulators have zero density of states at the Fermi level, and therefore, their density of states-based electronic entropy is essentially zero. Metals have non-zero density of states at the Fermi level, and thus, their electronic entropy should be proportional to the temperature and density of states at the Fermi level.",Condensed Matter Physics,electronic entropy; density of states; Fermi level; solid-state physics
750,Select the most accurate option: What is the significance of the redshift-distance relationship in determining the expansion history of the universe? from the following choices.,"Observations of the redshift-distance relationship can be used to determine the expansion history of the universe and the matter and energy content, especially for distant galaxies whose light has been travelling to us for much longer times.",Cosmology,redshift-distance relationship; expansion history; matter and energy content; galactic observation
751,Select the most accurate option: What is the gravitomagnetic interaction? from the following choices.,"The gravitomagnetic interaction is a new force of nature generated by rotating matter, whose intensity is proportional to the rate of spin, according to the general framework of relativity.",General Relativity,gravitomagnetic interaction; rotating matter; frame-dragging; gravitational permeability
752,Determine the correct option: What was Pierre de Fermat's solution to the problem of refraction? carefully.,"Fermat supposed that light took the path of least resistance, and that different media offered different resistances. His eventual solution, described in a letter to La Chambre dated 1 January 1662, construed ""resistance"" as inversely proportional to speed, so that light took the path of least time. That premise yielded the ordinary law of refraction, provided that light traveled more slowly in the optically denser medium.",Optics,Fermat's principle; law of refraction; principle of least time; optical density
753,Select the most accurate option: What is the gravitomagnetic interaction? carefully.,"The gravitomagnetic interaction is a new force of nature generated by rotating matter, whose intensity is proportional to the rate of spin, according to the general concept of relativity.",General Relativity,gravitomagnetic interaction; rotating matter; gravitational permeability; Meissner effect analogue
754,Select the most accurate option: What is the relationship between the Wigner function and the density matrix operator? based on the given context.,"The Wigner function W(x, p) is the Wigner transform of the density matrix operator ρ̂, and the trace of an operator with the density matrix Wigner-transforms to the equivalent phase-space integral overlap of g(x,p) with the Wigner function.",Quantum Mechanics,Wigner function; density matrix operator; phase-space integral; Moyal bracket
755,Pick the best possible answer: What is the Liouville density? among the listed options.,The Liouville density is a probability distribution that specifies the probability of finding a particle at a certain position in phase space for a collection of particles.,Quantum Mechanics,Liouville density; phase space; quasiprobability distribution; quantum-mechanical interference
756,Identify the correct statement: Who was Giordano Bruno? based on the given context.,An Italian philosopher who supported the Copernican concept that Earth and other planets orbit the Sun and believed that fixed stars are similar to the Sun and have planets orbiting them.,History Of Science,Giordano Bruno; Copernican concept; heliocentrism; astronomical philosophy
757,Choose the correct answer: What is the Kutta condition?,"The Kutta condition is a physical requirement that the fluid moving along the lower and upper surfaces of an airfoil meet smoothly, with no fluid moving around the trailing edge of the airfoil.",Fluid Dynamics,Kutta condition; airfoil aerodynamics; circulation; Kutta-Joukowski theorem
758,What is the metallicity of Kapteyn's star estimated to be?,8 times less than the Sun,Astrophysics,metallicity; Kapteyn's star; stellar composition; stellar evolution
759,Which of the following is correct? What is the spin quantum number?,"The spin quantum number is a dimensionless quantity obtained by dividing the spin angular momentum by the reduced Planck constant ħ, which has the same dimensions as angular momentum.",Quantum Mechanics,spin quantum number; angular momentum; reduced Planck constant; elementary particles
760,Which of the following is correct? What is the definition of an improper rotation? based on the given context.,"An improper rotation is the combination of a rotation about an axis and reflection in a plane perpendicular to that axis, or inversion about a point on the axis. The order of the rotation and reflection does not matter, and the symmetry elements for improper rotation are the rotation axis, and either the mirror plane, the inversion point, or both.",Crystallography,improper rotation; symmetry elements; mirror plane; inversion point; rotation axis
761,What is radiometric dating?,"Radiometric dating is a method of measuring geological time using radioactive decay, discovered in the early 20th century.",Geochronology,radiometric dating; radioactive decay; geological time; isotope analysis
762,Which of the following is correct? What is the isophotal diameter used for in measuring a galaxy's size?,The isophotal diameter is a conventional way of measuring a galaxy's size based on its apparent surface brightness.,Extragalactic Astronomy,isophotal diameter; surface brightness; galactic morphology; observational astronomy
763,Choose the correct answer: What is the relationship between chemical potential and quarks/antiquarks? based on the given context.,"Chemical potential, represented by μ, is a measure of the imbalance between quarks and antiquarks in a mechanism. Higher μ indicates a stronger bias favoring quarks over antiquarks.",Particle Physics,chemical potential; quarks; antiquarks; quantum chromodynamics
764,What is the propagation constant in sinusoidal waves?,The propagation constant is a complex number that varies with distance due to the phase change in the sinusoidal wave.,Wave Physics,propagation constant; sinusoidal waves; phase change; complex numbers
765,Select the most accurate option: What is a uniform tiling in the hyperbolic plane? carefully.,"A uniform tiling in the hyperbolic plane is an edge-to-edge filling of the hyperbolic plane, with regular polygons as faces. These are vertex-transitive and isogonal.",Hyperbolic Geometry,uniform tiling; hyperbolic plane; vertex-transitive; isogonal; tessellation
766,Pick the best possible answer: What is the spin quantum number? based on the given context.,"The spin quantum number is a dimensionless quantity obtained by dividing the spin angular momentum by the reduced Planck constant ħ, which has the same dimensions as angular momentum.",Quantum Mechanics,spin quantum number; angular momentum; reduced Planck constant; elementary particles
767,Which of the following is correct? What did Fresnel predict and verify with regards to total internal reflections? among the listed options.,"Fresnel predicted and verified that four total internal reflections at 68°27' would give a precise circular polarization if two of the reflections had water as the external medium while the other two had air, but not if the reflecting surfaces were all wet or all dry.",Optical Physics,total internal reflection; circular polarization; Fresnel equations; refractive indices
768,Identify the correct statement: What is the interpretation of supersymmetry in stochastic supersymmetric framework? carefully.,"Supersymmetry is an intrinsic property of all stochastic differential equations, and it preserves continuity in the model's phase space via continuous time flows.",Magnetohydrodynamics,stochastic supersymmetric framework; hydromagnetic dynamo; induction equation; kinematic approximation; stochastic differential equations
769,"Determine the correct option: Which of the following statements accurately describes the impact of Modified Newtonian Dynamics (MOND) on the observed ""missing baryonic mass"" discrepancy in galaxy clusters? based on the given context.",MOND is a principle that reduces the discrepancy between the observed missing baryonic mass in galaxy clusters and the measured velocity dispersions from a factor of around 10 to a factor of about 2.,Astrophysics,Modified Newtonian Dynamics; baryonic mass; velocity dispersions; galaxy clusters
770,"Which of the following is correct? What is the meaning of the term ""horror vacui""?",The commonly held view that nature abhorred a vacuum.,Philosophy Of Science,horror vacui; Cartesian metaphysics; spatial-corporeal component; vacuum theory
771,Select the most accurate option: What is radiometric dating? based on the given context.,"Radiometric dating is a technique of measuring geological time using radioactive decay, discovered in the early 20th century.",Geochronology,radiometric dating; radioactive decay; geological time; isotope analysis
772,Which of the following is correct? What is the evidence for the existence of a supermassive black hole at the center of the Milky Way galaxy? from the following choices.,"The star S2 follows an elliptical orbit with a period of 15.2 years and a pericenter of 17 light-hours from the center of the central object. From the motion of star S2, the object's mass can be estimated as 4.0 million M☉, or about 7.96×1036 kg. The radius of the central object must be less than 17 light-hours, because otherwise S2 would collide with it. Observations of the star S14 indicate that the radius is no more than 6.25 light-hours, about the diameter of Uranus' orbit. No known astronomical object other than a black hole can contain 4.0 million M☉ in this volume of space.",Astrophysics,supermassive black hole; Sagittarius A*; stellar orbits; solar mass; orbital mechanics
773,What are the two main interpretations for the disparity between the presence of matter and antimatter in the observable universe?,"The universe began with a small preference for matter, or it was originally perfectly symmetric, but a set of phenomena contributed to a small imbalance in favor of matter over time.",Cosmology,matter-antimatter asymmetry; baryogenesis; primordial symmetry; cosmological evolution
774,"Pick the best possible answer: Which hand should be used to apply the right-hand rule when tightening or loosening nuts, screws, bolts, bottle caps, and jar lids?",The right hand,Mechanical Engineering,right-hand rule; torque application; mechanical fasteners; rotational mechanics
775,Select the most accurate option: What is the Erlangen program? carefully.,"The Erlangen program is a procedure of characterizing geometries based on group principle and projective geometry, published by Felix Klein in 1872 as Vergleichende Betrachtungen über neuere geometrische Forschungen.",Geometry Theory,Erlangen program; group principle; projective geometry; Felix Klein
776,Pick the best possible answer: What is water hammer? carefully.,"Water hammer is a loud banging noise resembling a hammering sound that occurs when moving water is suddenly stopped, causing a rise in pressure and resulting shock wave.",Fluid Dynamics,water hammer; pressure surge; shock wave; hydraulic transients
777,"Choose the correct answer: What is the meaning of the term ""horror vacui""? from the following choices.",The commonly held view that nature abhorred a vacuum.,Philosophy Of Science,horror vacui; Cartesian metaphysics; vacuum theory; spatial-corporeal component
778,What is the Ramsauer-Townsend effect?,The Ramsauer-Townsend effect is a physical phenomenon that involves the scattering of low-energy electrons by atoms of a noble gas. It requires the wave theory of quantum mechanics to be explained.,Quantum Mechanics,Ramsauer-Townsend effect; electron scattering; wave theory; noble gas interaction
779,Choose the correct answer: What is Lorentz symmetry or Lorentz invariance in relativistic physics? from the following choices.,Lorentz symmetry or Lorentz invariance is an equivalence of observation or observational symmetry due to special relativity implying that the laws of physics stay the same for all observers that are moving with respect to one another within an inertial frame.,Theoretical Physics,Lorentz invariance; spacetime manifold; Lorentz group; boost velocity; special relativity
780,What is spontaneous symmetry breaking?,"Spontaneous symmetry breaking occurs when the action of a theory has a symmetry, but the vacuum state violates this symmetry. In that case, there will exist a local operator that is non-invariant under the symmetry, giving it a nonzero vacuum expectation value.",Theoretical Physics,spontaneous symmetry breaking; vacuum expectation value; local operator; gauge symmetry; quantum field theory
781,Which of the following is correct? What is Lorentz symmetry or Lorentz invariance in relativistic physics? among the listed options.,Lorentz symmetry or Lorentz invariance is an equivalence of observation or observational symmetry due to special relativity implying that the laws of physics stay the same for all observers that are moving with respect to one another within an inertial frame.,Theoretical Physics,Lorentz invariance; spacetime manifold; Lorentz group; special relativity; four-vectors
782,"Identify the correct statement: Which of the following statements accurately describes the impact of Modified Newtonian Dynamics (MOND) on the observed ""missing baryonic mass"" discrepancy in galaxy clusters? among the listed options.",MOND is a framework that reduces the discrepancy between the observed missing baryonic mass in galaxy clusters and the measured velocity dispersions from a factor of around 10 to a factor of about 2.,Astrophysics,Modified Newtonian Dynamics; baryonic mass; velocity dispersions; galaxy clusters
783,Identify the correct statement: Which of the following is an accurate definition of dynamic scaling in self-similar mechanisms? from the following choices.,"Dynamic scaling refers to the evolution of self-similar structures, where data obtained from snapshots at fixed times exhibits similarity to the respective data taken from snapshots of any earlier or later time. This similarity is tested by a certain time-dependent stochastic variable x.",Statistical Physics,dynamic scaling; self-similar mechanisms; stochastic variables; time-dependent evolution
784,Pick the best possible answer: What is the Peierls bracket in canonical quantization? among the listed options.,The Peierls bracket is a Poisson bracket derived from the action in the canonical quantization approach that converts the quotient algebra into a Poisson algebra.,Theoretical Physics,Peierls bracket; canonical quantization; Poisson algebra; quotient algebra; action principle
785,Pick the best possible answer: Which of the following is an accurate definition of dynamic scaling in self-similar mechanisms? from the following choices.,"Dynamic scaling refers to the evolution of self-similar mechanisms, where data obtained from snapshots at fixed times exhibits similarity to the respective data taken from snapshots of any earlier or later time. This similarity is tested by a certain time-dependent stochastic variable x.",Statistical Physics,dynamic scaling; self-similar mechanisms; stochastic variables; time-dependent evolution
786,Choose the correct answer: What is the identity operation in symmetry groups? based on the given context.,The identity operation leaves the molecule unchanged and forms the identity element in the symmetry group.,Molecular Symmetry,identity operation; symmetry groups; center of mass; inversion center; plane of symmetry
787,Identify the correct statement: What is the isophotal diameter used for in measuring a galaxy's size? from the following choices.,The isophotal diameter is a conventional way of measuring a galaxy's size based on its apparent surface brightness.,Extragalactic Astronomy,isophotal diameter; surface brightness; galactic morphology; observational astronomy
788,What is the term used to describe the conduction that occurs in non-crystalline semiconductors by charges quantum tunnelling from one localised site to another?,Variable range hopping,Solid State Physics,non-crystalline semiconductors; quantum tunnelling; variable range hopping; charge transport
789,Choose the correct answer: Who shared the other half of the Nobel Prize with Yoichiro Nambu for discovering the origin of the explicit breaking of CP symmetry in the weak interactions?,Makoto Kobayashi and Toshihide Maskawa,Particle Physics,CP symmetry; weak interactions; Kobayashi-Maskawa matrix; Standard Model
790,Which of the following is correct? How many crystallographic point groups are there in three-dimensional space? based on the given context.,32,Crystallography,crystallographic point groups; three-dimensional space; symmetry operations; crystal systems
791,"Which of the following is correct? What is the concept of simultaneity in Einstein's book, Relativity? carefully.","Simultaneity is relative, meaning that two events that appear simultaneous to an observer in a particular inertial reference frame need not be judged as simultaneous by a second observer in a different inertial frame of reference.",Theoretical Physics,relativity of simultaneity; inertial reference frame; special relativity; spacetime physics
792,What is the difference between illuminance and luminance?,"Illuminance is the amount of light falling on a surface per unit area, while luminance is the amount of light emitted by a source per unit area.",Photometry,illuminance; luminance; luminous flux; surface reflectance; solid angle
793,Choose the correct answer: What is the main factor that determines the occurrence of each type of supernova? carefully.,The progenitor star's metallicity,Astrophysics,supernova types; progenitor star; stellar metallicity; stellar evolution
794,Pick the best possible answer: What are the two main factors that cause resistance in a metal?,"The amount of resistance in a metal is mainly caused by the temperature and the purity of the metal. Higher temperatures cause bigger vibrations, and a mixture of different ions acts as an irregularity.",Materials Science,electrical resistance; lattice vibrations; metallic purity; ionic irregularities
795,Which of the following is correct? What is the Ozma Problem? carefully.,"The Ozma Problem is a conundrum that examines whether there is any fundamental asymmetry to the universe. It concerns various aspects of atomic and subatomic physics and how they relate to mirror asymmetry and the related concepts of chirality, antimatter, magnetic and electrical polarity, parity, charge and spin.",Theoretical Physics,Ozma Problem; chirality; mirror asymmetry; parity; time invariance
796,Identify the correct statement: What is the 'reactive Leidenfrost effect' observed in non-volatile materials? among the listed options.,"The 'reactive Leidenfrost effect' is a phenomenon where solid particles float above hot surfaces and move erratically, observed in non-volatile materials.",Thermodynamics,reactive Leidenfrost effect; non-volatile materials; surface phenomena; particle dynamics
797,Pick the best possible answer: What did Newton adopt after his correspondence with Hooke in 1679-1680?,The language of inward or centripetal force.,History Of Science,Isaac Newton; Robert Hooke; centripetal force; gravitational theory; scientific correspondence
798,Identify the correct statement: What is bollard pull primarily used for measuring? from the following choices.,The strength of tugboats,Marine Engineering,bollard pull; maritime propulsion; tugboat performance; towing capacity
799,Determine the correct option: What is the main advantage of ferroelectric memristors? based on the given context.,"Ferroelectric domain dynamics can be tuned, allowing for the engineering of memristor response, and resistance variations are due to purely electronic phenomena, making the device more reliable.",Neuromorphic Engineering,ferroelectric memristors; domain dynamics; piezoelectric field; non-uniform elastic strain; switching mechanism
800,Pick the best possible answer: What is the purpose of measuring the Larmor precession fields at about 100 microtesla with highly sensitive superconducting quantum interference devices (SQUIDs) in ultra-low field MRI? carefully.,"To obtain sufficient signal quality in the microtesla-to-millitesla range, where MRI has been demonstrated recently.",Magnetic Resonance Imaging,Larmor precession; superconducting quantum interference devices; ultra-low field MRI; T1 relaxation; magnetization measurement
801,Pick the best possible answer: What was the aim of the Gravity Probe B (GP-B) mission? carefully.,"To measure spacetime curvature near Earth, with particular emphasis on gravitomagnetism.",General Relativity,Gravity Probe B; gravitomagnetism; spacetime curvature; de Sitter precession; geodetic effect
802,Identify the correct statement: What is the mechanism of FTIR? from the following choices.,"The mechanism of FTIR is called evanescent-wave coupling, which is a good analog to visualize quantum tunneling.",Analytical Chemistry,FTIR; evanescent-wave coupling; quantum tunneling; frustrated TIR; total internal reflection microscopy
803,Choose the correct answer: What is the Kelvin-Helmholtz instability and how does it affect Earth's magnetosphere? among the listed options.,"The Kelvin-Helmholtz instability is a phenomenon that occurs when large swirls of plasma travel along the edge of the magnetosphere at a different velocity from the magnetosphere, causing the plasma to slip past. This results in magnetic reconnection, and as the magnetic field lines break and reconnect, solar wind particles are able to enter the magnetosphere.",Space Physics,Kelvin-Helmholtz instability; magnetosphere; magnetic reconnection; solar wind; plasma dynamics
804,Identify the correct statement: What is the Einstein@Home project? from the following choices.,The Einstein@Home project is a distributed computing project that aims to detect simple gravitational waves with constant frequency. It takes data from LIGO and GEO and sends it out in little pieces to thousands of volunteers for parallel analysis on their home computers.,Astrophysics,Einstein@Home; gravitational waves; distributed computing; LIGO; binary black holes
805,Identify the correct statement: How many crystallographic point groups are there in three-dimensional space? among the listed options.,32,Crystallography,crystallographic point groups; three-dimensional space; symmetry operations; crystal systems
806,"Determine the correct option: Which of the following statements accurately describes the impact of Modified Newtonian Dynamics (MOND) on the observed ""missing baryonic mass"" discrepancy in galaxy clusters? based on the given context.",MOND is a concept that reduces the discrepancy between the observed missing baryonic mass in galaxy clusters and the measured velocity dispersions from a factor of around 10 to a factor of about 2.,Astrophysics,Modified Newtonian Dynamics; baryonic mass; velocity dispersions; galaxy clusters
807,Pick the best possible answer: What is a pycnometer?,A device used to determine the density of a liquid.,Analytical Chemistry,pycnometer; density measurement; volumetric analysis; fluid properties
808,Which of the following is correct? What is the Maxwell's Demon thought experiment? carefully.,"A thought experiment in which a demon guards a microscopic trapdoor in a wall separating two parts of a container filled with the same gas at equal temperatures. The demon selectively allows faster-than-average molecules to pass from one side to the other, causing a minimize in temperature in one part and an enhance in temperature in the other, contrary to the second law of thermodynamics.",Thermodynamics,Maxwell's Demon; second law of thermodynamics; statistical mechanics; entropy; kinetic theory
809,Pick the best possible answer: What happens to an initially inhomogeneous physical structure that is isolated by a thermodynamic operation? carefully.,It will generally change its internal state over time.,Thermodynamics,inhomogeneous physical structure; thermodynamic operation; internal state; substructures; equilibrium dynamics
810,"Choose the correct answer: What is the concept of simultaneity in Einstein's book, Relativity? among the listed options.","Simultaneity is relative, meaning that two events that appear simultaneous to an observer in a particular inertial reference frame need not be judged as simultaneous by a second observer in a different inertial frame of reference.",Theoretical Physics,relativity of simultaneity; inertial reference frame; special relativity; spacetime physics
811,Choose the correct answer: What is the SI unit of the physical quantity m/Q? among the listed options.,Kilogram per coulomb,Physics Units,SI units; physical quantities; dimensional analysis; unit conversion
812,Identify the correct statement: What is the term used to describe the conduction that occurs in non-crystalline semiconductors by charges quantum tunnelling from one localised site to another? among the listed options.,Variable range hopping,Solid State Physics,non-crystalline semiconductors; quantum tunnelling; variable range hopping; charge transport
813,Which of the following is correct? What is the SI base unit of time and how is it defined? based on the given context.,"The SI base unit of time is the second, which is defined by measuring the electronic transition frequency of caesium atoms.",Metrology,SI base units; caesium atom transition; time measurement; international system units
814,Identify the correct statement: What is explicit symmetry breaking in theoretical physics? carefully.,"Explicit symmetry breaking is the breaking of a symmetry of a principle by terms in its defining equations of motion that do not respect the symmetry, usually in situations where these symmetry-breaking terms are small, so that the symmetry is approximately respected by the principle.",Theoretical Physics,explicit symmetry breaking; equations of motion; symmetry principles; theoretical mechanics
815,Select the most accurate option: What is the 'reactive Leidenfrost effect' observed in non-volatile materials? from the following choices.,"The 'reactive Leidenfrost effect' is a phenomenon where solid particles float above hot surfaces and move erratically, observed in non-volatile materials.",Thermodynamics,reactive Leidenfrost effect; non-volatile materials; surface phenomena; particle dynamics
816,Select the most accurate option: What is Lorentz symmetry or Lorentz invariance in relativistic physics? based on the given context.,Lorentz symmetry or Lorentz invariance is an equivalence of observation or observational symmetry due to special relativity implying that the laws of physics stay the same for all observers that are moving with respect to one another within an inertial frame.,Theoretical Physics,Lorentz invariance; spacetime manifold; Lorentz group; boost velocity; special relativity
817,Determine the correct option: What is the Penrose process? among the listed options.,"The Penrose process is a mechanism through which objects can emerge from the ergosphere with more energy than they entered with, taking extra energy from the rotational energy of the black hole and slowing down its rotation.",Astrophysics,Penrose process; ergosphere; rotational energy; black hole dynamics
818,Select the most accurate option: What is the definition of an improper rotation? based on the given context.,"An improper rotation is the combination of a rotation about an axis and reflection in a plane perpendicular to that axis, or inversion about a point on the axis. The order of the rotation and reflection does not matter, and the symmetry elements for improper rotation are the rotation axis, and either the mirror plane, the inversion point, or both.",Crystallography,improper rotation; symmetry elements; mirror plane; inversion point; rotation axis
819,Choose the correct answer: What is the relationship between dielectric loss and the transparency of a material? from the following choices.,"Dielectric loss in a material can cause absorption, which can reduce the material's transparency at higher frequencies.",Materials Science,dielectric loss; material transparency; electromagnetic absorption; high-frequency optics
820,Choose the correct answer: What is the role of axioms in a formal principle? from the following choices.,"Basis statements called axioms form the foundation of a formal principle and, together with the deducing rules, help in deriving a set of statements called theorems using proof principle.",Formal Logic,axioms; formal principle; proof principle; theorem derivation; deductive rules
821,Determine the correct option: What is a phageome? carefully.,"A community of bacteriophages and their metagenomes localized in a particular environment, similar to a microbiome.",Microbial Ecology,phageome; metagenomics; bacteriophages; microbial communities
822,Select the most accurate option: Which of the following statements accurately describes the blocking temperature of an antiferromagnetic layer in a spin valve? carefully.,The blocking temperature of an antiferromagnetic layer in a spin valve is the temperature at or above which the layer ceases to prevent the orientation of an adjacent ferromagnetic layer. The blocking temperature is typically lower than the Néel temperature.,Spintronics,antiferromagnetic layer; spin valve; blocking temperature; Néel temperature; magnetic pinning
823,Which of the following is correct? What are permutation-inversion groups? from the following choices.,"Permutation-inversion groups are groups of symmetry operations that are energetically feasible permutations of identical nuclei or inversion with respect to the center of mass, or a combination of both.",Molecular Symmetry,permutation-inversion groups; symmetry operations; center of mass; identical nuclei; molecular rotation
824,Determine the correct option: What is the purpose of the proximity-focusing design in a RICH detector?,"To emit a cone of Cherenkov light that traverses a small distance and is detected on the photon detector plane, creating a ring of light whose radius is defined by the Cherenkov emission angle and the proximity gap.",Particle Physics,RICH detector; proximity-focusing; Cherenkov emission; photon detector plane
825,"Pick the best possible answer: Which hand should be used to apply the right-hand rule when tightening or loosening nuts, screws, bolts, bottle caps, and jar lids? from the following choices.",The right hand,Mechanical Engineering,right-hand rule; torque application; fastener mechanics; mechanical assembly
826,Which of the following is correct? What happens to excess base metal as a solution cools from the upper transformation temperature towards an insoluble state?,"The excess base metal will often crystallize-out, becoming the proeutectoid until the remaining concentration of solutes reaches the eutectoid level, which will then crystallize as a separate microstructure.",Materials Science,proeutectoid; eutectoid level; phase transformation; solidification; microstructure
827,Identify the correct statement: What is a Schwarzschild black hole? among the listed options.,"A black hole that has mass but neither electric charge nor angular momentum, and is spherically symmetric, according to Birkhoff's theorem.",General Relativity,Schwarzschild black hole; Birkhoff's theorem; angular momentum; spherical symmetry
828,Which of the following is correct? What is a magnetic monopole in particle physics? based on the given context.,"A hypothetical elementary particle that is an isolated magnet with only one magnetic pole, either a north pole or a south pole.",Particle Physics,magnetic monopole; elementary particle; isolated magnetic pole; electromagnetism
829,What are coherent turbulent structures?,"Coherent turbulent structures are more elementary components of complex multi-scale and chaotic motions in turbulent flows, which have temporal coherence and persist in their form for long enough periods that the methods of time-averaged statistics can be applied.",Fluid Dynamics,coherent turbulent structures; multi-scale motions; temporal coherence; time-averaged statistics
830,Select the most accurate option: What are the four qualitative levels of crystallinity described by geologists? carefully.,"Holocrystalline, hypocrystalline, hypohyaline, and holohyaline",Geology,crystallinity levels; holocrystalline; hypocrystalline; hypercrystalline; hyperhyaline
831,Pick the best possible answer: What is the De Haas-Van Alphen effect? carefully.,"The oscillation of the differential susceptibility as a function of 1/H in metals under strong magnetic fields, which relates the period of the susceptibility with the Fermi surface of the material.",Condensed Matter Physics,De Haas-Van Alphen effect; differential susceptibility; Fermi surface; magnetic fields; magnetization
832,Identify the correct statement: What are the four qualitative levels of crystallinity described by geologists? based on the given context.,"Holocrystalline, hypocrystalline, hypohyaline, and holohyaline",Geology,crystallinity levels; holocrystalline; hypocrystalline; hypercrystalline; hyperhyaline
833,"Select the most accurate option: Who proposed the principle of ""complexity from noise"" and when was it first introduced? among the listed options.",Henri Atlan in 1972,Complexity Theory,complexity from noise; non-equilibrium thermodynamics; Ilya Prigogine; dissipative structures
834,Determine the correct option: What is the Einstein@Home project? among the listed options.,The Einstein@Home project is a distributed computing project that aims to detect simple gravitational waves with constant frequency. It takes data from LIGO and GEO and sends it out in little pieces to thousands of volunteers for parallel analysis on their home computers.,Astrophysics,gravitational waves; distributed computing; binary black holes; LIGO; parallel analysis
835,Which of the following is correct? What are the two main factors that cause resistance in a metal? carefully.,"The amount of resistance in a metal is mainly caused by the temperature and the purity of the metal. Higher temperatures cause bigger vibrations, and a mixture of different ions acts as an irregularity.",Materials Science,electrical resistance; lattice vibrations; metallic purity; ionic irregularities
836,Choose the correct answer: What is the main focus of the Environmental Science Center at Qatar University? among the listed options.,"Environmental studies, with a main focus on marine science, atmospheric and biological sciences.",Environmental Science,marine science; atmospheric sciences; biological sciences; environmental studies
837,Identify the correct statement: What is the Ramsauer-Townsend effect? from the following choices.,The Ramsauer-Townsend effect is a physical phenomenon that involves the scattering of low-energy electrons by atoms of a noble gas. It requires the wave framework of quantum mechanics to be explained.,Quantum Mechanics,Ramsauer-Townsend effect; electron scattering; noble gas; wave framework; quantum mechanics
838,Select the most accurate option: What is the relationship between the Cauchy momentum equation and the Navier-Stokes equation? from the following choices.,"The Navier-Stokes equation can be derived from the Cauchy momentum equation by specifying the stress tensor through a constitutive relation, expressing the shear tensor in terms of viscosity and fluid velocity, and assuming constant density and viscosity.",Fluid Dynamics,Cauchy momentum equation; Navier-Stokes equation; constitutive relation; stress tensor; fluid mechanics
839,Which of the following is correct? What is the order parameter that breaks the electromagnetic gauge symmetry in superconductors? carefully.,A condensed-matter collective field ψ.,Condensed Matter Physics,order parameter; electromagnetic gauge symmetry; superconductors; collective field
840,Determine the correct option: What is a virtual particle? among the listed options.,A particle that is not directly observable but is inferred from its effects on measurable particles.,Quantum Physics,virtual particles; quantum field theory; particle physics; observable effects
841,Identify the correct statement: Who was Giordano Bruno? based on the given context.,An Italian philosopher who supported the Copernican principle that Earth and other planets orbit the Sun and believed that fixed stars are similar to the Sun and have planets orbiting them.,History Of Science,Giordano Bruno; Copernican principle; heliocentrism; astronomical philosophy
842,Determine the correct option: What is the role of the Higgs boson in the Standard Model? carefully.,"The Higgs boson is responsible for giving mass to all the elementary particles, except the photon and gluon, in the Standard Model.",Particle Physics,Higgs boson; Standard Model; elementary particles; mass generation; gauge bosons
843,Pick the best possible answer: What is the SI base unit of time and how is it defined? from the following choices.,"The SI base unit of time is the second, which is defined by measuring the electronic transition frequency of caesium atoms.",Metrology,SI base units; caesium frequency standard; time measurement; international system of units
844,Identify the correct statement: Who shared the other half of the Nobel Prize with Yoichiro Nambu for discovering the origin of the explicit breaking of CP symmetry in the weak interactions? among the listed options.,Makoto Kobayashi and Toshihide Maskawa,Particle Physics,CP symmetry; weak interactions; Kobayashi-Maskawa matrix; Standard Model
845,Choose the correct answer: What is radiometric dating? based on the given context.,"Radiometric dating is a approach of measuring geological time using radioactive decay, discovered in the early 20th century.",Geochronology,radiometric dating; radioactive decay; geological time; isotope analysis
846,"Determine the correct option: What is the purpose of expressing a map's scale as a ratio, such as 1:10,000? from the following choices.",To indicate the relationship between the size of the map and the size of the area being represented.,Cartography,map scale; representative fraction; spatial representation; geographic projection
847,"Identify the correct statement: What are amorphous ferromagnetic metallic alloys, and what are their advantages?","Amorphous ferromagnetic metallic alloys are non-crystalline alloys that can be made by rapidly cooling a liquid alloy. Their properties are nearly isotropic, resulting in low coercivity, low hysteresis loss, high permeability, and high electrical resistivity.",Materials Science,amorphous ferromagnetic metallic alloys; non-crystalline alloys; coercivity; hysteresis loss; electrical resistivity
848,"Determine the correct option: What is the butterfly effect, as defined by Lorenz in his book ""The Essence of Chaos""? based on the given context.","The butterfly effect is the phenomenon that a small change in the initial conditions of a dynamical structure can cause significant distinctions in subsequent states, as defined by Lorenz in his book ""The Essence of Chaos.""",Chaos Theory,butterfly effect; initial conditions; dynamical systems; sensitive dependence
849,Choose the correct answer: What is Modified Newtonian Dynamics (MOND)? based on the given context.,MOND is a hypothesis that proposes a modification of Newton's law of universal gravitation to account for observed properties of galaxies. It is an alternative to the hypothesis of dark matter in terms of explaining why galaxies do not appear to obey the currently understood laws of physics.,Astrophysics,Modified Newtonian Dynamics; dark matter; universal gravitation; general relativity
850,Choose the correct answer: What is a Hilbert space in quantum mechanics?,A complex vector space where the state of a quantum mechanical mechanism is described by a vector |Ψ⟩.,Quantum Mechanics,Hilbert space; complex vector space; state vector; quantum mechanical mechanism
851,"Identify the correct statement: Which of the following statements accurately depicts the relationship between Gauss's law, electric flux, electric field, and symmetry in electric fields? among the listed options.","Gauss's law holds in all cases, but it is most useful for calculations involving symmetric electric fields, like those with spherical or cylindrical symmetry, as they allow for simpler algebraic manipulations. Electric flux is not affected by distant charges outside the closed surface, whereas the net electric field, E, can be influenced by any charges positioned outside of the closed surface. In SI base units, the electric flux is expressed as kg·m3·s−3·A−1.",Electromagnetism,Gauss's law; electric flux; spherical symmetry; cylindrical symmetry; closed surface
852,Choose the correct answer: Which of the following statements accurately describes the dimension of an object in a CW complex? from the following choices.,"The dimension of an object in a CW complex is the largest n for which the n-skeleton is nontrivial, where the empty set is considered to have dimension -1 and the boundary of a discrete set of points is the empty set.",Algebraic Topology,CW complex; n-skeleton; critical points; cell complex; dimension theory
853,Select the most accurate option: What is the Kutta condition? carefully.,"The Kutta condition is a physical requirement that the fluid moving along the lower and upper surfaces of an airfoil meet smoothly, with no fluid moving around the trailing edge of the airfoil.",Fluid Dynamics,Kutta condition; airfoil aerodynamics; circulation; Kutta-Joukowski theorem
854,Determine the correct option: What is the Penrose process?,"The Penrose process is a mechanism through which objects can emerge from the ergosphere with more energy than they entered with, taking extra energy from the rotational energy of the black hole and slowing down its rotation.",Astrophysics,Penrose process; ergosphere; rotational energy; black hole dynamics
855,Pick the best possible answer: What was Pierre de Fermat's solution to the problem of refraction?,"Fermat supposed that light took the path of least resistance, and that different media offered different resistances. His eventual solution, described in a letter to La Chambre dated 1 January 1662, construed ""resistance"" as inversely proportional to speed, so that light took the path of least time. That premise yielded the ordinary law of refraction, provided that light traveled more slowly in the optically denser medium.",Optics,Fermat's principle; law of refraction; principle of least time; optical density
856,Choose the correct answer: What is the reason for the formation of stars exclusively within molecular clouds? from the following choices.,"The low temperatures and high densities of molecular clouds cause the gravitational force to exceed the internal pressures that are acting ""outward"" to prevent a collapse.",Astrophysics,stellar formation; molecular clouds; gravitational collapse; hydrostatic equilibrium
857,Identify the correct statement: What is the spin quantum number?,"The spin quantum number is a dimensionless quantity obtained by dividing the spin angular momentum by the reduced Planck constant ħ, which has the same dimensions as angular momentum.",Quantum Mechanics,spin quantum number; angular momentum; reduced Planck constant; elementary particles
858,Which of the following is correct? What is a pycnometer?,A device used to determine the density of a liquid.,Analytical Chemistry,pycnometer; density measurement; volumetric analysis; fluid properties
859,Identify the correct statement: What is the role of methane in Fischer-Tropsch processes? among the listed options.,Methane is partially converted to carbon monoxide for utilization in Fischer-Tropsch processes.,Chemical Engineering,Fischer-Tropsch process; methane conversion; carbon monoxide synthesis; catalytic chemistry
860,Determine the correct option: What is the Kutta condition? among the listed options.,"The Kutta condition is a physical requirement that the fluid moving along the lower and upper surfaces of an airfoil meet smoothly, with no fluid moving around the trailing edge of the airfoil.",Fluid Dynamics,Kutta condition; airfoil aerodynamics; circulation; Kutta-Joukowski theorem
861,Which of the following is correct? What is the Einstein@Home project? from the following choices.,The Einstein@Home project is a distributed computing project that aims to detect simple gravitational waves with constant frequency. It takes data from LIGO and GEO and sends it out in little pieces to thousands of volunteers for parallel analysis on their home computers.,Astrophysics,Einstein@Home; gravitational waves; distributed computing; LIGO; binary black holes
862,Pick the best possible answer: Which of the following statements accurately describes the dimension of an object in a CW complex?,"The dimension of an object in a CW complex is the largest n for which the n-skeleton is nontrivial, where the empty set is considered to have dimension -1 and the boundary of a discrete set of points is the empty set.",Algebraic Topology,CW complex; n-skeleton; critical points; dimension theory
863,Select the most accurate option: What is a crossover experiment? from the following choices.,"A type of experiment used to distinguish between different mechanisms proposed for a chemical reaction, such as intermolecular vs. intramolecular mechanisms.",Chemical Kinetics,crossover experiment; reaction mechanisms; intermolecular pathways; intramolecular mechanisms
864,Which of the following is correct? What is the second law of thermodynamics?,The second law of thermodynamics is a physical law based on universal experience concerning heat and energy interconversions. It establishes the concept of entropy as a physical property of a thermodynamic framework and can be used to predict whether processes are forbidden despite obeying the requirement of conservation of energy as expressed in the first law of thermodynamics.,Thermodynamics,second law of thermodynamics; heat energy interconversions; internal energy; cyclic process; conservation of energy
865,Choose the correct answer: What is the Liouville density?,The Liouville density is a probability distribution that specifies the probability of finding a particle at a certain position in phase space for a collection of particles.,Quantum Mechanics,Liouville density; phase space; quasiprobability distribution; quantum-mechanical interference
866,Select the most accurate option: What is the proper distance for a redshift of 8.2? among the listed options.,"The proper distance for a redshift of 8.2 is about 9.2 Gpc, or about 30 billion light-years.",Cosmology,proper distance; redshift; gigaparsecs; expansion of the universe
867,Choose the correct answer: What is the information loss paradox in black holes?,"Black holes have only a few internal parameters, so most of the information about the matter that went into forming the black hole is lost. Regardless of the type of matter which goes into a black hole, it appears that only information concerning the total mass, charge, and angular momentum are conserved. As black holes evaporate by emitting Hawking radiation, the information is lost forever.",Theoretical Physics,information loss paradox; Hawking radiation; black hole evaporation; quantum mechanics
868,Identify the correct statement: What did Fresnel predict and verify with regards to total internal reflections? among the listed options.,"Fresnel predicted and verified that four total internal reflections at 68°27' would give a precise circular polarization if two of the reflections had water as the external medium while the other two had air, but not if the reflecting surfaces were all wet or all dry.",Optical Physics,total internal reflection; circular polarization; Fresnel equations; wave optics
869,Select the most accurate option: What is the significance of the redshift-distance relationship in determining the expansion history of the universe? carefully.,"Observations of the redshift-distance relationship can be used to determine the expansion history of the universe and the matter and energy content, especially for distant galaxies whose light has been travelling to us for much longer times.",Cosmology,redshift-distance relationship; expansion history; matter and energy content; galactic observations
870,Identify the correct statement: What is the information loss paradox in black holes? among the listed options.,"Black holes have only a few internal parameters, so most of the information about the matter that went into forming the black hole is lost. Regardless of the type of matter which goes into a black hole, it appears that only information concerning the total mass, charge, and angular momentum are conserved. As black holes evaporate by emitting Hawking radiation, the information is lost forever.",Theoretical Physics,information loss paradox; Hawking radiation; black hole evaporation; quantum mechanics
871,Choose the correct answer: Which mathematical function is commonly used to characterize linear time-invariant frameworks? among the listed options.,Transfer function,Control Systems Engineering,linear time-invariant; transfer function; system dynamics; signal processing
872,Choose the correct answer: What is the significance of the change in slope of the pinched hysteresis curves in ReRAM and other forms of two-terminal resistance memory? from the following choices.,"The change in slope of the pinched hysteresis curves demonstrates switching between different resistance states, which is a phenomenon central to ReRAM and other forms of two-terminal resistance memory.",Neuromorphic Engineering,ReRAM; pinched hysteresis curves; memristor; resistance memory; two-terminal devices
873,Pick the best possible answer: What is the Liouville density? carefully.,The Liouville density is a probability distribution that specifies the probability of finding a particle at a certain position in phase space for a collection of particles.,Quantum Mechanics,Liouville density; phase space; quasiprobability distribution; quantum-mechanical interference
874,What is the Erlangen program?,"The Erlangen program is a method of characterizing geometries based on group theory and projective geometry, published by Felix Klein in 1872 as Vergleichende Betrachtungen über neuere geometrische Forschungen.",Geometry Theory,Erlangen program; group theory; projective geometry; Felix Klein
875,Which of the following is correct? What is the significance of the discovery of the Crab pulsar? from the following choices.,The discovery of the Crab pulsar confirmed the rotating neutron star model of pulsars.,Astrophysics,Crab pulsar; neutron star model; stellar evolution; compact objects
876,Identify the correct statement: What is a trophic level in an ecological pyramid?,A group of organisms that acquire most of their energy from the level below them in the pyramid.,Ecology,trophic level; ecological pyramid; energy flow; ecostructure
877,Determine the correct option: What did Newton adopt after his correspondence with Hooke in 1679-1680? from the following choices.,The language of inward or centripetal force.,History Of Science,Isaac Newton; Robert Hooke; centripetal force; gravitational theory; scientific correspondence
878,What is the role of IL-10 in the formation of Tr1 cells and tolerogenic DCs?,"IL-10 induces the formation of Tr1 cells and tolerogenic DCs, which are dependent on IL-10 and TGF-β, but differ from Tregs by lacking expression of Foxp3. Tr1 cells produce high levels of IL-10 and TGF-β, while tolerogenic DCs produce IL-10 that is important for Tr1 formation.",Immunology,IL-10; Tr1 cells; tolerogenic DCs; TGF-β; Foxp3 expression
879,"Select the most accurate option: Which of the following statements accurately depicts the relationship between Gauss's law, electric flux, electric field, and symmetry in electric fields? based on the given context.","Gauss's law holds in all cases, but it is most useful for calculations involving symmetric electric fields, like those with spherical or cylindrical symmetry, as they allow for simpler algebraic manipulations. Electric flux is not affected by distant charges outside the closed surface, whereas the net electric field, E, can be influenced by any charges positioned outside of the closed surface. In SI base units, the electric flux is expressed as kg·m3·s−3·A−1.",Electromagnetism,Gauss's law; electric flux; spherical symmetry; cylindrical symmetry; SI fundamental quantities
880,What is the relationship between dielectric loss and the transparency of a material?,"Dielectric loss in a material can cause absorption, which can reduce the material's transparency at higher frequencies.",Materials Science,dielectric loss; optical transparency; electromagnetic absorption; high-frequency refraction
881,Choose the correct answer: What is the role of CYCLOIDEA genes in the evolution of bilateral symmetry? carefully.,"CYCLOIDEA genes are responsible for the expression of transcription factors that control the expression of other genes, allowing their expression to influence developmental pathways relating to symmetry.",Evolutionary Developmental Biology,CYCLOIDEA genes; bilateral symmetry; transcription factors; developmental pathways; Antirrhinum majus
882,Identify the correct statement: What is the relationship between the Wigner function and the density matrix operator? among the listed options.,"The Wigner function W(x, p) is the Wigner transform of the density matrix operator ρ̂, and the trace of an operator with the density matrix Wigner-transforms to the equivalent phase-space integral overlap of g(x,p) with the Wigner function.",Quantum Mechanics,Wigner function; density matrix operator; phase-space integral; Moyal bracket; Wigner transform
883,Identify the correct statement: What is the metallicity of Kapteyn's star estimated to be? from the following choices.,8 times less than the Sun,Astrophysics,metallicity; Kapteyn's star; stellar composition; stellar evolution
884,"Which of the following is correct? What is the ""ultraviolet catastrophe""? based on the given context.",It is the misbehavior of a formula for higher frequencies.,Quantum Physics,ultraviolet catastrophe; classical physics; electromagnetic radiation; energy distribution
885,Choose the correct answer: What is Lorentz symmetry or Lorentz invariance in relativistic physics? among the listed options.,Lorentz symmetry or Lorentz invariance is an equivalence of observation or observational symmetry due to special relativity implying that the laws of physics stay the same for all observers that are moving with respect to one another within an inertial frame.,Theoretical Physics,Lorentz invariance; spacetime manifold; Lorentz group; special relativity; four-vectors
886,Choose the correct answer: What is the Evans balance? carefully.,The Evans balance is a framework used to measure the susceptibility of a sample by measuring the force change on a strong compact magnet upon insertion of the sample.,Magnetic Resonance Spectroscopy,Evans balance; magnetic susceptibility; NMR frequency; magnetic field distortion
887,Pick the best possible answer: What did Newton's manuscripts of the 1660s show?,Newton combined tangential motion with the effects of radially directed force or endeavour and expressed the concept of linear inertia.,History Of Science,tangential motion; radially directed force; linear inertia; inverse square law
888,Determine the correct option: What is Hesse's principle of transfer in geometry? carefully.,"Hesse's principle of transfer is a concept in geometry that states that if the points of the projective line P1 are depicted by a rational normal curve in Pn, then the group of the projective transformations of Pn that preserve the curve is isomorphic to the group of the projective transformations of P1.",Projective Geometry,Hesse's principle of transfer; rational normal curve; projective transformations; isomorphic groups
889,Select the most accurate option: What is a Hilbert space in quantum mechanics? carefully.,A complex vector space where the state of a quantum mechanical structure is described by a vector |Ψ⟩.,Quantum Mechanics,Hilbert space; complex vector space; quantum state; state vector
890,Choose the correct answer: What is the Kelvin-Helmholtz instability and how does it affect Earth's magnetosphere?,"The Kelvin-Helmholtz instability is a phenomenon that occurs when large swirls of plasma travel along the edge of the magnetosphere at a different velocity from the magnetosphere, causing the plasma to slip past. This results in magnetic reconnection, and as the magnetic field lines break and reconnect, solar wind particles are able to enter the magnetosphere.",Space Physics,Kelvin-Helmholtz instability; magnetic reconnection; magnetosphere; solar wind; plasma dynamics
891,Pick the best possible answer: What is classical mechanics? from the following choices.,"Classical mechanics is the branch of physics that describes the motion of macroscopic objects using concepts such as mass, acceleration, and force. It is based on a three-dimensional Euclidean space with fixed axes, and utilises many equations and mathematical concepts to relate physical quantities to one another.",Classical Mechanics,macroscopic objects; Euclidean space; physical quantities; motion dynamics
892,Identify the correct statement: What is the Ozma Problem? from the following choices.,"The Ozma Problem is a conundrum that examines whether there is any fundamental asymmetry to the universe. It concerns various aspects of atomic and subatomic physics and how they relate to mirror asymmetry and the related concepts of chirality, antimatter, magnetic and electrical polarity, parity, charge and spin.",Theoretical Physics,Ozma Problem; mirror asymmetry; chirality; parity; subatomic physics
893,Identify the correct statement: What is the significance of the high degree of fatty-acyl disorder in the thylakoid membranes of plants? from the following choices.,The high degree of fatty-acyl disorder in the thylakoid membranes of plants allows for innate fluidity even at relatively low temperatures.,Plant Biochemistry,thylakoid membranes; fatty-acyl disorder; membrane fluidity; gel-to-liquid crystalline phase transition
894,Determine the correct option: What are the four qualitative levels of crystallinity described by geologists? based on the given context.,"Holocrystalline, hypocrystalline, hypohyaline, and holohyaline",Geology,crystallinity levels; holocrystalline; hypocrystalline; hypercrystalline; hyperhyaline
895,Identify the correct statement: What does Earnshaw's theorem state? from the following choices.,A collection of point charges cannot be maintained in a stable stationary equilibrium configuration solely by the electrostatic interaction of the charges.,Electromagnetism,Earnshaw's theorem; electrostatic interaction; stable equilibrium; point charges
896,Which of the following is correct? What is spatial dispersion? based on the given context.,Spatial dispersion is a phenomenon in the physics of continuous media where material parameters such as permittivity or conductivity have dependence on wavevector. It represents spreading effects and is usually significant only at microscopic length scales.,Condensed Matter Physics,spatial dispersion; permittivity; wavevector dependence; continuous media; material parameters
897,Which of the following is correct? What are the Navier-Stokes equations?,"The Navier-Stokes equations are partial differential equations that describe the motion of viscous fluid substances, expressing momentum balance and conservation of mass for Newtonian fluids.",Fluid Dynamics,Navier-Stokes equations; partial differential equations; momentum balance; Newtonian fluids; viscous fluid substances
898,Identify the correct statement: What is the distinction between active and passive transport in cells? among the listed options.,"Passive transport is powered by the arithmetic sum of osmosis and an electric field, while active transport requires energy input from the cell.",Cell Biology,active transport; passive transport; cellular energetics; osmosis; electrochemical gradient
899,"Select the most accurate option: What is the relationship between mass, force, and acceleration, according to Sir Isaac Newton's laws of motion? carefully.","Mass is an inertial property that determines an object's tendency to remain at constant velocity unless acted upon by an outside force. According to Newton's laws of motion and the formula F = ma, an object with a mass of one kilogram accelerates at one meter per second per second when acted upon by a force of one newton.",Classical Mechanics,Newton's laws of motion; inertial property; force-mass-acceleration; kinematics
900,Select the most accurate option: What are the two main factors that cause resistance in a metal? from the following choices.,"The amount of resistance in a metal is mainly caused by the temperature and the purity of the metal. Higher temperatures cause bigger vibrations, and a mixture of different ions acts as an irregularity.",Materials Science,electrical resistance; lattice vibrations; ionic impurities; metallic conductivity
901,Pick the best possible answer: What is the isophotal diameter used for in measuring a galaxy's size? among the listed options.,The isophotal diameter is a conventional way of measuring a galaxy's size based on its apparent surface brightness.,Extragalactic Astronomy,isophotal diameter; apparent surface brightness; galactic morphology; observational astronomy
902,Pick the best possible answer: What is the Einstein@Home project?,The Einstein@Home project is a distributed computing project that aims to detect simple gravitational waves with constant frequency. It takes data from LIGO and GEO and sends it out in little pieces to thousands of volunteers for parallel analysis on their home computers.,Computational Astrophysics,distributed computing; gravitational waves; binary black holes; parallel analysis; LIGO data
903,Pick the best possible answer: What is the interstellar medium (ISM)? carefully.,"The matter and radiation that exist in the space between the star frameworks in a galaxy, including gas in ionic, atomic, and molecular form, as well as dust and cosmic rays. It fills interstellar space and blends smoothly into the surrounding intergalactic space.",Astrophysics,interstellar medium; cosmic rays; ionic gas; galactic framework
904,Identify the correct statement: What are the Navier-Stokes equations? based on the given context.,"The Navier-Stokes equations are partial differential equations that describe the motion of viscous fluid substances, expressing momentum balance and conservation of mass for Newtonian fluids.",Fluid Dynamics,Navier-Stokes equations; partial differential equations; momentum balance; Newtonian fluids; conservation of mass
905,What is the application of Memristor?,"Memristor has applications in programmable logic signal processing, Super-resolution imaging, physical neural networks, control systems, reconfigurable computing, in-memory computing, brain–computer interfaces and RFID.",Neuromorphic Engineering,memristor; in-memory computing; physical neural networks; reconfigurable computing; brain–computer interfaces
906,Identify the correct statement: What is a crossover experiment? based on the given context.,"A type of experiment used to distinguish between different mechanisms proposed for a chemical reaction, such as intermolecular vs. intramolecular mechanisms.",Chemical Kinetics,crossover experiment; intermolecular mechanism; intramolecular mechanism; reaction mechanism analysis
907,Pick the best possible answer: What is a phageome? based on the given context.,"A community of bacteriophages and their metagenomes localized in a particular environment, similar to a microbiome.",Microbial Ecology,phageome; metagenomics; bacteriophages; microbial communities
908,"Identify the correct statement: What is the estimated redshift of CEERS-93316, a candidate high-redshift galaxy observed by the James Webb Space Telescope?","Approximately z = 16.7, corresponding to 235.8 million years after the Big Bang.",Observational Cosmology,redshift; high-redshift galaxy; James Webb Space Telescope; Big Bang chronology
909,Determine the correct option: What did Newton's manuscripts of the 1660s show? based on the given context.,Newton combined tangential motion with the effects of radially directed force or endeavour and expressed the concept of linear inertia.,History Of Science,tangential motion; radially directed force; linear inertia; inverse square law
910,"Identify the correct statement: What is a ""coffee ring"" in physics?","A pattern left by a particle-laden liquid after it evaporates, named for the characteristic ring-like deposit along the perimeter of a spill of coffee or red wine.",Fluid Dynamics,coffee ring effect; evaporation kinetics; particle-laden liquid; surface tension; deposition patterns
911,Identify the correct statement: What is a trophic level in an ecological pyramid? among the listed options.,A group of organisms that acquire most of their energy from the level below them in the pyramid.,Ecology,trophic level; ecological pyramid; energy flow; food web dynamics
912,"What is the relationship between mass, force, and acceleration, according to Sir Isaac Newton's laws of motion?","Mass is an inertial property that determines an object's tendency to remain at constant velocity unless acted upon by an outside force. According to Newton's laws of motion and the formula F = ma, an object with a mass of one kilogram accelerates at one meter per second per second when acted upon by a force of one newton.",Classical Mechanics,Newton's laws of motion; inertial property; force-mass-acceleration; constant velocity
913,Determine the correct option: What are the four qualitative levels of crystallinity described by geologists? among the listed options.,"Holocrystalline, hypocrystalline, hypohyaline, and holohyaline",Geology,crystallinity; holocrystalline; hypocrystalline; hypercrystalline; hypohyaline
914,Select the most accurate option: What is the function of mammary glands in mammals?,Mammary glands produce milk to feed the young.,Mammalian Physiology,mammary glands; lactation; reproductive biology; mammalian anatomy
915,Choose the correct answer: What is the main sequence in astronomy? among the listed options.,The main sequence is a continuous and distinctive band of stars that appears on plots of stellar color versus brightness. Stars on this band are known as main-sequence stars or dwarf stars.,Astrophysics,main sequence; stellar evolution; Hertzsprung-Russell diagram; stellar luminosity
916,"Identify the correct statement: What is a transient condensation cloud, also known as a Wilson cloud?","A visible cloud of microscopic water droplets that forms when a nuclear weapon or a large amount of a conventional explosive is detonated in humid air, due to a temporary cooling of the air caused by a rarefaction of the air surrounding the explosion.",Nuclear Physics,transient condensation cloud; Wilson cloud; rarefaction; nuclear detonation; atmospheric physics
917,Select the most accurate option: What is the gravitomagnetic interaction? carefully.,"The gravitomagnetic interaction is a new force of nature generated by rotating matter, whose intensity is proportional to the rate of spin, according to the general framework of relativity.",General Relativity,gravitomagnetic interaction; rotating matter; gravitational permeability; Meissner effect analogue
918,Select the most accurate option: What are some models that attempt to account for all observations without invoking supplemental non-baryonic matter? from the following choices.,"Modified Newtonian dynamics, tensor–vector–scalar gravity, or entropic gravity.",Theoretical Physics,Modified Newtonian dynamics; tensor–vector–scalar gravity; entropic gravity; non-baryonic matter
919,Identify the correct statement: What is the significance of the high degree of fatty-acyl disorder in the thylakoid membranes of plants?,The high degree of fatty-acyl disorder in the thylakoid membranes of plants allows for innate fluidity even at relatively low temperatures.,Plant Biochemistry,thylakoid membranes; fatty-acyl disorder; membrane fluidity; gel-to-liquid crystalline phase transition
920,Determine the correct option: What is accelerator-based light-ion fusion? from the following choices.,"Accelerator-based light-ion fusion is a technique that uses particle accelerators to achieve particle kinetic energies sufficient to induce light-ion fusion reactions. This procedure is relatively easy to implement and can be done in an efficient manner, requiring only a vacuum tube, a pair of electrodes, and a high-voltage transformer. Fusion can be observed with as little as 10 kV between the electrodes.",Nuclear Physics,accelerator-based fusion; light-ion fusion; particle kinetic energy; high-voltage transformer
921,Choose the correct answer: What is the second law of thermodynamics? based on the given context.,The second law of thermodynamics is a physical law based on universal experience concerning heat and energy interconversions. It establishes the concept of entropy as a physical property of a thermodynamic framework and can be used to predict whether processes are forbidden despite obeying the requirement of conservation of energy as expressed in the first law of thermodynamics.,Thermodynamics,second law of thermodynamics; heat energy interconversions; internal energy; cyclic process; conservation of energy
922,Select the most accurate option: What is Martin Heidegger's view on the relationship between time and human existence? carefully.,"Martin Heidegger believes that humans do not exist inside time, but that they are time. The relationship to the past is a present awareness of having been, and the relationship to the future involves anticipating a potential possibility, task, or engagement.",Existential Phenomenology,Heideggerian ontology; temporality; Dasein; being-towards-death; historicality
923,Which of the following is correct? What did Newton adopt after his correspondence with Hooke in 1679-1680? carefully.,The language of inward or centripetal force.,History Of Science,centripetal force; gravitational force; Newton-Hooke correspondence; classical mechanics history
924,Determine the correct option: What is the definition of anatomy? based on the given context.,Anatomy is a branch of morphology that deals with the structure of organisms.,Biological Sciences,morphology; body plan; taxonomical categorization; structural anatomy
925,Determine the correct option: What is the relationship between the complete electromagnetic Hamiltonian of a molecule and the parity operation? among the listed options.,"The complete electromagnetic Hamiltonian of any molecule is invariant to the parity operation, and its eigenvalues can be given the parity symmetry label + or - depending on whether they are even or odd, respectively.",Quantum Chemistry,electromagnetic Hamiltonian; parity operation; symmetry labels; molecular eigenvalues
926,Determine the correct option: What is the definition of dimension in mathematics? carefully.,"The dimension of an object is the number of independent parameters or coordinates needed to define the position of a point constrained to be on the object, and is an intrinsic property of the object, independent of the dimension of the space in which it is embedded.",Geometry,independent parameters; degrees of freedom; extrinsic property; spatial embedding
927,What is the Einstein@Home project?,The Einstein@Home project is a distributed computing project that aims to detect simple gravitational waves with constant frequency. It takes data from LIGO and GEO and sends it out in little pieces to thousands of volunteers for parallel analysis on their home computers.,Computational Astrophysics,distributed computing; gravitational waves; binary black holes; parallel analysis; LIGO data
928,Pick the best possible answer: What is the definition of an improper rotation?,"An improper rotation is the combination of a rotation about an axis and reflection in a plane perpendicular to that axis, or inversion about a point on the axis. The order of the rotation and reflection does not matter, and the symmetry elements for improper rotation are the rotation axis, and either the mirror plane, the inversion point, or both.",Crystallography,improper rotation; symmetry elements; mirror plane; inversion point; rotation axis
929,Choose the correct answer: What is the relationship between the Wigner function and the density matrix operator? based on the given context.,"The Wigner function W(x, p) is the Wigner transform of the density matrix operator ρ̂, and the trace of an operator with the density matrix Wigner-transforms to the equivalent phase-space integral overlap of g(x,p) with the Wigner function.",Quantum Mechanics,Wigner function; density matrix operator; phase-space integral; Moyal bracket
930,What is explicit symmetry breaking in theoretical physics?,"Explicit symmetry breaking is the breaking of a symmetry of a theory by terms in its defining equations of motion that do not respect the symmetry, usually in situations where these symmetry-breaking terms are small, so that the symmetry is approximately respected by the theory.",Theoretical Physics,explicit symmetry breaking; equations of motion; symmetry groups; theoretical framework
931,Identify the correct statement: What is the Ramsauer-Townsend effect?,The Ramsauer-Townsend effect is a physical phenomenon that involves the scattering of low-energy electrons by atoms of a noble gas. It requires the wave principle of quantum mechanics to be explained.,Quantum Mechanics,Ramsauer-Townsend effect; electron scattering; noble gas; wave principle; quantum mechanics
932,Pick the best possible answer: What is accelerator-based light-ion fusion? from the following choices.,"Accelerator-based light-ion fusion is a technique that uses particle accelerators to achieve particle kinetic energies sufficient to induce light-ion fusion reactions. This technique is relatively easy to implement and can be done in an efficient manner, requiring only a vacuum tube, a pair of electrodes, and a high-voltage transformer. Fusion can be observed with as little as 10 kV between the electrodes.",Nuclear Physics,accelerator-based fusion; light-ion fusion; particle kinetic energy; high-voltage transformer
933,Determine the correct option: What is the SI base unit of time and how is it defined?,"The SI base unit of time is the second, which is defined by measuring the electronic transition frequency of caesium atoms.",Metrology,SI base units; caesium atom transition; time measurement; international system units
934,Which of the following is correct? What is the De Haas-Van Alphen effect? among the listed options.,"The oscillation of the differential susceptibility as a function of 1/H in metals under strong magnetic fields, which relates the period of the susceptibility with the Fermi surface of the material.",Condensed Matter Physics,De Haas-Van Alphen effect; differential susceptibility; Fermi surface; magnetic field oscillations
935,What is the significance of the redshift-distance relationship in determining the expansion history of the universe?,"Observations of the redshift-distance relationship can be used to determine the expansion history of the universe and the matter and energy content, especially for distant galaxies whose light has been travelling to us for much longer times.",Cosmology,redshift-distance relationship; expansion history; matter and energy content; galactic observation
936,Select the most accurate option: What is the second law of thermodynamics?,The second law of thermodynamics is a physical law based on universal experience concerning heat and energy interconversions. It establishes the concept of entropy as a physical property of a thermodynamic structure and can be used to predict whether processes are forbidden despite obeying the requirement of conservation of energy as expressed in the first law of thermodynamics.,Thermodynamics,second law of thermodynamics; heat energy interconversions; internal energy; cyclic process; conservation of energy
937,Pick the best possible answer: What is the relationship between the amplitude of a sound wave and its loudness? from the following choices.,The amplitude of a sound wave is related to its loudness.,Acoustics,sound wave amplitude; loudness perception; wave mechanics; acoustic properties
938,"Which of the following is correct? What are amorphous ferromagnetic metallic alloys, and what are their advantages? carefully.","Amorphous ferromagnetic metallic alloys are non-crystalline alloys that can be made by rapidly cooling a liquid alloy. Their properties are nearly isotropic, resulting in low coercivity, low hysteresis loss, high permeability, and high electrical resistivity.",Materials Science,amorphous ferromagnetic metallic alloys; non-crystalline alloys; coercivity; hysteresis loss; electrical resistivity
939,What is the gravitomagnetic interaction?,"The gravitomagnetic interaction is a new force of nature generated by rotating matter, whose intensity is proportional to the rate of spin, according to the general theory of relativity.",General Relativity,gravitomagnetic interaction; rotating matter; gravitational permeability; Meissner effect; time-varying gravitational fields
940,Choose the correct answer: What is reciprocal length or inverse length? among the listed options.,"Reciprocal length or inverse length is a quantity or measurement used in several branches of science and mathematics. It is the reciprocal of length, and common units used for this measurement include the reciprocal metre or inverse metre (symbol: m−1), the reciprocal centimetre or inverse centimetre (symbol: cm−1).",Dimensional Analysis,reciprocal length; inverse units; dimensional quantities; unit conversion
941,Determine the correct option: What is indirect photophoresis? carefully.,"Indirect photophoresis is a phenomenon that occurs when particles absorb incident light only on the irradiated side, creating a temperature gradient within the particle, and causing a migration of particles in a direction opposite to the surface temperature gradient.",Optical Physics,indirect photophoresis; temperature gradient; particle migration; incident light absorption
942,Choose the correct answer: What is the significance of probability amplitudes in quantum mechanics? from the following choices.,"Probability amplitudes act as the equivalent of conventional probabilities in quantum mechanics, with many analogous laws.",Quantum Mechanics,probability amplitudes; wave function; quantum state; superposition principles
943,Select the most accurate option: What is the Landau-Lifshitz-Gilbert equation used for in physics? among the listed options.,"The Landau-Lifshitz-Gilbert equation is a differential equation used to describe the precessional motion of magnetization M in a solid, and is commonly used in micromagnetics to model the effects of a magnetic field on ferromagnetic materials.",Micromagnetics,Landau-Lifshitz-Gilbert equation; precessional motion; magnetization; ferromagnetic materials
944,Pick the best possible answer: What is X-ray pulsar-based navigation (XNAV)? among the listed options.,"X-ray pulsar-based navigation (XNAV) is a navigation technique that uses the periodic X-ray signals emitted from pulsars to determine the location of a vehicle in deep space, such as a spacecraft.",Aerospace Engineering,X-ray pulsar-based navigation; deep space navigation; pulsar signals; celestial positioning
945,Choose the correct answer: What are the four qualitative levels of crystallinity described by geologists?,"Holocrystalline, hypocrystalline, hypohyaline, and holohyaline",Geology,crystallinity levels; holocrystalline; hypocrystalline; hypercrystalline; hyperhyaline
946,What is the relationship between interstellar and cometary chemistry?,"There is a possible connection between interstellar and cometary chemistry, as indicated by the similarity between interstellar and cometary ices and the analysis of organics from comet samples returned by the Stardust mission.",Astrochemistry,interstellar chemistry; cometary chemistry; organic molecules; Stardust mission; molecular ices
947,Select the most accurate option: What is the function of the fibrous cardiac skeleton? among the listed options.,"The fibrous cardiac skeleton provides structure to the heart, forming the atrioventricular septum that separates the atria from the ventricles, and the fibrous rings that serve as bases for the four heart valves.",Cardiac Anatomy,fibrous cardiac skeleton; atrioventricular septum; heart valves; myocardial structure
948,Determine the correct option: What is the Landau-Lifshitz-Gilbert equation used for in physics?,"The Landau-Lifshitz-Gilbert equation is a differential equation used to describe the precessional motion of magnetization M in a solid, and is commonly used in micromagnetics to model the effects of a magnetic field on ferromagnetic materials.",Magnetism Physics,Landau-Lifshitz-Gilbert equation; precessional motion; micromagnetics; ferromagnetic materials
949,Select the most accurate option: What is the role of methane in Fischer-Tropsch processes? from the following choices.,Methane is partially converted to carbon monoxide for utilization in Fischer-Tropsch processes.,Chemical Engineering,Fischer-Tropsch process; methane conversion; carbon monoxide synthesis; catalytic chemistry
950,"Determine the correct option: What is the estimated redshift of CEERS-93316, a candidate high-redshift galaxy observed by the James Webb Space Telescope?","Approximately z = 16.7, corresponding to 235.8 million years after the Big Bang.",Observational Cosmology,redshift; high-redshift galaxy; James Webb Space Telescope; Big Bang chronology
951,Choose the correct answer: What is the origin of the radio emission observed from supernova remnants? carefully.,The radio emission from supernova remnants originates from high-velocity electrons oscillating within magnetic fields. This emission is a form of non-thermal emission called synchrotron emission.,Astrophysics,supernova remnants; synchrotron emission; non-thermal emission; magnetic fields; high-velocity electrons
952,Pick the best possible answer: What is the significance of the change in slope of the pinched hysteresis curves in ReRAM and other forms of two-terminal resistance memory?,"The change in slope of the pinched hysteresis curves demonstrates switching between different resistance states, which is a phenomenon central to ReRAM and other forms of two-terminal resistance memory.",Neuromorphic Engineering,ReRAM; pinched hysteresis curves; memristor; two-terminal resistance memory; switching resistance states
953,"Pick the best possible answer: How do the Lunar Laser Ranging Experiment, radar astronomy, and the Deep Space Network determine distances to the Moon, planets, and spacecraft? among the listed options.",They measure round-trip transit times.,Astrodynamics,Lunar Laser Ranging; radar astronomy; round-trip transit time; Deep Space Network
954,"Which of the following is correct? Which hand should be used to apply the right-hand rule when tightening or loosening nuts, screws, bolts, bottle caps, and jar lids? among the listed options.",The right hand,Mechanical Engineering,right-hand rule; torque application; fastener mechanics; mechanical assembly
955,Which of the following is correct? What is the role of methane in Fischer-Tropsch processes?,Methane is partially converted to carbon monoxide for utilization in Fischer-Tropsch processes.,Chemical Engineering,Fischer-Tropsch process; methane conversion; carbon monoxide synthesis; catalytic chemistry
956,Identify the correct statement: What is the effect generated by a spinning superconductor? carefully.,"A magnetic field, precisely aligned with the spin axis.",Condensed Matter Physics,superconductor; magnetic field; spin axis; quantum mechanics
957,Select the most accurate option: What is the formalism that angular momentum is associated with in rotational invariance?,Angular momentum is the 2-form Noether charge associated with rotational invariance.,Theoretical Physics,Noether charge; rotational invariance; differential forms; angular momentum formalism
958,"Choose the correct answer: What is the ""ultraviolet catastrophe""? from the following choices.",It is the misbehavior of a formula for higher frequencies.,Quantum Physics,ultraviolet catastrophe; classical physics; electromagnetic radiation; energy distribution
959,Which of the following is correct? What is the explanation for the effective supersymmetry in quark-diquark models? among the listed options.,"Two different color charges close together appear as the corresponding anti-color under coarse resolution, which makes a diquark cluster viewed with coarse resolution effectively appear as an antiquark. Therefore, a baryon containing 3 valence quarks, of which two tend to cluster together as a diquark, behaves like a meson.",Particle Physics,quark-diquark models; effective supersymmetry; color charges; baryon structure
960,Determine the correct option: What is the distinction between probability mass function (PMF) and probability density function (PDF)? based on the given context.,"PMF is used for discrete random variables, while PDF is used for continuous random variables.",Probability Theory,probability mass function; probability density function; random variables; continuous vs discrete distributions
961,Pick the best possible answer: What is the SI unit of the physical quantity m/Q? from the following choices.,Kilogram per coulomb,Physics Units,SI units; physical quantities; dimensional analysis; unit conversion
962,Pick the best possible answer: What is the main sequence in astronomy? based on the given context.,The main sequence is a continuous and distinctive band of stars that appears on plots of stellar color versus brightness. Stars on this band are known as main-sequence stars or dwarf stars.,Astrophysics,main sequence; stellar evolution; Hertzsprung-Russell diagram; dwarf stars
963,Choose the correct answer: What is the definition of anatomy? among the listed options.,Anatomy is a branch of morphology that deals with the structure of organisms.,Biological Sciences,morphology; organismal structure; anatomical definition; body plan analysis
964,Which of the following is correct? What is Modified Newtonian Dynamics (MOND)?,MOND is a hypothesis that proposes a modification of Newton's law of universal gravitation to account for observed properties of galaxies. It is an alternative to the hypothesis of dark matter in terms of explaining why galaxies do not appear to obey the currently understood laws of physics.,Astrophysics,Modified Newtonian Dynamics; dark matter; universal gravitation; general relativity
965,What is the Landau-Lifshitz-Gilbert equation used for in physics?,"The Landau-Lifshitz-Gilbert equation is a differential equation used to describe the precessional motion of magnetization M in a solid, and is commonly used in micromagnetics to model the effects of a magnetic field on ferromagnetic materials.",Magnetism Physics,Landau-Lifshitz-Gilbert equation; precessional motion; micromagnetics; ferromagnetic materials; magnetization dynamics
966,Select the most accurate option: What did Newton adopt after his correspondence with Hooke in 1679-1680?,The language of inward or centripetal force.,History Of Science,centripetal force; gravitational force; Newtonian mechanics; Hooke-Newton correspondence
967,Determine the correct option: What is geometric quantization in mathematical physics? based on the given context.,Geometric quantization is a mathematical approach to defining a quantum framework corresponding to a given classical framework. It attempts to carry out quantization in such a way that certain analogies between the classical framework and the quantum framework remain manifest.,Mathematical Physics,geometric quantization; classical framework; quantum framework; mathematical physics; quantization theory
968,What is the relationship between the complete electromagnetic Hamiltonian of a molecule and the parity operation?,"The complete electromagnetic Hamiltonian of any molecule is invariant to the parity operation, and its eigenvalues can be given the parity symmetry label + or - depending on whether they are even or odd, respectively.",Quantum Chemistry,electromagnetic Hamiltonian; parity operation; symmetry labels; molecular eigenvalues
969,Pick the best possible answer: What is the proposed name for the field that is responsible for cosmic inflation and the metric expansion of space? among the listed options.,Inflaton,Cosmology,cosmic inflation; metric expansion; inflaton field; conformal cyclic cosmology
970,Identify the correct statement: What is the relationship between Coordinated Universal Time (UTC) and Universal Time (UT1)? carefully.,"UTC is an atomic time scale designed to approximate Universal Time (UT1), but it differs from UT1 by an integral number of seconds. UTC is kept within 0.9 second of UT1 by the introduction of one-second steps to UTC, the ""leap second"".",Chronometry,Coordinated Universal Time; Universal Time; leap second; atomic time scale; Earth rotation irregularities
971,Select the most accurate option: What is the contrast between the coevolution of myrmecophytes and the mutualistic symbiosis of mycorrhiza?,"Myrmecophytes coevolve with ants, providing them with a home and sometimes food, while the ants defend the plant from herbivores and competing plants. On the other hand, mycorrhiza is a mutualistic symbiosis between plants and fungi, where the fungi help the plants gain water and mineral nutrients from the soil, while the plant gives the fungi carbohydrates manufactured in photosynthesis.",Evolutionary Ecology,myrmecophytes; mutualistic symbiosis; mycorrhiza; coevolutionary dynamics
972,Select the most accurate option: What is the relevant type of coherence for the Young's double-slit interferometer?,Diameter of the coherence area (Ac),Wave Optics,Young's double-slit interferometer; spatial coherence; visibility; coherence length
973,Choose the correct answer: What is the definition of an improper rotation? carefully.,"An improper rotation is the combination of a rotation about an axis and reflection in a plane perpendicular to that axis, or inversion about a point on the axis. The order of the rotation and reflection does not matter, and the symmetry elements for improper rotation are the rotation axis, and either the mirror plane, the inversion point, or both.",Crystallography,improper rotation; symmetry elements; mirror plane; inversion point; rotation axis
974,"Determine the correct option: What is the relationship between mass, force, and acceleration, according to Sir Isaac Newton's laws of motion?","Mass is an inertial property that determines an object's tendency to remain at constant velocity unless acted upon by an outside force. According to Newton's laws of motion and the formula F = ma, an object with a mass of one kilogram accelerates at one meter per second per second when acted upon by a force of one newton.",Classical Mechanics,Newton's laws of motion; inertial property; force-mass-acceleration; constant velocity
975,Select the most accurate option: What is the De Haas-Van Alphen effect?,"The oscillation of the differential susceptibility as a function of 1/H in metals under strong magnetic fields, which relates the period of the susceptibility with the Fermi surface of the material.",Condensed Matter Physics,De Haas-Van Alphen effect; differential susceptibility; Fermi surface; magnetic fields; magnetization
976,Choose the correct answer: What is Lorentz symmetry or Lorentz invariance in relativistic physics? from the following choices.,Lorentz symmetry or Lorentz invariance is an equivalence of observation or observational symmetry due to special relativity implying that the laws of physics stay the same for all observers that are moving with respect to one another within an inertial frame.,Theoretical Physics,Lorentz invariance; spacetime manifold; Lorentz group; boost velocity; special relativity
977,What did Newton's manuscripts of the 1660s show?,Newton combined tangential motion with the effects of radially directed force or endeavour and expressed the concept of linear inertia.,History Of Science,tangential motion; radially directed force; linear inertia; inverse square law
978,Select the most accurate option: What is the SI unit of the physical quantity m/Q? from the following choices.,Kilogram per coulomb,Physics Units,SI units; physical quantities; dimensional analysis; unit conversion
979,Identify the correct statement: What is the contrast between the coevolution of myrmecophytes and the mutualistic symbiosis of mycorrhiza? carefully.,"Myrmecophytes coevolve with ants, providing them with a home and sometimes food, while the ants defend the plant from herbivores and competing plants. On the other hand, mycorrhiza is a mutualistic symbiosis between plants and fungi, where the fungi help the plants gain water and mineral nutrients from the soil, while the plant gives the fungi carbohydrates manufactured in photosynthesis.",Ecology,myrmecophytes; mutualistic symbiosis; mycorrhiza; coevolutionary dynamics
980,Which of the following is correct? What is the reason that Newton's second law cannot be used to calculate the development of a physical mechanism in quantum mechanics? from the following choices.,"The existence of particle spin, which is angular momentum that cannot be described by the cumulative effect of point-like motions in space.",Quantum Mechanics,particle spin; angular momentum; linear momentum; quantum dynamics
981,Select the most accurate option: What is the explanation for the effective supersymmetry in quark-diquark models? carefully.,"Two different color charges close together appear as the corresponding anti-color under coarse resolution, which makes a diquark cluster viewed with coarse resolution effectively appear as an antiquark. Therefore, a baryon containing 3 valence quarks, of which two tend to cluster together as a diquark, behaves like a meson.",Particle Physics,quark-diquark models; color charges; effective supersymmetry; baryon structure
982,What is the reason for heating metals to a temperature just above the upper critical temperature?,"To prevent the grains of solution from growing too large, which enhances mechanical properties such as toughness, shear strength, and tensile strength.",Materials Science,upper critical temperature; grain growth; mechanical properties; shear strength; tensile strength
983,"Pick the best possible answer: How do the Lunar Laser Ranging Experiment, radar astronomy, and the Deep Space Network determine distances to the Moon, planets, and spacecraft? carefully.",They measure round-trip transit times.,Space Science,Lunar Laser Ranging; radar astronomy; round-trip transit time; Deep Space Network
984,Select the most accurate option: What is the significance of probability amplitudes in quantum mechanics? carefully.,"Probability amplitudes act as the equivalent of conventional probabilities in quantum mechanics, with many analogous laws.",Quantum Mechanics,probability amplitudes; wave function; quantum state; superposition principles
985,Select the most accurate option: What is the relationship between chemical potential and quarks/antiquarks?,"Chemical potential, represented by μ, is a measure of the imbalance between quarks and antiquarks in a mechanism. Higher μ indicates a stronger bias favoring quarks over antiquarks.",Particle Physics,chemical potential; quarks; antiquarks; quantum chromodynamics; particle density
986,Choose the correct answer: What is classical mechanics? carefully.,"Classical mechanics is the branch of physics that describes the motion of macroscopic objects using concepts such as mass, acceleration, and force. It is based on a three-dimensional Euclidean space with fixed axes, and utilises many equations and mathematical concepts to relate physical quantities to one another.",Classical Mechanics,macroscopic objects; Euclidean space; physical quantities; motion dynamics
987,Which of the following is correct? What is the Evans balance? based on the given context.,The Evans balance is a mechanism used to measure the susceptibility of a sample by measuring the force change on a strong compact magnet upon insertion of the sample.,Magnetic Resonance Spectroscopy,Evans balance; magnetic susceptibility; NMR frequency; magnetic field distortion
988,Pick the best possible answer: What was Isaac Newton's explanation for rectilinear propagation of light? from the following choices.,"Isaac Newton rejected the wave concept of light and proposed that light consists of corpuscles that are subject to a force acting perpendicular to the interface. In this model, the critical angle was the angle of incidence at which the normal velocity of the approaching corpuscle was just enough to reach the far side of the force field; at more oblique incidence, the corpuscle would be turned back.",Optics Physics,rectilinear propagation; corpuscular theory; critical angle; Newton's optics
989,Choose the correct answer: How many crystallographic point groups are there in three-dimensional space? based on the given context.,32,Crystallography,crystallographic point groups; three-dimensional space; symmetry operations; crystal systems
990,Which of the following is correct? What is the butterfly effect?,The butterfly effect is a phenomenon that highlights the variation between the application of the notion of causality in physics and a more general use of causality as represented by Mackie's INUS conditions.,Chaos Theory,butterfly effect; distributed causality; unstable equilibrium; INUS conditions; Newtonian physics
991,"Choose the correct answer: How do the Lunar Laser Ranging Experiment, radar astronomy, and the Deep Space Network determine distances to the Moon, planets, and spacecraft? among the listed options.",They measure round-trip transit times.,Space Science,Lunar Laser Ranging; radar astronomy; round-trip transit time; Deep Space Network
992,Determine the correct option: What is the variation between active and passive transport in cells? carefully.,"Passive transport is powered by the arithmetic sum of osmosis and an electric field, while active transport requires energy input from the cell.",Cell Biology,active transport; passive transport; cellular energetics; osmosis; electrochemical gradient
993,Identify the correct statement: What was the aim of the Gravity Probe B (GP-B) mission? among the listed options.,"To measure spacetime curvature near Earth, with particular emphasis on gravitomagnetism.",General Relativity,Gravity Probe B; gravitomagnetism; spacetime curvature; geodetic effect; de Sitter precession
994,Determine the correct option: What is the proper distance for a redshift of 8.2? carefully.,"The proper distance for a redshift of 8.2 is about 9.2 Gpc, or about 30 billion light-years.",Cosmology,proper distance; redshift; gigaparsecs; expansion of the universe
995,Identify the correct statement: What is the Landau-Lifshitz-Gilbert equation used for in physics? from the following choices.,"The Landau-Lifshitz-Gilbert equation is a differential equation used to describe the precessional motion of magnetization M in a solid, and is commonly used in micromagnetics to model the effects of a magnetic field on ferromagnetic materials.",Magnetism Physics,Landau-Lifshitz-Gilbert equation; micromagnetics; precessional motion; ferromagnetic materials
996,Select the most accurate option: What is radiometric dating? from the following choices.,"Radiometric dating is a technique of measuring geological time using radioactive decay, discovered in the early 20th century.",Geochronology,radiometric dating; radioactive decay; geological time; isotopic analysis
997,"Which of the following is correct? What is the concept of simultaneity in Einstein's book, Relativity?","Simultaneity is relative, meaning that two events that appear simultaneous to an observer in a particular inertial reference frame need not be judged as simultaneous by a second observer in a different inertial frame of reference.",Theoretical Physics,relativity of simultaneity; inertial reference frame; special relativity; spacetime physics
998,Select the most accurate option: What is the evidence for the existence of a supermassive black hole at the center of the Milky Way galaxy? from the following choices.,"The star S2 follows an elliptical orbit with a period of 15.2 years and a pericenter of 17 light-hours from the center of the central object. From the motion of star S2, the object's mass can be estimated as 4.0 million M☉, or about 7.96×1036 kg. The radius of the central object must be less than 17 light-hours, because otherwise S2 would collide with it. Observations of the star S14 indicate that the radius is no more than 6.25 light-hours, about the diameter of Uranus' orbit. No known astronomical object other than a black hole can contain 4.0 million M☉ in this volume of space.",Astrophysics,supermassive black hole; Sagittarius A*; stellar orbits; solar mass; orbital mechanics
999,Which of the following is correct? What can be inferred about the electronic entropy of insulators and metals based on their densities of states at the Fermi level?,"Insulators have zero density of states at the Fermi level, and therefore, their density of states-based electronic entropy is essentially zero. Metals have non-zero density of states at the Fermi level, and thus, their electronic entropy should be proportional to the temperature and density of states at the Fermi level.",Condensed Matter Physics,electronic entropy; density of states; Fermi level; solid-state physics
1000,Select the most accurate option: What is the Maxwell's Demon thought experiment? among the listed options.,"A thought experiment in which a demon guards a microscopic trapdoor in a wall separating two parts of a container filled with the same gas at equal temperatures. The demon selectively allows faster-than-average molecules to pass from one side to the other, causing a reduce in temperature in one part and an boost in temperature in the other, contrary to the second law of thermodynamics.",Thermodynamics,Maxwell's Demon; second law of thermodynamics; statistical mechanics; entropy; kinetic theory
1001,Select the most accurate option: What is the Landau-Lifshitz-Gilbert equation used for in physics? based on the given context.,"The Landau-Lifshitz-Gilbert equation is a differential equation used to describe the precessional motion of magnetization M in a solid, and is commonly used in micromagnetics to model the effects of a magnetic field on ferromagnetic materials.",Micromagnetics,Landau-Lifshitz-Gilbert equation; precessional motion; magnetization; ferromagnetic materials
1002,"Determine the correct option: How do the Lunar Laser Ranging Experiment, radar astronomy, and the Deep Space Network determine distances to the Moon, planets, and spacecraft?",They measure round-trip transit times.,Space Science,Lunar Laser Ranging; radar astronomy; round-trip transit time; Deep Space Network
1003,Which of the following is correct? What is the gravitomagnetic interaction? from the following choices.,"The gravitomagnetic interaction is a new force of nature generated by rotating matter, whose intensity is proportional to the rate of spin, according to the general principle of relativity.",General Relativity,gravitomagnetic interaction; rotating matter; general principle of relativity; gravitational permeability
1004,Which of the following is correct? Which of the following statements accurately describes the origin and significance of the triskeles symbol? based on the given context.,"The triskeles symbol was reconstructed as a feminine divine triad by the rulers of Syracuse, and later adopted as an emblem. Its usage may also be related to the Greek name of Sicily, Trinacria, which means ""having three headlands."" The head of Medusa at the center of the Sicilian triskeles represents the three headlands.",Cultural History,triskeles symbol; Trinacria; Syracuse; feminine divine triad; Sicilian heraldry
1005,Determine the correct option: What is the effect generated by a spinning superconductor? based on the given context.,"A magnetic field, precisely aligned with the spin axis.",Condensed Matter Physics,superconductor; spin axis; magnetic field; quantum mechanics
1006,Select the most accurate option: Who was the first to determine the velocity of a star moving away from the Earth using the Doppler effect? among the listed options.,William Huggins,Astrophysics,Doppler effect; stellar velocity; astronomical observation; redshift
1007,Choose the correct answer: What is a pycnometer?,A device used to determine the density of a liquid.,Analytical Chemistry,pycnometer; density measurement; volumetric analysis; fluid properties
1008,What is the explanation for the effective supersymmetry in quark-diquark models?,"Two different color charges close together appear as the corresponding anti-color under coarse resolution, which makes a diquark cluster viewed with coarse resolution effectively appear as an antiquark. Therefore, a baryon containing 3 valence quarks, of which two tend to cluster together as a diquark, behaves like a meson.",Particle Physics,quark-diquark models; color charges; effective supersymmetry; baryon structure
1009,Pick the best possible answer: Who was the first person to describe the pulmonary circulation framework? carefully.,Ibn al-Nafis,History Of Medicine,pulmonary circulation; Ibn al-Nafis; physiological history; cardiovascular anatomy
1010,Choose the correct answer: What is the revised view of the atmosphere's nature based on the time-varying multistability that is associated with the modulation of large-scale processes and aggregated feedback of small-scale processes? based on the given context.,"The atmosphere possesses both chaos and order, including emerging organized frameworks and time-varying forcing from recurrent seasons.",Atmospheric Science,time-varying multistability; aggregated feedback; large-scale processes; emerging organized frameworks
1011,Pick the best possible answer: What is the reason for the sun appearing slightly yellowish when viewed from Earth?,"The longer wavelengths of light, such as red and yellow, are not scattered away and are directly visible when looking towards the sun.",Atmospheric Optics,Rayleigh scattering; light wavelength; atmospheric refraction; spectral absorption
1012,Choose the correct answer: What is the variation between natural convection and forced convection? based on the given context.,"Natural convection occurs when a fluid is in contact with a hot surface, causing the fluid to be less dense and displaced, while forced convection is when a fluid is forced to flow over the surface by an internal source such as fans, stirring, and pumps.",Fluid Dynamics,natural convection; forced convection; heat transfer; fluid flow; density displacement
1013,Identify the correct statement: What is the Kutta condition? among the listed options.,"The Kutta condition is a physical requirement that the fluid moving along the lower and upper surfaces of an airfoil meet smoothly, with no fluid moving around the trailing edge of the airfoil.",Fluid Dynamics,Kutta condition; airfoil aerodynamics; circulation; Kutta-Joukowski theorem
1014,Choose the correct answer: What is the American Petroleum Institute (API) gravity? from the following choices.,API gravity is a measure of how heavy or light a petroleum liquid is compared to water. It is an inverse measure of a petroleum liquid's density relative to that of water and is graduated in degrees on a hydrometer instrument.,Petroleum Engineering,API gravity; petroleum density; hydrometer measurement; fluid properties
1015,Select the most accurate option: What is the relationship between the amplitude of a sound wave and its loudness? based on the given context.,The amplitude of a sound wave is related to its loudness.,Acoustics,sound wave amplitude; loudness proportionality; wave mechanics; acoustic properties
1016,Which of the following is correct? What is the reason for the sun appearing slightly yellowish when viewed from Earth? among the listed options.,"The longer wavelengths of light, such as red and yellow, are not scattered away and are directly visible when looking towards the sun.",Atmospheric Optics,Rayleigh scattering; light wavelength; atmospheric refraction; spectral absorption
1017,Which of the following is correct? What is a planetary framework? carefully.,Any set of gravitationally bound non-stellar objects in or out of orbit around a star or star mechanism.,Astronomy,planetary framework; gravitationally bound; non-stellar objects; orbital mechanics
1018,Which of the following is correct? What is the origin of the radio emission observed from supernova remnants? carefully.,The radio emission from supernova remnants originates from high-velocity electrons oscillating within magnetic fields. This emission is a form of non-thermal emission called synchrotron emission.,Astrophysics,supernova remnants; synchrotron emission; non-thermal emission; magnetic fields; high-velocity electrons
1019,Determine the correct option: What is the proposed name for the field that is responsible for cosmic inflation and the metric expansion of space?,Inflaton,Cosmology,cosmic inflation; metric expansion; inflaton field; conformal cyclic cosmology
1020,Identify the correct statement: What is the definition of an improper rotation? based on the given context.,"An improper rotation is the combination of a rotation about an axis and reflection in a plane perpendicular to that axis, or inversion about a point on the axis. The order of the rotation and reflection does not matter, and the symmetry elements for improper rotation are the rotation axis, and either the mirror plane, the inversion point, or both.",Crystallography,improper rotation; symmetry elements; mirror plane; inversion point; rotation axis
1021,"Identify the correct statement: What is the ""ultraviolet catastrophe""? among the listed options.",It is the misbehavior of a formula for higher frequencies.,Quantum Physics,ultraviolet catastrophe; classical physics; electromagnetic radiation; energy distribution
1022,Which of the following is correct? What is the contrast between probability mass function (PMF) and probability density function (PDF)? from the following choices.,"PMF is used for discrete random variables, while PDF is used for continuous random variables.",Probability Theory,probability mass function; probability density function; random variables; continuous vs discrete distributions
1023,Determine the correct option: What is the significance of regularization in terms of renormalization problems in physics?,Regularizing the mass-energy of an electron with a finite radius is a means of demonstrating that a mechanism below a certain size can be explained without the need for further calculations. This approach can be applied to other renormalization problems as well.,Theoretical Physics,renormalization; regularization; mass-energy; singularities; quantum field theory
1024,Select the most accurate option: What is the variation between redshift due to the expansion of the universe and Doppler redshift? based on the given context.,"Redshift due to the expansion of the universe depends on the cosmological model chosen to describe the expansion of the universe, while Doppler redshift depends on the local velocity of the object emitting the light.",Cosmology,cosmological redshift; Doppler effect; scale factor; expansion of the universe
1025,"Select the most accurate option: How do the Lunar Laser Ranging Experiment, radar astronomy, and the Deep Space Network determine distances to the Moon, planets, and spacecraft? carefully.",They measure round-trip transit times.,Space Science,Lunar Laser Ranging; radar astronomy; round-trip transit time; Deep Space Network
1026,Which of the following is correct? What is the Optical Signal-to-Noise Ratio (OSNR)? from the following choices.,"The Optical Signal-to-Noise Ratio (OSNR) is the ratio between the signal power and the noise power in a given bandwidth, used to describe the signal quality without taking the receiver into account.",Optical Engineering,Optical Signal-to-Noise Ratio; signal power; noise power; dynamic range; bandwidth
1027,Determine the correct option: What is the term used to describe the conduction that occurs in non-crystalline semiconductors by charges quantum tunnelling from one localised site to another?,Variable range hopping,Solid State Physics,non-crystalline semiconductors; quantum tunnelling; variable range hopping; charge transport
1028,Select the most accurate option: What is the Maxwell's Demon thought experiment? from the following choices.,"A thought experiment in which a demon guards a microscopic trapdoor in a wall separating two parts of a container filled with the same gas at equal temperatures. The demon selectively allows faster-than-average molecules to pass from one side to the other, causing a lower in temperature in one part and an enhance in temperature in the other, contrary to the second law of thermodynamics.",Statistical Mechanics,Maxwell's Demon; second law of thermodynamics; entropy; kinetic theory of gases
1029,Determine the correct option: What is accelerator-based light-ion fusion?,"Accelerator-based light-ion fusion is a technique that uses particle accelerators to achieve particle kinetic energies sufficient to induce light-ion fusion reactions. This technique is relatively easy to implement and can be done in an efficient manner, requiring only a vacuum tube, a pair of electrodes, and a high-voltage transformer. Fusion can be observed with as little as 10 kV between the electrodes.",Nuclear Physics,accelerator-based fusion; light-ion fusion; particle kinetic energy; high-voltage transformer
1030,Which of the following is correct? What are the constituents of cold dark matter?,"They are unknown, but possibilities include large objects like MACHOs or new particles such as WIMPs and axions.",Astrophysics,cold dark matter; MACHOs; WIMPs; axions; Preon stars
1031,Determine the correct option: What is the explanation for the effective supersymmetry in quark-diquark models? from the following choices.,"Two different color charges close together appear as the corresponding anti-color under coarse resolution, which makes a diquark cluster viewed with coarse resolution effectively appear as an antiquark. Therefore, a baryon containing 3 valence quarks, of which two tend to cluster together as a diquark, behaves like a meson.",Particle Physics,quark-diquark models; effective supersymmetry; color charges; baryon structure
1032,What is the formalism that angular momentum is associated with in rotational invariance?,Angular momentum is the 2-form Noether charge associated with rotational invariance.,Theoretical Physics,Noether charge; rotational invariance; differential forms; angular momentum formalism
1033,Choose the correct answer: What is the significance of probability amplitudes in quantum mechanics? from the following choices.,"Probability amplitudes act as the equivalent of conventional probabilities in quantum mechanics, with many analogous laws.",Quantum Mechanics,probability amplitudes; wave function; quantum state; superposition principles
1034,Identify the correct statement: What is the most popular explanation for the shower-curtain effect? based on the given context.,Bernoulli's principle,Fluid Dynamics,Bernoulli's principle; pressure differential; fluid mechanics; aerodynamic effects
1035,Which of the following is correct? What is linear frame dragging? among the listed options.,"Linear frame dragging is the effect of the general principle of relativity applied to linear momentum, which is similarly inevitable to the rotational effect. It is a tiny effect that is difficult to confirm experimentally and often omitted from articles on frame-dragging.",General Relativity,frame dragging; rotational momentum; general principle of relativity; linear momentum; spacetime curvature
1036,Choose the correct answer: What is X-ray pulsar-based navigation (XNAV)?,"X-ray pulsar-based navigation (XNAV) is a navigation technique that uses the periodic X-ray signals emitted from pulsars to determine the location of a vehicle in deep space, such as a spacecraft.",Aerospace Engineering,X-ray pulsar-based navigation; deep space navigation; pulsar signals; spacecraft positioning
1037,Determine the correct option: What is the definition of Atomristor? based on the given context.,Atomristor is defined as the electrical devices showing memristive behavior in atomically thin nanomaterials or atomic sheets.,Nanoelectronics,memristive devices; MoOx/MoS2 heterostructure; memcapacitive effect; transition metal dichalcogenides
1038,"Which of the following is correct? What is the estimated redshift of CEERS-93316, a candidate high-redshift galaxy observed by the James Webb Space Telescope?","Approximately z = 16.7, corresponding to 235.8 million years after the Big Bang.",Observational Cosmology,redshift; high-redshift galaxy; James Webb Space Telescope; Big Bang chronology
1039,Determine the correct option: What is the relationship between interstellar and cometary chemistry? among the listed options.,"There is a possible connection between interstellar and cometary chemistry, as indicated by the similarity between interstellar and cometary ices and the analysis of organics from comet samples returned by the Stardust mission.",Astrochemistry,interstellar chemistry; cometary chemistry; organic molecules; Stardust mission; interstellar ices
1040,"Pick the best possible answer: What is a transient condensation cloud, also known as a Wilson cloud? among the listed options.","A visible cloud of microscopic water droplets that forms when a nuclear weapon or a large amount of a conventional explosive is detonated in humid air, due to a temporary cooling of the air caused by a rarefaction of the air surrounding the explosion.",Nuclear Physics,Wilson cloud; transient condensation; rarefaction; nuclear detonation; atmospheric physics
1041,Select the most accurate option: What is the isophotal diameter used for in measuring a galaxy's size? among the listed options.,The isophotal diameter is a conventional way of measuring a galaxy's size based on its apparent surface brightness.,Extragalactic Astronomy,isophotal diameter; apparent surface brightness; galactic morphology; observational cosmology
1042,Identify the correct statement: What is the relationship between chemical potential and quarks/antiquarks?,"Chemical potential, represented by μ, is a measure of the imbalance between quarks and antiquarks in a structure. Higher μ indicates a stronger bias favoring quarks over antiquarks.",Particle Physics,chemical potential; quarks; antiquarks; quantum chromodynamics; particle density
1043,Pick the best possible answer: What is the Liouville density? from the following choices.,The Liouville density is a probability distribution that specifies the probability of finding a particle at a certain position in phase space for a collection of particles.,Quantum Mechanics,Liouville density; phase space; quasiprobability distribution; quantum-mechanical interference
1044,Identify the correct statement: What is the significance of regularization in terms of renormalization problems in physics? carefully.,Regularizing the mass-energy of an electron with a finite radius is a means of demonstrating that a framework below a certain size can be explained without the need for further calculations. This approach can be applied to other renormalization problems as well.,Theoretical Physics,renormalization; regularization; mass-energy; singularities; quantum field theory
1045,Determine the correct option: What did Arthur Eddington discover about two of Einstein's types of gravitational waves? among the listed options.,"Arthur Eddington showed that two of Einstein's types of waves were artifacts of the coordinate framework he used, and could be made to propagate at any speed by choosing appropriate coordinates.",General Relativity,gravitational waves; coordinate framework; speed of gravity; Einsteinian physics
1046,"Which of the following is correct? Which of the following statements accurately describes the impact of Modified Newtonian Dynamics (MOND) on the observed ""missing baryonic mass"" discrepancy in galaxy clusters? based on the given context.",MOND is a framework that reduces the discrepancy between the observed missing baryonic mass in galaxy clusters and the measured velocity dispersions from a factor of around 10 to a factor of about 2.,Astrophysics,Modified Newtonian Dynamics; baryonic mass; velocity dispersions; galaxy clusters
1047,Determine the correct option: What is the purpose of obtaining surgical resection specimens? carefully.,"To remove an entire diseased area or organ for definitive surgical treatment of a disease, with pathological analysis of the specimen used to confirm the diagnosis.",Surgical Pathology,surgical resection; pathological analysis; tissue specimens; definitive surgical treatment
1048,What is a trophic level in an ecological pyramid?,A group of organisms that acquire most of their energy from the level below them in the pyramid.,Ecology,trophic level; ecological pyramid; energy flow; food chain dynamics
1049,Identify the correct statement: What is a planetary framework? among the listed options.,Any set of gravitationally bound non-stellar objects in or out of orbit around a star or star mechanism.,Planetary Science,planetary framework; gravitationally bound objects; non-stellar objects; orbital mechanics
1050,Determine the correct option: Which of the following statements is true about the categorization of planetary frameworks according to their orbital dynamics? from the following choices.,"Planetary mechanisms can be categorized as resonant, non-resonant-interacting, hierarchical, or some combination of these.",Celestial Mechanics,orbital dynamics; planetary frameworks; resonant structures; hierarchical systems
1051,Which of the following is correct? What is the reason for recycling rare metals according to the United Nations?,"The demand for rare metals will quickly exceed the consumed tonnage in 2013, and recycling rare metals with a worldwide production lower than 100 000 t/year is urgent and priority should be placed on it in order to conserve natural resources and energy.",Resource Economics,rare metal recycling; resource conservation; production tonnage; sustainable development
1052,Pick the best possible answer: What is a planetary structure? based on the given context.,Any set of gravitationally bound non-stellar objects in or out of orbit around a star or star framework.,Astrophysics,planetary structure; gravitationally bound; non-stellar objects; orbital mechanics
1053,Choose the correct answer: What is the effect generated by a spinning superconductor? from the following choices.,"A magnetic field, precisely aligned with the spin axis.",Condensed Matter Physics,superconductor; magnetic field; spin axis; quantum mechanics
1054,Select the most accurate option: What is the metallicity of Kapteyn's star estimated to be? based on the given context.,8 times less than the Sun,Astrophysics,stellar metallicity; Kapteyn's star; stellar composition; astronomical measurements
1055,Identify the correct statement: What is the reason for the stochastic nature of all observed resistance-switching processes? from the following choices.,"The device is subjected to random thermal fluctuations, which trigger the switching event, but it is impossible to predict when it will occur.",Neuromorphic Engineering,resistance-switching processes; stochasticity; free-energy barriers; thermal fluctuations; memristive devices
1056,Identify the correct statement: What is the proper distance for a redshift of 8.2? from the following choices.,"The proper distance for a redshift of 8.2 is about 9.2 Gpc, or about 30 billion light-years.",Cosmology,proper distance; redshift; gigaparsecs; expansion of the universe
1057,Choose the correct answer: What is the reason for the stochastic nature of all observed resistance-switching processes? among the listed options.,"The device is subjected to random thermal fluctuations, which trigger the switching event, but it is impossible to predict when it will occur.",Neuromorphic Engineering,resistance-switching processes; stochasticity; free-energy barriers; thermal fluctuations; memristive devices
1058,Pick the best possible answer: What is the Optical Signal-to-Noise Ratio (OSNR)? among the listed options.,"The Optical Signal-to-Noise Ratio (OSNR) is the ratio between the signal power and the noise power in a given bandwidth, used to describe the signal quality without taking the receiver into account.",Optical Engineering,Optical Signal-to-Noise Ratio; signal power; noise power; dynamic range; bandwidth
1059,Which of the following is correct? What is the Minkowski diagram used for? carefully.,The Minkowski diagram is used to define concepts and demonstrate properties of Lorentz transformations and to provide geometrical interpretation to the generalization of Newtonian mechanics to relativistic mechanics.,Theoretical Physics,Minkowski diagram; Lorentz transformations; special relativity; relativistic mechanics
1060,Which of the following is correct? What is the Roche limit? carefully.,The Roche limit is the distance at which tidal effects would cause an object to disintegrate since differential force from a planet overcomes the attraction of the parts between them.,Astrophysics,Roche limit; tidal forces; celestial mechanics; gravitational disintegration
1061,"Which of the following is correct? What is the reason behind the designation of Class L dwarfs, and what is their color and composition? from the following choices.","Class L dwarfs are cooler than M stars and are designated L because L is the remaining letter alphabetically closest to M. They are dark red in color and are brightest in infrared. Their atmosphere is cool enough to allow metal hydrides and alkali metals to be prominent in their spectra. Some of these objects have masses large enough to support hydrogen fusion and are therefore stars, but most are of substellar mass and are therefore brown dwarfs.",Astrophysics,Class L dwarfs; substellar mass; brown dwarfs; metal hydrides; hydrogen fusion
1062,Choose the correct answer: What is the Penrose process? based on the given context.,"The Penrose process is a mechanism through which objects can emerge from the ergosphere with more energy than they entered with, taking extra energy from the rotational energy of the black hole and slowing down its rotation.",Astrophysics,Penrose process; ergosphere; rotational energy; black hole dynamics
1063,Pick the best possible answer: What is the most popular explanation for the shower-curtain effect? among the listed options.,Bernoulli's principle,Fluid Dynamics,Bernoulli's principle; pressure differential; fluid mechanics; aerodynamic effects
1064,Choose the correct answer: What is the Optical Signal-to-Noise Ratio (OSNR)? carefully.,"The Optical Signal-to-Noise Ratio (OSNR) is the ratio between the signal power and the noise power in a given bandwidth, used to describe the signal quality without taking the receiver into account.",Optical Engineering,Optical Signal-to-Noise Ratio; signal power; noise power; dynamic range; bandwidth
1065,Choose the correct answer: Who published the first principle that was able to encompass previously separate field theories to provide a unifying principle of electromagnetism? carefully.,Maxwell,Theoretical Physics,Maxwell's equations; electromagnetism; unified field theory; classical electrodynamics
1066,Pick the best possible answer: What is the Minkowski diagram used for? based on the given context.,The Minkowski diagram is used to define concepts and demonstrate properties of Lorentz transformations and to provide geometrical interpretation to the generalization of Newtonian mechanics to relativistic mechanics.,Theoretical Physics,Minkowski diagram; Lorentz transformations; special relativity; relativistic mechanics
1067,Determine the correct option: What is spatial dispersion? among the listed options.,Spatial dispersion is a phenomenon in the physics of continuous media where material parameters such as permittivity or conductivity have dependence on wavevector. It represents spreading effects and is usually significant only at microscopic length scales.,Condensed Matter Physics,spatial dispersion; permittivity; wavevector dependence; continuous media; material parameters
1068,Identify the correct statement: What is the required excess quark per billion quark-antiquark pairs in the early universe in order to provide all the observed matter in the universe? based on the given context.,One,Particle Physics,quark-antiquark pairs; baryogenesis; early universe; matter asymmetry
1069,Pick the best possible answer: What is spontaneous symmetry breaking?,"Spontaneous symmetry breaking occurs when the action of a concept has a symmetry, but the vacuum state violates this symmetry. In that case, there will exist a local operator that is non-invariant under the symmetry, giving it a nonzero vacuum expectation value.",Theoretical Physics,spontaneous symmetry breaking; vacuum expectation value; local operator; gauge symmetry
1070,Pick the best possible answer: What is the Erlangen program?,"The Erlangen program is a procedure of characterizing geometries based on group principle and projective geometry, published by Felix Klein in 1872 as Vergleichende Betrachtungen über neuere geometrische Forschungen.",Geometry Theory,Erlangen program; group principle; projective geometry; Felix Klein
1071,Identify the correct statement: What is the relationship between the Hamiltonians and eigenstates in supersymmetric quantum mechanics? among the listed options.,"For every eigenstate of one Hamiltonian, its partner Hamiltonian has a corresponding eigenstate with the same energy.",Quantum Mechanics,supersymmetric quantum mechanics; Hamiltonians; eigenstates; energy degeneracy
1072,Which of the following is correct? What is the isophotal diameter used for in measuring a galaxy's size? among the listed options.,The isophotal diameter is a conventional way of measuring a galaxy's size based on its apparent surface brightness.,Extragalactic Astronomy,isophotal diameter; surface brightness; galactic morphology; observational astronomy
1073,Determine the correct option: What is the isophotal diameter used for in measuring a galaxy's size? among the listed options.,The isophotal diameter is a conventional way of measuring a galaxy's size based on its apparent surface brightness.,Extragalactic Astronomy,isophotal diameter; apparent surface brightness; galactic morphology; observational cosmology
1074,Identify the correct statement: What is the relationship between the Wigner function and the density matrix operator? carefully.,"The Wigner function W(x, p) is the Wigner transform of the density matrix operator ρ̂, and the trace of an operator with the density matrix Wigner-transforms to the equivalent phase-space integral overlap of g(x,p) with the Wigner function.",Quantum Mechanics,Wigner function; density matrix operator; phase-space integral; Moyal bracket; Wigner transform
1075,Choose the correct answer: What is the Droste effect? among the listed options.,"The Droste effect is a recursive image effect in which a picture appears within itself in a place where a similar picture would realistically be expected to appear. This creates a loop that can continue as far as the image's resolution allows, and is named after a Dutch brand of cocoa.",Visual Arts & Optics,Droste effect; recursive imagery; self-referential images; optical illusion
1076,Pick the best possible answer: What is X-ray pulsar-based navigation (XNAV)? among the listed options.,"X-ray pulsar-based navigation (XNAV) is a navigation technique that uses the periodic X-ray signals emitted from pulsars to determine the location of a vehicle in deep space, such as a spacecraft.",Aerospace Engineering,X-ray pulsar-based navigation; deep space navigation; pulsar signals; celestial positioning
1077,Select the most accurate option: What are the two main factors that cause resistance in a metal? based on the given context.,"The amount of resistance in a metal is mainly caused by the temperature and the purity of the metal. Higher temperatures cause bigger vibrations, and a mixture of different ions acts as an irregularity.",Materials Science,electrical resistance; metallic purity; thermal vibration; ionic irregularities
1078,Pick the best possible answer: What is the Ozma Problem? among the listed options.,"The Ozma Problem is a conundrum that examines whether there is any fundamental asymmetry to the universe. It concerns various aspects of atomic and subatomic physics and how they relate to mirror asymmetry and the related concepts of chirality, antimatter, magnetic and electrical polarity, parity, charge and spin.",Theoretical Physics,Ozma Problem; time invariance; mirror asymmetry; chirality; parity violation
1079,What is the relevant type of coherence for the Young's double-slit interferometer?,Diameter of the coherence area (Ac),Wave Optics,Young's double-slit interferometer; spatial coherence; visibility; coherence length
1080,Choose the correct answer: What is the reason for the formation of stars exclusively within molecular clouds? from the following choices.,"The low temperatures and high densities of molecular clouds cause the gravitational force to exceed the internal pressures that are acting ""outward"" to prevent a collapse.",Astrophysics,stellar formation; molecular clouds; gravitational collapse; hydrostatic equilibrium
1081,Pick the best possible answer: Which of the following statements accurately describes the origin and significance of the triskeles symbol? carefully.,"The triskeles symbol was reconstructed as a feminine divine triad by the rulers of Syracuse, and later adopted as an emblem. Its usage may also be related to the Greek name of Sicily, Trinacria, which means ""having three headlands."" The head of Medusa at the center of the Sicilian triskeles represents the three headlands.",Cultural History,triskeles symbol; Trinacria; Syracuse; feminine divine triad; Sicilian heraldry
1082,Select the most accurate option: What is the reason for the sun appearing slightly yellowish when viewed from Earth? among the listed options.,"The longer wavelengths of light, such as red and yellow, are not scattered away and are directly visible when looking towards the sun.",Atmospheric Optics,Rayleigh scattering; light wavelength; atmospheric refraction; spectral absorption
1083,Which of the following is correct? What is the main focus of the Environmental Science Center at Qatar University? carefully.,"Environmental studies, with a main focus on marine science, atmospheric and biological sciences.",Environmental Science,marine science; atmospheric sciences; environmental studies; biological sciences
1084,What is the significance of the high degree of fatty-acyl disorder in the thylakoid membranes of plants?,The high degree of fatty-acyl disorder in the thylakoid membranes of plants allows for innate fluidity even at relatively low temperatures.,Plant Biochemistry,thylakoid membranes; fatty-acyl disorder; membrane fluidity; gel-to-liquid crystalline phase transition
1085,Identify the correct statement: What is the significance of regularization in terms of renormalization problems in physics? based on the given context.,Regularizing the mass-energy of an electron with a finite radius is a means of demonstrating that a structure below a certain size can be explained without the need for further calculations. This approach can be applied to other renormalization problems as well.,Theoretical Physics,renormalization; regularization; mass-energy; singularities; quantum field theory
1086,Choose the correct answer: What is the most popular explanation for the shower-curtain effect? carefully.,Bernoulli's principle,Fluid Dynamics,Bernoulli's principle; pressure differential; fluid velocity; aerodynamic effects
1087,Identify the correct statement: What is the Ozma Problem? among the listed options.,"The Ozma Problem is a conundrum that examines whether there is any fundamental asymmetry to the universe. It concerns various aspects of atomic and subatomic physics and how they relate to mirror asymmetry and the related concepts of chirality, antimatter, magnetic and electrical polarity, parity, charge and spin.",Theoretical Physics,Ozma Problem; mirror asymmetry; chirality; parity; time invariance
1088,"Identify the correct statement: Which hand should be used to apply the right-hand rule when tightening or loosening nuts, screws, bolts, bottle caps, and jar lids? among the listed options.",The right hand,Mechanical Engineering,right-hand rule; torque application; mechanical fasteners; rotational mechanics
1089,Choose the correct answer: What is the role of IL-10 in the formation of Tr1 cells and tolerogenic DCs? carefully.,"IL-10 induces the formation of Tr1 cells and tolerogenic DCs, which are dependent on IL-10 and TGF-β, but differ from Tregs by lacking expression of Foxp3. Tr1 cells produce high levels of IL-10 and TGF-β, while tolerogenic DCs produce IL-10 that is significant for Tr1 formation.",Immunology,IL-10; Tr1 cells; tolerogenic DCs; Foxp3; TGF-β
1090,Which of the following is correct? What is the isophotal diameter used for in measuring a galaxy's size? carefully.,The isophotal diameter is a conventional way of measuring a galaxy's size based on its apparent surface brightness.,Extragalactic Astronomy,isophotal diameter; surface brightness; galactic morphology; observational astronomy
1091,Determine the correct option: What is the distinction between the coevolution of myrmecophytes and the mutualistic symbiosis of mycorrhiza? among the listed options.,"Myrmecophytes coevolve with ants, providing them with a home and sometimes food, while the ants defend the plant from herbivores and competing plants. On the other hand, mycorrhiza is a mutualistic symbiosis between plants and fungi, where the fungi help the plants gain water and mineral nutrients from the soil, while the plant gives the fungi carbohydrates manufactured in photosynthesis.",Evolutionary Ecology,myrmecophytes; mutualistic symbiosis; mycorrhiza; coevolutionary dynamics
1092,"Pick the best possible answer: What are amorphous ferromagnetic metallic alloys, and what are their advantages? carefully.","Amorphous ferromagnetic metallic alloys are non-crystalline alloys that can be made by rapidly cooling a liquid alloy. Their properties are nearly isotropic, resulting in low coercivity, low hysteresis loss, high permeability, and high electrical resistivity.",Materials Science,amorphous ferromagnetic metallic alloys; non-crystalline alloys; coercivity; hysteresis loss; electrical resistivity
1093,What is the reason that Newton's second law cannot be used to calculate the development of a physical system in quantum mechanics?,"The existence of particle spin, which is angular momentum that cannot be described by the cumulative effect of point-like motions in space.",Quantum Mechanics,particle spin; angular momentum; linear momentum; quantum dynamics
1094,What is Hesse's principle of transfer in geometry?,"Hesse's principle of transfer is a concept in geometry that states that if the points of the projective line P1 are depicted by a rational normal curve in Pn, then the group of the projective transformations of Pn that preserve the curve is isomorphic to the group of the projective transformations of P1.",Projective Geometry,Hesse's principle of transfer; rational normal curve; projective transformations; isomorphic groups
1095,Pick the best possible answer: What is the gravitomagnetic interaction?,"The gravitomagnetic interaction is a new force of nature generated by rotating matter, whose intensity is proportional to the rate of spin, according to the general principle of relativity.",General Relativity,gravitomagnetic interaction; rotating matter; general principle of relativity; gravitational permeability
1096,Identify the correct statement: What is the propagation constant in sinusoidal waves? from the following choices.,The propagation constant is a complex number that varies with distance due to the phase change in the sinusoidal wave.,Wave Physics,propagation constant; sinusoidal waves; phase change; complex numbers
1097,Which of the following is correct? What is the synapstor or synapse transistor? among the listed options.,A device used to demonstrate a neuro-inspired circuit that shows long-term potentiation for learning and inactivity-based forgetting.,Neuromorphic Engineering,synapse transistor; short-term potentiation; neuro-inspired circuits; activity-based forgetting
1098,Identify the correct statement: What is the Maxwell's Demon thought experiment? based on the given context.,"A thought experiment in which a demon guards a microscopic trapdoor in a wall separating two parts of a container filled with the same gas at equal temperatures. The demon selectively allows faster-than-average molecules to pass from one side to the other, causing a lower in temperature in one part and an boost in temperature in the other, contrary to the second law of thermodynamics.",Thermodynamics,Maxwell's Demon; second law of thermodynamics; entropy; statistical mechanics
1099,Pick the best possible answer: What was the aim of the Gravity Probe B (GP-B) mission? carefully.,"To measure spacetime curvature near Earth, with particular emphasis on gravitomagnetism.",General Relativity,Gravity Probe B; gravitomagnetism; spacetime curvature; de Sitter precession; geodetic effect
1100,Pick the best possible answer: What is the revised view of the atmosphere's nature based on the time-varying multistability that is associated with the modulation of large-scale processes and aggregated feedback of small-scale processes? based on the given context.,"The atmosphere possesses both chaos and order, including emerging organized frameworks and time-varying forcing from recurrent seasons.",Atmospheric Science,time-varying multistability; aggregated feedback; large-scale processes; chaotic dynamics; organized frameworks
1101,Which of the following is correct? What is the main factor that determines the occurrence of each type of supernova?,The progenitor star's metallicity,Astrophysics,supernova types; progenitor star; stellar metallicity; stellar evolution
1102,Which of the following is correct? What is the Peierls bracket in canonical quantization? from the following choices.,The Peierls bracket is a Poisson bracket derived from the action in the canonical quantization technique that converts the quotient algebra into a Poisson algebra.,Theoretical Physics,Peierls bracket; canonical quantization; Poisson algebra; quotient algebra; action principle
1103,What is the American Petroleum Institute (API) gravity?,API gravity is a measure of how heavy or light a petroleum liquid is compared to water. It is an inverse measure of a petroleum liquid's density relative to that of water and is graduated in degrees on a hydrometer instrument.,Petroleum Engineering,API gravity; petroleum density; hydrometer measurement; fluid viscosity
1104,Pick the best possible answer: What is organography?,Organography is the scientific description of the structure and function of the organs of living things.,Plant Morphology,organography; apical meristems; botanical structure; organ development
1105,Pick the best possible answer: What is radiometric dating? based on the given context.,"Radiometric dating is a approach of measuring geological time using radioactive decay, discovered in the early 20th century.",Geochronology,radiometric dating; radioactive decay; geological time; isotopic dating
1106,What is the purpose of obtaining surgical resection specimens?,"To remove an entire diseased area or organ for definitive surgical treatment of a disease, with pathological analysis of the specimen used to confirm the diagnosis.",Surgical Pathology,surgical resection; pathological analysis; definitive surgical treatment; tissue specimens
1107,"Choose the correct answer: What is a transient condensation cloud, also known as a Wilson cloud? based on the given context.","A visible cloud of microscopic water droplets that forms when a nuclear weapon or a large amount of a conventional explosive is detonated in humid air, due to a temporary cooling of the air caused by a rarefaction of the air surrounding the explosion.",Nuclear Physics,transient condensation cloud; Wilson cloud; rarefaction; nuclear detonation; atmospheric physics
1108,Pick the best possible answer: What is the significance of the high degree of fatty-acyl disorder in the thylakoid membranes of plants? among the listed options.,The high degree of fatty-acyl disorder in the thylakoid membranes of plants allows for innate fluidity even at relatively low temperatures.,Plant Biochemistry,thylakoid membranes; fatty-acyl disorder; membrane fluidity; gel-to-liquid crystalline phase transition
1109,Determine the correct option: What is X-ray pulsar-based navigation (XNAV)? among the listed options.,"X-ray pulsar-based navigation (XNAV) is a navigation technique that uses the periodic X-ray signals emitted from pulsars to determine the location of a vehicle in deep space, such as a spacecraft.",Aerospace Engineering,X-ray pulsar-based navigation; deep space navigation; pulsar signals; spacecraft positioning
1110,Pick the best possible answer: What is the Josephson effect?,"The Josephson effect is a phenomenon exploited by superconducting devices such as SQUIDs. It is used in the most accurate available measurements of the magnetic flux quantum Φ0 = h/(2e), where h is the Planck constant.",Quantum Physics,Josephson effect; SQUIDs; magnetic flux quantum; Planck constant; superconductivity
1111,Which of the following is correct? What is the significance of the high degree of fatty-acyl disorder in the thylakoid membranes of plants? carefully.,The high degree of fatty-acyl disorder in the thylakoid membranes of plants allows for innate fluidity even at relatively low temperatures.,Plant Biochemistry,thylakoid membranes; fatty-acyl disorder; membrane fluidity; gel-to-liquid crystalline phase transition
1112,Which of the following is correct? What are the Navier-Stokes equations? based on the given context.,"The Navier-Stokes equations are partial differential equations that describe the motion of viscous fluid substances, expressing momentum balance and conservation of mass for Newtonian fluids.",Fluid Dynamics,Navier-Stokes equations; partial differential equations; momentum balance; Newtonian fluids; viscous fluid substances
1113,Pick the best possible answer: What is the decay energy for the free neutron decay process? among the listed options.,0.782343 MeV,Nuclear Physics,free neutron decay; decay energy; beta decay; nuclear transmutation
1114,Which of the following is correct? Who was the first to determine the velocity of a star moving away from the Earth using the Doppler effect? from the following choices.,William Huggins,Astrophysics,Doppler effect; stellar velocity; Fraunhofer lines; astronomical spectroscopy
1115,Choose the correct answer: Who was the first to determine the velocity of a star moving away from the Earth using the Doppler effect? from the following choices.,William Huggins,Astrophysics,Doppler effect; stellar velocity; redshift; observational astronomy
1116,Identify the correct statement: What is the relationship between interstellar and cometary chemistry? from the following choices.,"There is a possible connection between interstellar and cometary chemistry, as indicated by the similarity between interstellar and cometary ices and the analysis of organics from comet samples returned by the Stardust mission.",Astrochemistry,interstellar chemistry; cometary chemistry; organic molecules; Stardust mission; interstellar ices
1117,Select the most accurate option: What is water hammer? based on the given context.,"Water hammer is a loud banging noise resembling a hammering sound that occurs when moving water is suddenly stopped, causing a rise in pressure and resulting shock wave.",Fluid Dynamics,water hammer; pressure surge; shock wave; hydraulic transients
1118,Pick the best possible answer: What is the significance of the high degree of fatty-acyl disorder in the thylakoid membranes of plants? based on the given context.,The high degree of fatty-acyl disorder in the thylakoid membranes of plants allows for innate fluidity even at relatively low temperatures.,Plant Biochemistry,thylakoid membranes; fatty-acyl disorder; membrane fluidity; gel-to-liquid crystalline phase transition
1119,"Pick the best possible answer: Which hand should be used to apply the right-hand rule when tightening or loosening nuts, screws, bolts, bottle caps, and jar lids? based on the given context.",The right hand,Mechanical Engineering,right-hand rule; torque application; fastener mechanics; mechanical assembly
1120,Pick the best possible answer: What is the reason for recycling rare metals according to the United Nations? from the following choices.,"The demand for rare metals will quickly exceed the consumed tonnage in 2013, and recycling rare metals with a worldwide production lower than 100 000 t/year is urgent and priority should be placed on it in order to conserve natural resources and energy.",Resource Economics,rare metal recycling; resource conservation; production tonnage; sustainable development
1121,Choose the correct answer: What is the role of methane in Fischer-Tropsch processes? from the following choices.,Methane is partially converted to carbon monoxide for utilization in Fischer-Tropsch processes.,Chemical Engineering,Fischer-Tropsch process; methane conversion; carbon monoxide synthesis; catalytic chemistry
1122,What is the SI base unit of time and how is it defined?,"The SI base unit of time is the second, which is defined by measuring the electronic transition frequency of caesium atoms.",Metrology,SI base units; caesium atom transition; time measurement; international system of units
1123,Pick the best possible answer: What is the origin of the permanent moment in paramagnetism? based on the given context.,The permanent moment is generally due to the spin of unpaired electrons in atomic or molecular electron orbitals.,Quantum Magnetism,paramagnetism; unpaired electrons; magnetic moments; angular momentum; dipole interaction
1124,Select the most accurate option: Which mathematical function is commonly used to characterize linear time-invariant frameworks? carefully.,Transfer function,Control Systems Engineering,linear time-invariant; transfer function; system dynamics; signal processing
1125,Determine the correct option: What is the origin of the radio emission observed from supernova remnants? among the listed options.,The radio emission from supernova remnants originates from high-velocity electrons oscillating within magnetic fields. This emission is a form of non-thermal emission called synchrotron emission.,Astrophysics,supernova remnants; synchrotron emission; non-thermal emission; magnetic fields; high-velocity electrons
1126,Determine the correct option: What is the main focus of cryogenic and noble liquid detectors in dark matter experiments? carefully.,Distinguishing background particles from dark matter particles by detecting the heat produced when a particle hits an atom in a crystal absorber or the scintillation produced by a particle collision in liquid xenon or argon.,Particle Physics,cryogenic detectors; noble liquid detectors; scintillation; interaction cross section; dark matter detection
1127,Choose the correct answer: What did Newton's manuscripts of the 1660s show? among the listed options.,Newton combined tangential motion with the effects of radially directed force or endeavour and expressed the concept of linear inertia.,History Of Science,Newton's manuscripts; tangential motion; radially directed force; linear inertia; inverse square law
1128,"Choose the correct answer: Which of the following statements accurately depicts the relationship between Gauss's law, electric flux, electric field, and symmetry in electric fields? carefully.","Gauss's law holds in all cases, but it is most useful for calculations involving symmetric electric fields, like those with spherical or cylindrical symmetry, as they allow for simpler algebraic manipulations. Electric flux is not affected by distant charges outside the closed surface, whereas the net electric field, E, can be influenced by any charges positioned outside of the closed surface. In SI base units, the electric flux is expressed as kg·m3·s−3·A−1.",Electromagnetism,Gauss's law; electric flux; spherical symmetry; cylindrical symmetry; SI fundamental quantities
1129,Determine the correct option: What is the role of IL-10 in the formation of Tr1 cells and tolerogenic DCs? among the listed options.,"IL-10 induces the formation of Tr1 cells and tolerogenic DCs, which are dependent on IL-10 and TGF-β, but differ from Tregs by lacking expression of Foxp3. Tr1 cells produce high levels of IL-10 and TGF-β, while tolerogenic DCs produce IL-10 that is significant for Tr1 formation.",Immunology,IL-10; Tr1 cells; tolerogenic DCs; Foxp3 expression; TGF-β signaling
1130,What is the information loss paradox in black holes?,"Black holes have only a few internal parameters, so most of the information about the matter that went into forming the black hole is lost. Regardless of the type of matter which goes into a black hole, it appears that only information concerning the total mass, charge, and angular momentum are conserved. As black holes evaporate by emitting Hawking radiation, the information is lost forever.",Theoretical Physics,information loss paradox; Hawking radiation; black hole evaporation; quantum mechanics
1131,Pick the best possible answer: What is the information loss paradox in black holes? among the listed options.,"Black holes have only a few internal parameters, so most of the information about the matter that went into forming the black hole is lost. Regardless of the type of matter which goes into a black hole, it appears that only information concerning the total mass, charge, and angular momentum are conserved. As black holes evaporate by emitting Hawking radiation, the information is lost forever.",Theoretical Physics,information loss paradox; Hawking radiation; black hole evaporation; quantum mechanics
1132,Pick the best possible answer: What is the term used to describe the proportionality factor to the Stefan-Boltzmann law that is utilized in subsequent evaluations of the radiative behavior of grey bodies? from the following choices.,Emissivity,Thermodynamics,Stefan-Boltzmann law; grey bodies; emissivity; radiative behavior; black-body radiation
1133,Select the most accurate option: Who was Giordano Bruno? among the listed options.,An Italian philosopher who supported the Copernican concept that Earth and other planets orbit the Sun and believed that fixed stars are similar to the Sun and have planets orbiting them.,History Of Science,Giordano Bruno; Copernican concept; heliocentrism; Renaissance philosophy
1134,Choose the correct answer: What is accelerator-based light-ion fusion? carefully.,"Accelerator-based light-ion fusion is a technique that uses particle accelerators to achieve particle kinetic energies sufficient to induce light-ion fusion reactions. This procedure is relatively easy to implement and can be done in an efficient manner, requiring only a vacuum tube, a pair of electrodes, and a high-voltage transformer. Fusion can be observed with as little as 10 kV between the electrodes.",Nuclear Physics,accelerator-based fusion; light-ion fusion; particle kinetic energy; high-voltage transformer
1135,"Select the most accurate option: What is the reason behind the designation of Class L dwarfs, and what is their color and composition? carefully.","Class L dwarfs are cooler than M stars and are designated L because L is the remaining letter alphabetically closest to M. They are dark red in color and are brightest in infrared. Their atmosphere is cool enough to allow metal hydrides and alkali metals to be prominent in their spectra. Some of these objects have masses large enough to support hydrogen fusion and are therefore stars, but most are of substellar mass and are therefore brown dwarfs.",Astrophysics,Class L dwarfs; substellar mass; hydrogen fusion; metal hydrides; brown dwarfs
1136,What is X-ray pulsar-based navigation (XNAV)?,"X-ray pulsar-based navigation (XNAV) is a navigation technique that uses the periodic X-ray signals emitted from pulsars to determine the location of a vehicle in deep space, such as a spacecraft.",Aerospace Engineering,X-ray pulsar-based navigation; deep space navigation; pulsar signals; spacecraft positioning
1137,Choose the correct answer: Which of the following is an accurate definition of dynamic scaling in self-similar mechanisms?,"Dynamic scaling refers to the evolution of self-similar structures, where data obtained from snapshots at fixed times exhibits similarity to the respective data taken from snapshots of any earlier or later time. This similarity is tested by a certain time-dependent stochastic variable x.",Statistical Physics,dynamic scaling; self-similar mechanisms; stochastic variables; time-dependent evolution
1138,Pick the best possible answer: What is the term used in astrophysics to describe light-matter interactions resulting in energy shifts in the radiation field?,Reddening,Astrophysics,light-matter interactions; energy shifts; blueshifting; redshifting
1139,Which of the following is correct? What is the purpose of measuring the Larmor precession fields at about 100 microtesla with highly sensitive superconducting quantum interference devices (SQUIDs) in ultra-low field MRI? based on the given context.,"To obtain sufficient signal quality in the microtesla-to-millitesla range, where MRI has been demonstrated recently.",Magnetic Resonance Imaging,Larmor precession; superconducting quantum interference devices; ultra-low field MRI; T1 relaxation; magnetization measurement
1140,Which of the following is correct? What is the variation between natural convection and forced convection? based on the given context.,"Natural convection occurs when a fluid is in contact with a hot surface, causing the fluid to be less dense and displaced, while forced convection is when a fluid is forced to flow over the surface by an internal source such as fans, stirring, and pumps.",Fluid Dynamics,natural convection; forced convection; heat transfer; fluid flow; density displacement
1141,Pick the best possible answer: What is the variation between natural convection and forced convection? from the following choices.,"Natural convection occurs when a fluid is in contact with a hot surface, causing the fluid to be less dense and displaced, while forced convection is when a fluid is forced to flow over the surface by an internal source such as fans, stirring, and pumps.",Fluid Dynamics,natural convection; forced convection; heat transfer; fluid flow; buoyancy-driven flow
1142,Which of the following statements is true about the categorization of planetary systems according to their orbital dynamics?,"Planetary systems can be categorized as resonant, non-resonant-interacting, hierarchical, or some combination of these.",Celestial Mechanics,orbital dynamics; resonant systems; hierarchical systems; non-resonant-interacting
1143,Pick the best possible answer: What is the reason behind the adoption of a logarithmic scale of 5√100 ≈ 2.512 between magnitudes in astronomy? among the listed options.,The logarithmic scale was adopted to ensure that five magnitude steps corresponded precisely to a factor of 100 in brightness.,Astrophysics,logarithmic scale; stellar magnitude; apparent brightness; astronomical measurements
1144,Determine the correct option: What is the result of the collapse of a cavitation bubble?,"The collapse of a cavitation bubble causes a sharp enhance in pressure and temperature of the vapor within, releasing a significant amount of energy in the form of an acoustic shock wave and visible light.",Fluid Dynamics,cavitation bubble; acoustic shock wave; vapor implosion; pressure-temperature spikes
1145,"Determine the correct option: Who proposed the concept of ""maximal acceleration""? based on the given context.",Eduardo R. Caianiello,Theoretical Physics,maximal acceleration; quantum gravity; Caianiello's theory; spacetime geometry
1146,What is the decay energy for the free neutron decay process?,0.782343 MeV,Nuclear Physics,free neutron decay; decay energy; nuclear transmutation; MeV units
1147,Identify the correct statement: What is the Evans balance? based on the given context.,The Evans balance is a mechanism used to measure the susceptibility of a sample by measuring the force change on a strong compact magnet upon insertion of the sample.,Magnetic Resonance Physics,Evans balance; magnetic susceptibility; NMR frequency; magnetic field distortion
1148,Identify the correct statement: What is the reason for the stochastic nature of all observed resistance-switching processes?,"The device is subjected to random thermal fluctuations, which trigger the switching event, but it is impossible to predict when it will occur.",Neuromorphic Engineering,resistance-switching processes; stochasticity; free-energy barriers; thermal fluctuations; memristive devices
1149,Which of the following is correct? What is the definition of an improper rotation?,"An improper rotation is the combination of a rotation about an axis and reflection in a plane perpendicular to that axis, or inversion about a point on the axis. The order of the rotation and reflection does not matter, and the symmetry elements for improper rotation are the rotation axis, and either the mirror plane, the inversion point, or both.",Crystallography,improper rotation; symmetry elements; mirror plane; inversion point; rotation axis
1150,Pick the best possible answer: What is radiometric dating? among the listed options.,"Radiometric dating is a approach of measuring geological time using radioactive decay, discovered in the early 20th century.",Geochronology,radiometric dating; radioactive decay; geological time; isotopic analysis
1151,What was the aim of the Gravity Probe B (GP-B) mission?,"To measure spacetime curvature near Earth, with particular emphasis on gravitomagnetism.",General Relativity,gravitomagnetism; spacetime curvature; de Sitter precession; geodetic effect
1152,Determine the correct option: What is the Liouville density? among the listed options.,The Liouville density is a probability distribution that specifies the probability of finding a particle at a certain position in phase space for a collection of particles.,Quantum Mechanics,Liouville density; phase space; quasiprobability distribution; quantum-mechanical interference
1153,Select the most accurate option: How many crystallographic point groups are there in three-dimensional space? based on the given context.,32,Crystallography,crystallographic point groups; three-dimensional space; symmetry operations; crystal systems
1154,Identify the correct statement: What is the significance of regularization in terms of renormalization problems in physics? carefully.,Regularizing the mass-energy of an electron with a finite radius is a means of demonstrating that a structure below a certain size can be explained without the need for further calculations. This approach can be applied to other renormalization problems as well.,Theoretical Physics,renormalization; regularization; mass-energy; singularities; quantum field theory
1155,Choose the correct answer: What is the relationship between the Wigner function and the density matrix operator? based on the given context.,"The Wigner function W(x, p) is the Wigner transform of the density matrix operator ρ̂, and the trace of an operator with the density matrix Wigner-transforms to the equivalent phase-space integral overlap of g(x,p) with the Wigner function.",Quantum Mechanics,Wigner function; density matrix operator; phase-space integral; Moyal bracket
1156,Pick the best possible answer: What is the Peierls bracket in canonical quantization? from the following choices.,The Peierls bracket is a Poisson bracket derived from the action in the canonical quantization procedure that converts the quotient algebra into a Poisson algebra.,Theoretical Physics,Peierls bracket; canonical quantization; Poisson algebra; quotient algebra; Hamiltonian mechanics
1157,Pick the best possible answer: What is the gravitomagnetic interaction? based on the given context.,"The gravitomagnetic interaction is a new force of nature generated by rotating matter, whose intensity is proportional to the rate of spin, according to the general concept of relativity.",General Relativity,gravitomagnetic interaction; rotating matter; gravitational permeability; Meissner effect analogue
1158,Select the most accurate option: What is the relationship between the Hamiltonians and eigenstates in supersymmetric quantum mechanics? based on the given context.,"For every eigenstate of one Hamiltonian, its partner Hamiltonian has a corresponding eigenstate with the same energy.",Quantum Mechanics,supersymmetric quantum mechanics; Hamiltonians; eigenstates; energy degeneracy
1159,Choose the correct answer: What is the significance of the high degree of fatty-acyl disorder in the thylakoid membranes of plants? based on the given context.,The high degree of fatty-acyl disorder in the thylakoid membranes of plants allows for innate fluidity even at relatively low temperatures.,Plant Biochemistry,thylakoid membranes; fatty-acyl disorder; membrane fluidity; gel-to-liquid crystalline phase transition
1160,Select the most accurate option: What is a trophic level in an ecological pyramid? from the following choices.,A group of organisms that acquire most of their energy from the level below them in the pyramid.,Ecology,trophic level; ecological pyramid; energy flow; ecomechanism
1161,Choose the correct answer: What is the Maxwell's Demon thought experiment?,"A thought experiment in which a demon guards a microscopic trapdoor in a wall separating two parts of a container filled with the same gas at equal temperatures. The demon selectively allows faster-than-average molecules to pass from one side to the other, causing a lower in temperature in one part and an raise in temperature in the other, contrary to the second law of thermodynamics.",Thermodynamics,Maxwell's Demon; second law of thermodynamics; statistical mechanics; entropy; kinetic theory
1162,What is the relation between the three moment theorem and the bending moments at three successive supports of a continuous beam?,"The three moment theorem describes the relationship between bending moments at three successive supports of a continuous beam, subject to a loading on two adjacent spans with or without settlement of the supports.",Structural Engineering,three moment theorem; bending moments; continuous beam; deflection curve; M/EI diagram
1163,Choose the correct answer: What is the order parameter that breaks the electromagnetic gauge symmetry in superconductors? based on the given context.,A condensed-matter collective field ψ.,Condensed Matter Physics,order parameter; electromagnetic gauge symmetry; superconductors; collective field
1164,Identify the correct statement: What is the function of mammary glands in mammals? among the listed options.,Mammary glands produce milk to feed the young.,Mammalian Physiology,mammary glands; lactation; mammalian anatomy; reproductive biology
1165,Determine the correct option: What is one of the examples of the models proposed by cosmologists and theoretical physicists without the cosmological or Copernican principles that can be used to address specific issues in the Lambda-CDM model and distinguish between current models and other possible models? from the following choices.,"Inhomogeneous cosmology, which models the universe as an extremely large, low-density void, instead of using the concept of dark energy. According to the model, this framework can match the observed accelerating universe and cosmological constant, but it contradicts the Copernican principle.",Cosmology,Lambda-CDM model; inhomogeneous cosmology; Copernican principle; theoretical physics; isotropic universe
1166,Select the most accurate option: What is the Josephson effect? based on the given context.,"The Josephson effect is a phenomenon exploited by superconducting devices such as SQUIDs. It is used in the most accurate available measurements of the magnetic flux quantum Φ0 = h/(2e), where h is the Planck constant.",Quantum Physics,Josephson effect; SQUIDs; magnetic flux quantum; Planck constant; superconductivity
1167,Which of the following is correct? What happens to excess base metal as a solution cools from the upper transformation temperature towards an insoluble state? based on the given context.,"The excess base metal will often crystallize-out, becoming the proeutectoid until the remaining concentration of solutes reaches the eutectoid level, which will then crystallize as a separate microstructure.",Materials Science,proeutectoid; eutectoid level; phase transformation; solidification; microstructure
1168,Pick the best possible answer: What is the contrast between illuminance and luminance? based on the given context.,"Illuminance is the amount of light falling on a surface per unit area, while luminance is the amount of light emitted by a source per unit area.",Photometry,illuminance; luminance; luminous flux; surface reflectance; light emission
1169,Which of the following statements accurately describes the relationship between the dimensions of a diffracting object and the angular spacing of features in the diffraction pattern?,"The angular spacing of features in the diffraction pattern is inversely proportional to the dimensions of the object causing the diffraction. Therefore, if the diffracting object is smaller, the resulting diffraction pattern will be wider.",Wave Optics,diffraction pattern; angular spacing; wave interference; optical physics
1170,Choose the correct answer: What is an order parameter? carefully.,An order parameter is a measure of the degree of symmetry breaking in a physical mechanism.,Condensed Matter Physics,order parameter; symmetry breaking; phase transitions; physical mechanisms
1171,Select the most accurate option: What is the Roche limit? among the listed options.,The Roche limit is the distance at which tidal effects would cause an object to disintegrate since differential force from a planet overcomes the attraction of the parts between them.,Astrophysics,Roche limit; tidal forces; celestial mechanics; gravitational disintegration
1172,Choose the correct answer: What is the decay energy for the free neutron decay process?,0.782343 MeV,Nuclear Physics,free neutron decay; decay energy; nuclear transmutation; MeV units
1173,Which of the following is correct? What is the relationship between the Cauchy momentum equation and the Navier-Stokes equation?,"The Navier-Stokes equation can be derived from the Cauchy momentum equation by specifying the stress tensor through a constitutive relation, expressing the shear tensor in terms of viscosity and fluid velocity, and assuming constant density and viscosity.",Fluid Dynamics,Cauchy momentum equation; Navier-Stokes equation; constitutive relation; stress tensor; viscosity
1174,Choose the correct answer: What is the reason behind the largest externally observed electrical effects when two conductors are separated by the smallest distance without touching? based on the given context.,"The surface charge on a conductor depends on the magnitude of the electric field, which in turn depends on the distance between the surfaces.",Electromagnetism,surface charge; electric field; conductor proximity; electrostatic interaction
1175,Determine the correct option: What is a magnetic monopole in particle physics? carefully.,"A hypothetical elementary particle that is an isolated magnet with only one magnetic pole, either a north pole or a south pole.",Particle Physics,magnetic monopole; elementary particle; electromagnetism; isolated magnetic pole
1176,Determine the correct option: What is the piezoelectric strain coefficient for AT-cut quartz crystals?,d = 3.1·10‑12 m/V,Materials Science,piezoelectric strain coefficient; AT-cut quartz; crystal oscillators; electromechanical coupling
1177,Select the most accurate option: What is Minkowski space? based on the given context.,Minkowski space is a mathematical model that combines inertial space and time manifolds with a non-inertial reference frame of space and time into a four-dimensional model relating a position to the field.,Theoretical Physics,Minkowski space; spacetime manifold; four-dimensional model; non-inertial reference frame
1178,Identify the correct statement: What is the Erlangen program? from the following choices.,"The Erlangen program is a technique of characterizing geometries based on group principle and projective geometry, published by Felix Klein in 1872 as Vergleichende Betrachtungen über neuere geometrische Forschungen.",Geometry Theory,Erlangen program; group principle; projective geometry; Felix Klein
1179,"Which hand should be used to apply the right-hand rule when tightening or loosening nuts, screws, bolts, bottle caps, and jar lids?",The right hand,Mechanical Engineering,right-hand rule; torque application; mechanical fasteners; rotational mechanics
1180,Which of the following is correct? What is a trophic level in an ecological pyramid? carefully.,A group of organisms that acquire most of their energy from the level below them in the pyramid.,Ecology,trophic level; ecological pyramid; energy flow; biotic interactions
1181,"Select the most accurate option: What is power density in the context of energy structures, and how does it differ between renewable and non-renewable energy sources?","Power density is a measure of the amount of power obtained per unit of Earth surface area used by a specific energy structure, including all supporting infrastructure, manufacturing, mining of fuel (if applicable) and decommissioning. Fossil fuels and nuclear power have high power density, which means large power can be drawn from power plants occupying relatively small areas. Renewable energy sources have power density at least three orders of magnitude smaller and, for the same energy output, they need to occupy accordingly larger areas.",Energy Engineering,power density; energy structures; renewable energy; fossil fuels; infrastructure footprint
1182,Pick the best possible answer: What are the two main factors that cause resistance in a metal? among the listed options.,"The amount of resistance in a metal is mainly caused by the temperature and the purity of the metal. Higher temperatures cause bigger vibrations, and a mixture of different ions acts as an irregularity.",Materials Science,electrical resistance; lattice vibrations; metallic purity; ionic irregularities
1183,Identify the correct statement: What does Earnshaw's theorem state? based on the given context.,A collection of point charges cannot be maintained in a stable stationary equilibrium configuration solely by the electrostatic interaction of the charges.,Electromagnetism,Earnshaw's theorem; electrostatic interaction; stable equilibrium; point charges
1184,"Pick the best possible answer: Who proposed the concept of ""maximal acceleration""?",Eduardo R. Caianiello,Theoretical Physics,maximal acceleration; quantum gravity; Caianiello's theory; spacetime geometry
1185,Pick the best possible answer: What is the role of IL-10 in the formation of Tr1 cells and tolerogenic DCs? based on the given context.,"IL-10 induces the formation of Tr1 cells and tolerogenic DCs, which are dependent on IL-10 and TGF-β, but differ from Tregs by lacking expression of Foxp3. Tr1 cells produce high levels of IL-10 and TGF-β, while tolerogenic DCs produce IL-10 that is significant for Tr1 formation.",Immunology,IL-10; Tr1 cells; tolerogenic DCs; TGF-β; Foxp3 expression
1186,Pick the best possible answer: What is the Einstein@Home project? based on the given context.,The Einstein@Home project is a distributed computing project that aims to detect simple gravitational waves with constant frequency. It takes data from LIGO and GEO and sends it out in little pieces to thousands of volunteers for parallel analysis on their home computers.,Computational Astrophysics,distributed computing; gravitational waves; binary black holes; parallel analysis; LIGO data
1187,Identify the correct statement: What is the relationship between the Hamiltonians and eigenstates in supersymmetric quantum mechanics? carefully.,"For every eigenstate of one Hamiltonian, its partner Hamiltonian has a corresponding eigenstate with the same energy.",Quantum Mechanics,supersymmetric quantum mechanics; Hamiltonians; eigenstates; energy degeneracy
1188,Identify the correct statement: What is the relationship between dielectric loss and the transparency of a material? from the following choices.,"Dielectric loss in a material can cause absorption, which can reduce the material's transparency at higher frequencies.",Materials Science,dielectric loss; material transparency; electromagnetic absorption; high-frequency response
1189,"What is power density in the context of energy systems, and how does it differ between renewable and non-renewable energy sources?","Power density is a measure of the amount of power obtained per unit of Earth surface area used by a specific energy system, including all supporting infrastructure, manufacturing, mining of fuel (if applicable) and decommissioning. Fossil fuels and nuclear power have high power density, which means large power can be drawn from power plants occupying relatively small areas. Renewable energy sources have power density at least three orders of magnitude smaller and, for the same energy output, they need to occupy accordingly larger areas.",Energy Engineering,power density; renewable energy; fossil fuels; infrastructure footprint
1190,Identify the correct statement: What is the Roche limit? based on the given context.,The Roche limit is the distance at which tidal effects would cause an object to disintegrate since differential force from a planet overcomes the attraction of the parts between them.,Astrophysics,Roche limit; tidal forces; orbital mechanics; celestial mechanics; gravitational disintegration
1191,Choose the correct answer: What is the required excess quark per billion quark-antiquark pairs in the early universe in order to provide all the observed matter in the universe?,One,Particle Physics,baryogenesis; quark-antiquark pairs; early universe; matter-antimatter asymmetry
1192,"What is the reason behind the designation of Class L dwarfs, and what is their color and composition?","Class L dwarfs are cooler than M stars and are designated L because L is the remaining letter alphabetically closest to M. They are dark red in color and are brightest in infrared. Their atmosphere is cool enough to allow metal hydrides and alkali metals to be prominent in their spectra. Some of these objects have masses large enough to support hydrogen fusion and are therefore stars, but most are of substellar mass and are therefore brown dwarfs.",Astrophysics,Class L dwarfs; substellar mass; hydrogen fusion; metal hydrides; brown dwarfs
1193,"Pick the best possible answer: What is the meaning of the term ""horror vacui""?",The commonly held view that nature abhorred a vacuum.,Philosophy Of Science,horror vacui; Cartesian metaphysics; vacuum theory; spatial-corporeal component
1194,"Select the most accurate option: Which of the following statements accurately describes the impact of Modified Newtonian Dynamics (MOND) on the observed ""missing baryonic mass"" discrepancy in galaxy clusters? carefully.",MOND is a principle that reduces the discrepancy between the observed missing baryonic mass in galaxy clusters and the measured velocity dispersions from a factor of around 10 to a factor of about 2.,Astrophysics,Modified Newtonian Dynamics; baryonic mass; velocity dispersions; galaxy clusters
1195,Determine the correct option: What is the reason for the sun appearing slightly yellowish when viewed from Earth? based on the given context.,"The longer wavelengths of light, such as red and yellow, are not scattered away and are directly visible when looking towards the sun.",Atmospheric Optics,Rayleigh scattering; light wavelength; atmospheric refraction; spectral absorption
1196,Select the most accurate option: What is the main advantage of ferroelectric memristors? based on the given context.,"Ferroelectric domain dynamics can be tuned, allowing for the engineering of memristor response, and resistance variations are due to purely electronic phenomena, making the device more reliable.",Neuromorphic Engineering,ferroelectric memristors; domain dynamics; piezoelectric field; non-uniform elastic strain
1197,Which of the following is correct? What is the Landau-Lifshitz-Gilbert equation used for in physics?,"The Landau-Lifshitz-Gilbert equation is a differential equation used to describe the precessional motion of magnetization M in a solid, and is commonly used in micromagnetics to model the effects of a magnetic field on ferromagnetic materials.",Magnetism Physics,Landau-Lifshitz-Gilbert equation; precessional motion; micromagnetics; ferromagnetic materials
1198,Identify the correct statement: What is the relationship between the Cauchy momentum equation and the Navier-Stokes equation? based on the given context.,"The Navier-Stokes equation can be derived from the Cauchy momentum equation by specifying the stress tensor through a constitutive relation, expressing the shear tensor in terms of viscosity and fluid velocity, and assuming constant density and viscosity.",Fluid Dynamics,Cauchy momentum equation; Navier-Stokes equation; constitutive relation; stress tensor; fluid viscosity
1199,"Determine the correct option: Which of the following statements accurately depicts the relationship between Gauss's law, electric flux, electric field, and symmetry in electric fields? from the following choices.","Gauss's law holds in all cases, but it is most useful for calculations involving symmetric electric fields, like those with spherical or cylindrical symmetry, as they allow for simpler algebraic manipulations. Electric flux is not affected by distant charges outside the closed surface, whereas the net electric field, E, can be influenced by any charges positioned outside of the closed surface. In SI base units, the electric flux is expressed as kg·m3·s−3·A−1.",Electromagnetism,Gauss's law; electric flux; spherical symmetry; cylindrical symmetry; closed surface
1200,"Determine the correct option: What is a transient condensation cloud, also known as a Wilson cloud? carefully.","A visible cloud of microscopic water droplets that forms when a nuclear weapon or a large amount of a conventional explosive is detonated in humid air, due to a temporary cooling of the air caused by a rarefaction of the air surrounding the explosion.",Nuclear Physics,transient condensation cloud; Wilson cloud; rarefaction; nuclear detonation; atmospheric physics
1201,Select the most accurate option: What is the definition of an improper rotation? based on the given context.,"An improper rotation is the combination of a rotation about an axis and reflection in a plane perpendicular to that axis, or inversion about a point on the axis. The order of the rotation and reflection does not matter, and the symmetry elements for improper rotation are the rotation axis, and either the mirror plane, the inversion point, or both.",Crystallography,improper rotation; symmetry elements; mirror plane; inversion point; rotation axis
1202,Pick the best possible answer: What is the reason behind the adoption of a logarithmic scale of 5√100 ≈ 2.512 between magnitudes in astronomy?,The logarithmic scale was adopted to ensure that five magnitude steps corresponded precisely to a factor of 100 in brightness.,Astrophysics,logarithmic scale; stellar magnitude; apparent brightness; astronomical measurements
1203,Pick the best possible answer: What is the information loss paradox in black holes? based on the given context.,"Black holes have only a few internal parameters, so most of the information about the matter that went into forming the black hole is lost. Regardless of the type of matter which goes into a black hole, it appears that only information concerning the total mass, charge, and angular momentum are conserved. As black holes evaporate by emitting Hawking radiation, the information is lost forever.",Theoretical Physics,information loss paradox; Hawking radiation; black hole evaporation; quantum mechanics
1204,Which of the following is correct? What is the reason for the formation of stars exclusively within molecular clouds?,"The low temperatures and high densities of molecular clouds cause the gravitational force to exceed the internal pressures that are acting ""outward"" to prevent a collapse.",Astrophysics,stellar formation; molecular clouds; gravitational collapse; hydrostatic equilibrium
1205,Choose the correct answer: What is the most popular explanation for the shower-curtain effect? carefully.,Bernoulli's principle,Fluid Dynamics,Bernoulli's principle; pressure differential; fluid velocity; aerodynamic effects
1206,Pick the best possible answer: What is the proposed name for the field that is responsible for cosmic inflation and the metric expansion of space? from the following choices.,Inflaton,Cosmology,cosmic inflation; metric expansion; inflaton field; conformal cyclic cosmology
1207,Determine the correct option: Which of the following statements accurately describes the blocking temperature of an antiferromagnetic layer in a spin valve?,The blocking temperature of an antiferromagnetic layer in a spin valve is the temperature at or above which the layer ceases to prevent the orientation of an adjacent ferromagnetic layer. The blocking temperature is typically lower than the Néel temperature.,Spintronics,antiferromagnetic layer; spin valve; blocking temperature; Néel temperature; magnetic pinning
1208,Determine the correct option: What is the Liouville density? among the listed options.,The Liouville density is a probability distribution that specifies the probability of finding a particle at a certain position in phase space for a collection of particles.,Quantum Mechanics,Liouville density; phase space; quasiprobability distribution; quantum-mechanical interference
1209,Pick the best possible answer: What is the decay energy for the free neutron decay process? among the listed options.,0.782343 MeV,Nuclear Physics,free neutron decay; decay energy; beta decay; nuclear transmutation
1210,Identify the correct statement: Which of the following statements accurately describes the origin and significance of the triskeles symbol? among the listed options.,"The triskeles symbol was reconstructed as a feminine divine triad by the rulers of Syracuse, and later adopted as an emblem. Its usage may also be related to the Greek name of Sicily, Trinacria, which means ""having three headlands."" The head of Medusa at the center of the Sicilian triskeles represents the three headlands.",Classical Mythology,triskeles; Trinacria; Syracuse; Medusa; feminine divine triad
1211,Determine the correct option: What is the significance of the high degree of fatty-acyl disorder in the thylakoid membranes of plants? from the following choices.,The high degree of fatty-acyl disorder in the thylakoid membranes of plants allows for innate fluidity even at relatively low temperatures.,Plant Biochemistry,thylakoid membranes; fatty-acyl disorder; membrane fluidity; gel-to-liquid crystalline phase transition
1212,Which of the following is correct? What does Earnshaw's theorem state? based on the given context.,A collection of point charges cannot be maintained in a stable stationary equilibrium configuration solely by the electrostatic interaction of the charges.,Electromagnetism,Earnshaw's theorem; electrostatic interaction; stable equilibrium; point charges
1213,Determine the correct option: What did Fresnel predict and verify with regards to total internal reflections?,"Fresnel predicted and verified that four total internal reflections at 68°27' would give a precise circular polarization if two of the reflections had water as the external medium while the other two had air, but not if the reflecting surfaces were all wet or all dry.",Optics,total internal reflection; circular polarization; Fresnel equations; wave optics
1214,Identify the correct statement: What is a uniform tiling in the hyperbolic plane?,"A uniform tiling in the hyperbolic plane is an edge-to-edge filling of the hyperbolic plane, with regular polygons as faces. These are vertex-transitive and isogonal.",Hyperbolic Geometry,uniform tiling; hyperbolic plane; vertex-transitive; isogonal; tessellation
1215,Identify the correct statement: What is the Kelvin-Helmholtz instability and how does it affect Earth's magnetosphere?,"The Kelvin-Helmholtz instability is a phenomenon that occurs when large swirls of plasma travel along the edge of the magnetosphere at a different velocity from the magnetosphere, causing the plasma to slip past. This results in magnetic reconnection, and as the magnetic field lines break and reconnect, solar wind particles are able to enter the magnetosphere.",Space Physics,Kelvin-Helmholtz instability; magnetic reconnection; magnetosphere; solar wind; plasma dynamics
1216,Choose the correct answer: What is radiometric dating? from the following choices.,"Radiometric dating is a procedure of measuring geological time using radioactive decay, discovered in the early 20th century.",Geochronology,radiometric dating; radioactive decay; geological time; isotopic analysis
1217,"Identify the correct statement: What is a transient condensation cloud, also known as a Wilson cloud?","A visible cloud of microscopic water droplets that forms when a nuclear weapon or a large amount of a conventional explosive is detonated in humid air, due to a temporary cooling of the air caused by a rarefaction of the air surrounding the explosion.",Nuclear Physics,transient condensation cloud; Wilson cloud; rarefaction; nuclear detonation; atmospheric physics
1218,"Pick the best possible answer: How do the Lunar Laser Ranging Experiment, radar astronomy, and the Deep Space Network determine distances to the Moon, planets, and spacecraft? carefully.",They measure round-trip transit times.,Space Science,Lunar Laser Ranging; radar astronomy; round-trip transit time; Deep Space Network
1219,Choose the correct answer: What is the American Petroleum Institute (API) gravity?,API gravity is a measure of how heavy or light a petroleum liquid is compared to water. It is an inverse measure of a petroleum liquid's density relative to that of water and is graduated in degrees on a hydrometer instrument.,Petroleum Engineering,API gravity; petroleum density; hydrometer measurement; fluid properties
1220,Determine the correct option: What is the reason behind the largest externally observed electrical effects when two conductors are separated by the smallest distance without touching?,"The surface charge on a conductor depends on the magnitude of the electric field, which in turn depends on the distance between the surfaces.",Electromagnetism,surface charge; electric field; conductor proximity; electrostatic interaction
1221,Identify the correct statement: What does Earnshaw's theorem state? from the following choices.,A collection of point charges cannot be maintained in a stable stationary equilibrium configuration solely by the electrostatic interaction of the charges.,Electromagnetism,Earnshaw's theorem; electrostatic interaction; stable equilibrium; point charges
1222,Select the most accurate option: What is the reason that it is nearly impossible to see light emitted at the Lyman-alpha transition wavelength from a star farther than a few hundred light years from Earth?,"Far ultraviolet light is absorbed effectively by the neutral components of the ISM, including atomic hydrogen, which has a typical absorption wavelength of about 121.5 nanometers, the Lyman-alpha transition.",Astrophysics,Lyman-alpha transition; interstellar medium; ultraviolet absorption; atomic hydrogen; spectral analysis
1223,Pick the best possible answer: What did Newton adopt after his correspondence with Hooke in 1679-1680? carefully.,The language of inward or centripetal force.,History Of Science,Isaac Newton; Robert Hooke; centripetal force; gravitational theory; scientific correspondence
1224,Select the most accurate option: What is the 'reactive Leidenfrost effect' observed in non-volatile materials? carefully.,"The 'reactive Leidenfrost effect' is a phenomenon where solid particles float above hot surfaces and move erratically, observed in non-volatile materials.",Thermodynamics,reactive Leidenfrost effect; non-volatile materials; surface phenomena; particle dynamics
1225,Determine the correct option: What is the piezoelectric strain coefficient for AT-cut quartz crystals?,d = 3.1·10‑12 m/V,Materials Science,piezoelectric strain coefficient; AT-cut quartz; crystal oscillators; electromechanical coupling
1226,Select the most accurate option: What is the required excess quark per billion quark-antiquark pairs in the early universe in order to provide all the observed matter in the universe?,One,Particle Physics,baryon asymmetry; quark-antiquark pairs; early universe; matter-antimatter asymmetry
1227,"Identify the correct statement: What is power density in the context of energy structures, and how does it differ between renewable and non-renewable energy sources? among the listed options.","Power density is a measure of the amount of power obtained per unit of Earth surface area used by a specific energy structure, including all supporting infrastructure, manufacturing, mining of fuel (if applicable) and decommissioning. Fossil fuels and nuclear power have high power density, which means large power can be drawn from power plants occupying relatively small areas. Renewable energy sources have power density at least three orders of magnitude smaller and, for the same energy output, they need to occupy accordingly larger areas.",Energy Engineering,power density; energy structures; renewable energy; fossil fuels; infrastructure footprint
1228,Pick the best possible answer: What is the distinction between redshift due to the expansion of the universe and Doppler redshift? among the listed options.,"Redshift due to the expansion of the universe depends on the cosmological model chosen to describe the expansion of the universe, while Doppler redshift depends on the local velocity of the object emitting the light.",Cosmology,cosmological redshift; Doppler effect; scale factor; expansion of the universe
1229,Choose the correct answer: What is the Maxwell's Demon thought experiment? among the listed options.,"A thought experiment in which a demon guards a microscopic trapdoor in a wall separating two parts of a container filled with the same gas at equal temperatures. The demon selectively allows faster-than-average molecules to pass from one side to the other, causing a reduce in temperature in one part and an enhance in temperature in the other, contrary to the second law of thermodynamics.",Thermodynamics,Maxwell's Demon; second law of thermodynamics; statistical mechanics; entropy; kinetic theory
1230,Pick the best possible answer: What did Newton's manuscripts of the 1660s show? from the following choices.,Newton combined tangential motion with the effects of radially directed force or endeavour and expressed the concept of linear inertia.,History Of Science,Newton's manuscripts; tangential motion; radially directed force; linear inertia; Hooke's work
1231,Determine the correct option: What is the relationship between dielectric loss and the transparency of a material? based on the given context.,"Dielectric loss in a material can cause absorption, which can reduce the material's transparency at higher frequencies.",Materials Science,dielectric loss; material transparency; electromagnetic absorption; high-frequency refraction
1232,Which of the following is correct? What is organography? from the following choices.,Organography is the scientific description of the structure and function of the organs of living things.,Plant Morphology,organography; apical meristems; botanical structure; organ development
1233,Identify the correct statement: What is the second law of thermodynamics? among the listed options.,The second law of thermodynamics is a physical law based on universal experience concerning heat and energy interconversions. It establishes the concept of entropy as a physical property of a thermodynamic mechanism and can be used to predict whether processes are forbidden despite obeying the requirement of conservation of energy as expressed in the first law of thermodynamics.,Thermodynamics,second law of thermodynamics; heat energy interconversions; internal energy; cyclic process; conservation of energy
1234,Identify the correct statement: What is the application of Memristor? among the listed options.,"Memristor has applications in programmable logic signal processing, Super-resolution imaging, physical neural networks, control frameworks, reconfigurable computing, in-memory computing, brain–computer interfaces and RFID.",Neuromorphic Engineering,memristor; in-memory computing; physical neural networks; reconfigurable computing; brain–computer interfaces
1235,Pick the best possible answer: What is the effect generated by a spinning superconductor? carefully.,"A magnetic field, precisely aligned with the spin axis.",Condensed Matter Physics,superconductor; magnetic field; spin axis; quantum phenomena
1236,Determine the correct option: What is the term used to describe the proportionality factor to the Stefan-Boltzmann law that is utilized in subsequent evaluations of the radiative behavior of grey bodies? among the listed options.,Emissivity,Thermodynamics,Stefan-Boltzmann law; grey bodies; emissivity; radiative behavior; black-body radiation
1237,Choose the correct answer: What is the significance of Baryon Acoustic Oscillations (BAOs) in the study of the universe? carefully.,"BAOs establish a preferred length scale for baryons, which can be used to detect a subtle preference for pairs of galaxies to be separated by 147 Mpc, compared to those separated by 130-160 Mpc.",Cosmology,Baryon Acoustic Oscillations; cosmic microwave background; galaxy distribution; preferred length scale
1238,Pick the best possible answer: What is radiometric dating? based on the given context.,"Radiometric dating is a approach of measuring geological time using radioactive decay, discovered in the early 20th century.",Geochronology,radiometric dating; radioactive decay; geological time; isotope analysis
1239,Which of the following is correct? What is the relationship between chemical potential and quarks/antiquarks? carefully.,"Chemical potential, represented by μ, is a measure of the imbalance between quarks and antiquarks in a framework. Higher μ indicates a stronger bias favoring quarks over antiquarks.",Particle Physics,chemical potential; quarks; antiquarks; quantum chromodynamics; particle density
1240,"Pick the best possible answer: Which hand should be used to apply the right-hand rule when tightening or loosening nuts, screws, bolts, bottle caps, and jar lids? carefully.",The right hand,Mechanical Engineering,right-hand rule; torque application; mechanical fasteners; rotational mechanics
1241,Determine the correct option: What is the Roche limit? from the following choices.,The Roche limit is the distance at which tidal effects would cause an object to disintegrate since differential force from a planet overcomes the attraction of the parts between them.,Astrophysics,Roche limit; tidal forces; orbital mechanics; celestial mechanics
1242,Select the most accurate option: What is the Minkowski diagram used for? based on the given context.,The Minkowski diagram is used to define concepts and demonstrate properties of Lorentz transformations and to provide geometrical interpretation to the generalization of Newtonian mechanics to relativistic mechanics.,Theoretical Physics,Minkowski diagram; Lorentz transformations; special relativity; relativistic mechanics
1243,Identify the correct statement: What is the variation between redshift due to the expansion of the universe and Doppler redshift? based on the given context.,"Redshift due to the expansion of the universe depends on the cosmological model chosen to describe the expansion of the universe, while Doppler redshift depends on the local velocity of the object emitting the light.",Cosmology,cosmological redshift; Doppler effect; scale factor; expansion of the universe
1244,Determine the correct option: What is a Hilbert space in quantum mechanics? among the listed options.,A complex vector space where the state of a quantum mechanical framework is described by a vector |Ψ⟩.,Quantum Mechanics,Hilbert space; complex vector space; state vector; quantum framework
1245,Choose the correct answer: What is the term used to describe the proportionality factor to the Stefan-Boltzmann law that is utilized in subsequent evaluations of the radiative behavior of grey bodies? based on the given context.,Emissivity,Thermodynamics,Stefan-Boltzmann law; grey bodies; emissivity; radiative behavior; black-body radiation
1246,Which of the following is correct? What is the identity operation in symmetry groups? from the following choices.,The identity operation leaves the molecule unchanged and forms the identity element in the symmetry group.,Molecular Symmetry,identity operation; symmetry groups; point group theory; molecular geometry
1247,What is the reason for recycling rare metals according to the United Nations?,"The demand for rare metals will quickly exceed the consumed tonnage in 2013, and recycling rare metals with a worldwide production lower than 100 000 t/year is urgent and priority should be placed on it in order to conserve natural resources and energy.",Resource Economics,rare metal recycling; resource conservation; production tonnage; sustainable development
1248,Identify the correct statement: What are permutation-inversion groups? based on the given context.,"Permutation-inversion groups are groups of symmetry operations that are energetically feasible permutations of identical nuclei or inversion with respect to the center of mass, or a combination of both.",Molecular Symmetry,permutation-inversion groups; symmetry operations; identical nuclei; center of mass; molecular rotation
1249,Choose the correct answer: Who was Giordano Bruno? based on the given context.,An Italian philosopher who supported the Copernican framework that Earth and other planets orbit the Sun and believed that fixed stars are similar to the Sun and have planets orbiting them.,History Of Science,Giordano Bruno; Copernican framework; celestial mechanics; astronomical philosophy
1250,What is the relationship between chemical potential and quarks/antiquarks?,"Chemical potential, represented by μ, is a measure of the imbalance between quarks and antiquarks in a system. Higher μ indicates a stronger bias favoring quarks over antiquarks.",Particle Physics,chemical potential; quarks; antiquarks; quantum chromodynamics; particle density
1251,Pick the best possible answer: What is the Ramsauer-Townsend effect? based on the given context.,The Ramsauer-Townsend effect is a physical phenomenon that involves the scattering of low-energy electrons by atoms of a noble gas. It requires the wave framework of quantum mechanics to be explained.,Quantum Mechanics,Ramsauer-Townsend effect; electron scattering; wave framework; noble gas interaction
1252,Choose the correct answer: What is reciprocal length or inverse length?,"Reciprocal length or inverse length is a quantity or measurement used in several branches of science and mathematics. It is the reciprocal of length, and common units used for this measurement include the reciprocal metre or inverse metre (symbol: m−1), the reciprocal centimetre or inverse centimetre (symbol: cm−1).",Dimensional Analysis,reciprocal length; inverse units; dimensional quantities; unit conversion
1253,Select the most accurate option: What was Pierre de Fermat's solution to the problem of refraction? from the following choices.,"Fermat supposed that light took the path of least resistance, and that different media offered different resistances. His eventual solution, described in a letter to La Chambre dated 1 January 1662, construed ""resistance"" as inversely proportional to speed, so that light took the path of least time. That premise yielded the ordinary law of refraction, provided that light traveled more slowly in the optically denser medium.",Optics,Fermat's principle; law of refraction; principle of least time; optical density
1254,"Choose the correct answer: What is power density in the context of energy mechanisms, and how does it differ between renewable and non-renewable energy sources? carefully.","Power density is a measure of the amount of power obtained per unit of Earth surface area used by a specific energy structure, including all supporting infrastructure, manufacturing, mining of fuel (if applicable) and decommissioning. Fossil fuels and nuclear power have high power density, which means large power can be drawn from power plants occupying relatively small areas. Renewable energy sources have power density at least three orders of magnitude smaller and, for the same energy output, they need to occupy accordingly larger areas.",Energy Engineering,power density; energy mechanisms; renewable energy; infrastructure footprint
1255,What did Newton adopt after his correspondence with Hooke in 1679-1680?,The language of inward or centripetal force.,History Of Science,centripetal force; gravitational force; Newton-Hooke correspondence; classical mechanics history
1256,"What is the concept of simultaneity in Einstein's book, Relativity?","Simultaneity is relative, meaning that two events that appear simultaneous to an observer in a particular inertial reference frame need not be judged as simultaneous by a second observer in a different inertial frame of reference.",Theoretical Physics,relativity of simultaneity; inertial reference frame; special relativity; spacetime physics
1257,Which of the following is correct? What is the significance of the discovery of the Crab pulsar? carefully.,The discovery of the Crab pulsar confirmed the rotating neutron star model of pulsars.,Astrophysics,Crab pulsar; neutron star model; stellar evolution; compact objects
1258,Pick the best possible answer: What is the role of axioms in a formal framework? from the following choices.,"Basis statements called axioms form the foundation of a formal principle and, together with the deducing rules, help in deriving a set of statements called theorems using proof principle.",Formal Logic,axioms; formal framework; proof principle; theorem derivation; deductive rules
1259,Which of the following is correct? What was the aim of the Gravity Probe B (GP-B) mission? among the listed options.,"To measure spacetime curvature near Earth, with particular emphasis on gravitomagnetism.",General Relativity,Gravity Probe B; gravitomagnetism; spacetime curvature; geodetic effect; de Sitter precession
1260,Select the most accurate option: What is a virtual particle? among the listed options.,A particle that is not directly observable but is inferred from its effects on measurable particles.,Quantum Field Theory,virtual particles; quantum fluctuations; field theory; particle physics
1261,What is the definition of dimension in mathematics?,"The dimension of an object is the number of independent parameters or coordinates needed to define the position of a point constrained to be on the object, and is an intrinsic property of the object, independent of the dimension of the space in which it is embedded.",Geometry,independent parameters; degrees of freedom; extrinsic property; spatial embedding
1262,Determine the correct option: How many crystallographic point groups are there in three-dimensional space?,32,Crystallography,crystallographic point groups; three-dimensional space; symmetry operations; crystal systems
1263,Choose the correct answer: What is a virtual particle?,A particle that is not directly observable but is inferred from its effects on measurable particles.,Quantum Physics,virtual particles; quantum field theory; particle physics; observable effects
1264,Select the most accurate option: What did Fresnel predict and verify with regards to total internal reflections? among the listed options.,"Fresnel predicted and verified that four total internal reflections at 68°27' would give a precise circular polarization if two of the reflections had water as the external medium while the other two had air, but not if the reflecting surfaces were all wet or all dry.",Optical Physics,total internal reflection; circular polarization; Fresnel equations; wave optics
1265,Which of the following is correct? What are some models that attempt to account for all observations without invoking supplemental non-baryonic matter? among the listed options.,"Modified Newtonian dynamics, tensor–vector–scalar gravity, or entropic gravity.",Theoretical Physics,Modified Newtonian dynamics; non-baryonic matter; tensor–vector–scalar gravity; entropic gravity
1266,Which of the following is correct? What is bollard pull primarily used for measuring? from the following choices.,The strength of tugboats,Marine Engineering,bollard pull; tugboat propulsion; maritime logistics; towing capacity
1267,Determine the correct option: What is the function of the fibrous cardiac skeleton? from the following choices.,"The fibrous cardiac skeleton provides structure to the heart, forming the atrioventricular septum that separates the atria from the ventricles, and the fibrous rings that serve as bases for the four heart valves.",Cardiac Anatomy,fibrous cardiac skeleton; atrioventricular septum; heart valves; myocardial structure
1268,What is the evidence for the existence of a supermassive black hole at the center of the Milky Way galaxy?,"The star S2 follows an elliptical orbit with a period of 15.2 years and a pericenter of 17 light-hours from the center of the central object. From the motion of star S2, the object's mass can be estimated as 4.0 million M☉, or about 7.96×1036 kg. The radius of the central object must be less than 17 light-hours, because otherwise S2 would collide with it. Observations of the star S14 indicate that the radius is no more than 6.25 light-hours, about the diameter of Uranus' orbit. No known astronomical object other than a black hole can contain 4.0 million M☉ in this volume of space.",Astrophysics,supermassive black hole; Sagittarius A*; stellar orbits; solar mass; orbital mechanics
1269,Identify the correct statement: What is the significance of the discovery of the Crab pulsar? based on the given context.,The discovery of the Crab pulsar confirmed the rotating neutron star model of pulsars.,Astrophysics,Crab pulsar; rotating neutron star; stellar evolution; compact objects
1270,"Pick the best possible answer: What is the butterfly effect, as defined by Lorenz in his book ""The Essence of Chaos""? carefully.","The butterfly effect is the phenomenon that a small change in the initial conditions of a dynamical structure can cause significant variations in subsequent states, as defined by Lorenz in his book ""The Essence of Chaos.""",Chaos Theory,butterfly effect; initial conditions; dynamical systems; sensitive dependence
1271,Select the most accurate option: What is the role of axioms in a formal concept? carefully.,"Basis statements called axioms form the foundation of a formal principle and, together with the deducing rules, help in deriving a set of statements called theorems using proof principle.",Formal Logic,axioms; formal concept; proof principle; deductive rules; theorems
1272,"Determine the correct option: Which hand should be used to apply the right-hand rule when tightening or loosening nuts, screws, bolts, bottle caps, and jar lids? from the following choices.",The right hand,Mechanical Engineering,right-hand rule; torque application; mechanical fasteners; rotational mechanics
1273,Identify the correct statement: Who shared the other half of the Nobel Prize with Yoichiro Nambu for discovering the origin of the explicit breaking of CP symmetry in the weak interactions? from the following choices.,Makoto Kobayashi and Toshihide Maskawa,Particle Physics,CP symmetry; weak interactions; Kobayashi-Maskawa matrix; Standard Model
1274,Select the most accurate option: What is Lorentz symmetry or Lorentz invariance in relativistic physics? from the following choices.,Lorentz symmetry or Lorentz invariance is an equivalence of observation or observational symmetry due to special relativity implying that the laws of physics stay the same for all observers that are moving with respect to one another within an inertial frame.,Theoretical Physics,Lorentz invariance; spacetime manifold; Lorentz group; special relativity; four-tensors
1275,Choose the correct answer: What is the reason for heating metals to a temperature just above the upper critical temperature? among the listed options.,"To prevent the grains of solution from growing too large, which enhances mechanical properties such as toughness, shear strength, and tensile strength.",Materials Science,upper critical temperature; grain growth; mechanical properties; metallurgy; tensile strength
1276,Identify the correct statement: What is X-ray pulsar-based navigation (XNAV)? carefully.,"X-ray pulsar-based navigation (XNAV) is a navigation technique that uses the periodic X-ray signals emitted from pulsars to determine the location of a vehicle in deep space, such as a spacecraft.",Aerospace Engineering,X-ray pulsar-based navigation; XNAV; deep space navigation; pulsar signals
1277,Select the most accurate option: What is the Kelvin-Helmholtz instability and how does it affect Earth's magnetosphere?,"The Kelvin-Helmholtz instability is a phenomenon that occurs when large swirls of plasma travel along the edge of the magnetosphere at a different velocity from the magnetosphere, causing the plasma to slip past. This results in magnetic reconnection, and as the magnetic field lines break and reconnect, solar wind particles are able to enter the magnetosphere.",Space Physics,Kelvin-Helmholtz instability; magnetic reconnection; magnetosphere; solar wind; plasma dynamics
1278,What is the required excess quark per billion quark-antiquark pairs in the early universe in order to provide all the observed matter in the universe?,One,Cosmology,baryon asymmetry; quark-antiquark pairs; early universe; matter-antimatter imbalance
1279,Pick the best possible answer: What is the relationship between chemical potential and quarks/antiquarks? from the following choices.,"Chemical potential, represented by μ, is a measure of the imbalance between quarks and antiquarks in a structure. Higher μ indicates a stronger bias favoring quarks over antiquarks.",Particle Physics,chemical potential; quarks; antiquarks; quantum chromodynamics
1280,Identify the correct statement: What is a uniform tiling in the hyperbolic plane? based on the given context.,"A uniform tiling in the hyperbolic plane is an edge-to-edge filling of the hyperbolic plane, with regular polygons as faces. These are vertex-transitive and isogonal.",Hyperbolic Geometry,uniform tiling; hyperbolic plane; vertex-transitive; isogonal; tessellation
1281,Which of the following is correct? How many crystallographic point groups are there in three-dimensional space? carefully.,32,Crystallography,crystallographic point groups; three-dimensional space; symmetry operations; crystal systems
1282,What is the isophotal diameter used for in measuring a galaxy's size?,The isophotal diameter is a conventional way of measuring a galaxy's size based on its apparent surface brightness.,Extragalactic Astronomy,isophotal diameter; apparent surface brightness; galactic morphology; observational astronomy
1283,Which of the following is correct? What is the relationship between the complete electromagnetic Hamiltonian of a molecule and the parity operation? carefully.,"The complete electromagnetic Hamiltonian of any molecule is invariant to the parity operation, and its eigenvalues can be given the parity symmetry label + or - depending on whether they are even or odd, respectively.",Quantum Chemistry,electromagnetic Hamiltonian; parity operation; symmetry labels; molecular eigenvalues
1284,What is a phageome?,"A community of bacteriophages and their metagenomes localized in a particular environment, similar to a microbiome.",Microbial Ecology,phageome; metagenomics; bacteriophages; microbial communities
1285,Select the most accurate option: How many crystallographic point groups are there in three-dimensional space? carefully.,32,Crystallography,crystallographic point groups; three-dimensional space; symmetry operations; crystal systems
1286,Which of the following is correct? What is the significance of the high degree of fatty-acyl disorder in the thylakoid membranes of plants? from the following choices.,The high degree of fatty-acyl disorder in the thylakoid membranes of plants allows for innate fluidity even at relatively low temperatures.,Plant Biochemistry,thylakoid membranes; fatty-acyl disorder; membrane fluidity; gel-to-liquid crystalline phase transition
1287,Which of the following is correct? What is the second law of thermodynamics? among the listed options.,The second law of thermodynamics is a physical law based on universal experience concerning heat and energy interconversions. It establishes the concept of entropy as a physical property of a thermodynamic mechanism and can be used to predict whether processes are forbidden despite obeying the requirement of conservation of energy as expressed in the first law of thermodynamics.,Thermodynamics,second law of thermodynamics; heat energy interconversions; internal energy; cyclic process; conservation of energy
1288,Identify the correct statement: What is radiometric dating? from the following choices.,"Radiometric dating is a approach of measuring geological time using radioactive decay, discovered in the early 20th century.",Geochronology,radiometric dating; radioactive decay; geological time; isotopic analysis
1289,Choose the correct answer: What are the two main factors that cause resistance in a metal? based on the given context.,"The amount of resistance in a metal is mainly caused by the temperature and the purity of the metal. Higher temperatures cause bigger vibrations, and a mixture of different ions acts as an irregularity.",Materials Science,electrical resistance; metallic purity; thermal vibrations; ionic irregularities
1290,Choose the correct answer: What is the relationship between interstellar and cometary chemistry? from the following choices.,"There is a possible connection between interstellar and cometary chemistry, as indicated by the similarity between interstellar and cometary ices and the analysis of organics from comet samples returned by the Stardust mission.",Astrochemistry,interstellar chemistry; cometary chemistry; organic molecules; Stardust mission; molecular ices
1291,Identify the correct statement: What is the origin of the radio emission observed from supernova remnants? among the listed options.,The radio emission from supernova remnants originates from high-velocity electrons oscillating within magnetic fields. This emission is a form of non-thermal emission called synchrotron emission.,Astrophysics,supernova remnants; synchrotron emission; non-thermal emission; magnetic fields; high-velocity electrons
1292,Pick the best possible answer: What did Newton's manuscripts of the 1660s show? based on the given context.,Newton combined tangential motion with the effects of radially directed force or endeavour and expressed the concept of linear inertia.,History Of Science,tangential motion; radially directed force; linear inertia; inverse square law
1293,Select the most accurate option: What is the main advantage of ferroelectric memristors? among the listed options.,"Ferroelectric domain dynamics can be tuned, allowing for the engineering of memristor response, and resistance variations are due to purely electronic phenomena, making the device more reliable.",Neuromorphic Engineering,ferroelectric memristors; domain dynamics; piezoelectric field; non-uniform elastic strain
1294,Which of the following is correct? What is the piezoelectric strain coefficient for AT-cut quartz crystals? from the following choices.,d = 3.1·10‑12 m/V,Materials Science,piezoelectric strain coefficient; AT-cut quartz; crystal oscillators; electromechanical coupling
1295,Pick the best possible answer: What is emissivity? carefully.,Emissivity is a measure of how well a surface absorbs and emits thermal radiation.,Thermodynamics,emissivity; thermal radiation; radiative heat transfer; surface properties
1296,Pick the best possible answer: What is the main advantage of ferroelectric memristors? from the following choices.,"Ferroelectric domain dynamics can be tuned, allowing for the engineering of memristor response, and resistance variations are due to purely electronic phenomena, making the device more reliable.",Neuromorphic Engineering,ferroelectric memristors; domain dynamics; non-volatile memory; piezoelectric field; resistive switching
1297,Which of the following is correct? What is the SI unit of the physical quantity m/Q?,Kilogram per coulomb,Physics,SI units; physical quantities; dimensional analysis; unit conversion
1298,Choose the correct answer: What is the synapstor or synapse transistor? carefully.,A device used to demonstrate a neuro-inspired circuit that shows long-term potentiation for learning and inactivity-based forgetting.,Neuromorphic Engineering,synapse transistor; short-term potentiation; neuro-inspired circuits; synaptic plasticity
1299,Choose the correct answer: What is the result of the collapse of a cavitation bubble?,"The collapse of a cavitation bubble causes a sharp raise in pressure and temperature of the vapor within, releasing a significant amount of energy in the form of an acoustic shock wave and visible light.",Fluid Dynamics,cavitation bubble; acoustic shock wave; implosion; vapor pressure; thermal energy release
1300,"Which of the following is correct? What is the concept of simultaneity in Einstein's book, Relativity? carefully.","Simultaneity is relative, meaning that two events that appear simultaneous to an observer in a particular inertial reference frame need not be judged as simultaneous by a second observer in a different inertial frame of reference.",Theoretical Physics,relativity of simultaneity; inertial reference frame; special relativity; spacetime physics
1301,Which of the following is correct? What is Hesse's principle of transfer in geometry? based on the given context.,"Hesse's principle of transfer is a concept in geometry that states that if the points of the projective line P1 are depicted by a rational normal curve in Pn, then the group of the projective transformations of Pn that preserve the curve is isomorphic to the group of the projective transformations of P1.",Projective Geometry,Hesse's principle of transfer; rational normal curve; projective transformations; isomorphic groups
1302,"Choose the correct answer: What is the ""ultraviolet catastrophe""? among the listed options.",It is the misbehavior of a formula for higher frequencies.,Quantum Physics,ultraviolet catastrophe; classical physics; electromagnetic radiation; energy distribution
1303,Choose the correct answer: Which of the following is an accurate definition of dynamic scaling in self-similar frameworks?,"Dynamic scaling refers to the evolution of self-similar structures, where data obtained from snapshots at fixed times exhibits similarity to the respective data taken from snapshots of any earlier or later time. This similarity is tested by a certain time-dependent stochastic variable x.",Statistical Physics,dynamic scaling; self-similar frameworks; stochastic variables; time-dependent evolution
1304,Identify the correct statement: What is the cause of the observed change in the periods of moons orbiting a distant planet when measured from Earth?,"The variation in distance travelled by light from the planet (or its moon) to Earth when the Earth is at the point in its orbit that is closest to its planet than when the Earth is at the farthest point in its orbit, the variation in distance being the diameter of the Earth's orbit around the Sun.",Astrophysics,orbital mechanics; light travel time; celestial observation; planetary motion
1305,Identify the correct statement: What can be inferred about the electronic entropy of insulators and metals based on their densities of states at the Fermi level?,"Insulators have zero density of states at the Fermi level, and therefore, their density of states-based electronic entropy is essentially zero. Metals have non-zero density of states at the Fermi level, and thus, their electronic entropy should be proportional to the temperature and density of states at the Fermi level.",Condensed Matter Physics,electronic entropy; density of states; Fermi level; insulators and metals
1306,Pick the best possible answer: What is reciprocal length or inverse length? carefully.,"Reciprocal length or inverse length is a quantity or measurement used in several branches of science and mathematics. It is the reciprocal of length, and common units used for this measurement include the reciprocal metre or inverse metre (symbol: m−1), the reciprocal centimetre or inverse centimetre (symbol: cm−1).",Dimensional Analysis,reciprocal length; inverse units; dimensional quantities; unit conversion
1307,Identify the correct statement: What is bollard pull primarily used for measuring?,The strength of tugboats,Marine Engineering,bollard pull; maritime propulsion; tugboat performance; towing capacity
1308,"Select the most accurate option: Who proposed the concept of ""maximal acceleration""? based on the given context.",Eduardo R. Caianiello,Theoretical Physics,maximal acceleration; quantum gravity; Caianiello's theory; spacetime geometry
1309,What is the SI unit of the physical quantity m/Q?,Kilogram per coulomb,Physics Units,SI units; physical quantities; dimensional analysis; unit conversion
1310,Pick the best possible answer: What is the variation between active and passive transport in cells? based on the given context.,"Passive transport is powered by the arithmetic sum of osmosis and an electric field, while active transport requires energy input from the cell.",Cell Biology,active transport; passive transport; osmosis; cellular energetics
1311,Which of the following is correct? What is the purpose of the proximity-focusing design in a RICH detector?,"To emit a cone of Cherenkov light that traverses a small distance and is detected on the photon detector plane, creating a ring of light whose radius is defined by the Cherenkov emission angle and the proximity gap.",Particle Physics,RICH detector; proximity-focusing; Cherenkov emission; photon detector plane
1312,"Which of the following is correct? What are amorphous ferromagnetic metallic alloys, and what are their advantages? carefully.","Amorphous ferromagnetic metallic alloys are non-crystalline alloys that can be made by rapidly cooling a liquid alloy. Their properties are nearly isotropic, resulting in low coercivity, low hysteresis loss, high permeability, and high electrical resistivity.",Materials Science,amorphous ferromagnetic metallic alloys; low coercivity; hysteresis loss; high permeability; electrical resistivity
1313,Pick the best possible answer: What is the propagation constant in sinusoidal waves?,The propagation constant is a complex number that varies with distance due to the phase change in the sinusoidal wave.,Wave Physics,propagation constant; sinusoidal waves; phase change; complex numbers
1314,"Which of the following is correct? Which of the following statements accurately describes the impact of Modified Newtonian Dynamics (MOND) on the observed ""missing baryonic mass"" discrepancy in galaxy clusters? based on the given context.",MOND is a concept that reduces the discrepancy between the observed missing baryonic mass in galaxy clusters and the measured velocity dispersions from a factor of around 10 to a factor of about 2.,Astrophysics,Modified Newtonian Dynamics; baryonic mass; velocity dispersions; galaxy clusters
1315,Determine the correct option: What is water hammer? based on the given context.,"Water hammer is a loud banging noise resembling a hammering sound that occurs when moving water is suddenly stopped, causing a rise in pressure and resulting shock wave.",Fluid Dynamics,water hammer; pressure surge; shock wave; hydraulic transients
1316,Select the most accurate option: What is radiosity in radiometry? among the listed options.,"Radiosity is the radiant flux leaving a surface per unit area, including emitted, reflected, and transmitted radiation.",Radiometry,radiosity; radiant flux; surface radiation; optical physics
1317,"Select the most accurate option: What is the reason behind the designation of Class L dwarfs, and what is their color and composition? carefully.","Class L dwarfs are cooler than M stars and are designated L because L is the remaining letter alphabetically closest to M. They are dark red in color and are brightest in infrared. Their atmosphere is cool enough to allow metal hydrides and alkali metals to be prominent in their spectra. Some of these objects have masses large enough to support hydrogen fusion and are therefore stars, but most are of substellar mass and are therefore brown dwarfs.",Astrophysics,Class L dwarfs; substellar mass; hydrogen fusion; metal hydrides; brown dwarfs
1318,Select the most accurate option: What is the significance of the redshift-distance relationship in determining the expansion history of the universe? among the listed options.,"Observations of the redshift-distance relationship can be used to determine the expansion history of the universe and the matter and energy content, especially for distant galaxies whose light has been travelling to us for much longer times.",Cosmology,redshift-distance relationship; expansion history; matter and energy content; galactic observation
1319,Select the most accurate option: What are coherent turbulent structures? carefully.,"Coherent turbulent structures are more elementary components of complex multi-scale and chaotic motions in turbulent flows, which have temporal coherence and persist in their form for long enough periods that the techniques of time-averaged statistics can be applied.",Fluid Dynamics,coherent turbulent structures; multi-scale motions; temporal coherence; time-averaged statistics
1320,Select the most accurate option: What is a light-year? among the listed options.,A unit of length used to express astronomical distances that is equivalent to the distance that an object moving at the speed of light in vacuum would travel in one Julian year: approximately 9.46 trillion kilometres (9.46×1012 km) or 5.88 trillion miles (5.88×1012 mi).,Astronomy,light-year; Julian year; astronomical distances; speed of light; vacuum velocity
1321,Pick the best possible answer: What are permutation-inversion groups?,"Permutation-inversion groups are groups of symmetry operations that are energetically feasible permutations of identical nuclei or inversion with respect to the center of mass, or a combination of both.",Molecular Symmetry,permutation-inversion groups; symmetry operations; center of mass; identical nuclei; molecular rotation
1322,Select the most accurate option: What is a trophic level in an ecological pyramid? among the listed options.,A group of organisms that acquire most of their energy from the level below them in the pyramid.,Ecology,trophic level; ecological pyramid; energy flow; food chain dynamics
1323,Choose the correct answer: What is the relation between the three moment theorem and the bending moments at three successive supports of a continuous beam? among the listed options.,"The three moment theorem describes the relationship between bending moments at three successive supports of a continuous beam, subject to a loading on two adjacent spans with or without settlement of the supports.",Structural Engineering,three moment theorem; bending moments; continuous beam; deflection curve; support settlement
1324,Pick the best possible answer: Which of the following statements accurately describes the origin and significance of the triskeles symbol? from the following choices.,"The triskeles symbol was reconstructed as a feminine divine triad by the rulers of Syracuse, and later adopted as an emblem. Its usage may also be related to the Greek name of Sicily, Trinacria, which means ""having three headlands."" The head of Medusa at the center of the Sicilian triskeles represents the three headlands.",Mythology And Heraldry,triskeles; Trinacria; Syracuse; Medusa; feminine divine triad
1325,Pick the best possible answer: What is the variation between redshift due to the expansion of the universe and Doppler redshift? from the following choices.,"Redshift due to the expansion of the universe depends on the cosmological model chosen to describe the expansion of the universe, while Doppler redshift depends on the local velocity of the object emitting the light.",Cosmology,cosmological redshift; Doppler effect; scale factor; expansion of the universe
1326,Select the most accurate option: What is a virtual particle? based on the given context.,A particle that is not directly observable but is inferred from its effects on measurable particles.,Quantum Physics,virtual particles; quantum field theory; observable effects; particle physics
1327,Select the most accurate option: What was the aim of the Gravity Probe B (GP-B) mission? carefully.,"To measure spacetime curvature near Earth, with particular emphasis on gravitomagnetism.",General Relativity,Gravity Probe B; gravitomagnetism; spacetime curvature; de Sitter precession; geodetic effect
1328,Pick the best possible answer: What is the proper distance for a redshift of 8.2? based on the given context.,"The proper distance for a redshift of 8.2 is about 9.2 Gpc, or about 30 billion light-years.",Cosmology,proper distance; redshift; gigaparsecs; light-years
1329,Determine the correct option: What are the two main factors that cause resistance in a metal? based on the given context.,"The amount of resistance in a metal is mainly caused by the temperature and the purity of the metal. Higher temperatures cause bigger vibrations, and a mixture of different ions acts as an irregularity.",Materials Science,electrical resistance; metallic purity; thermal vibration; ionic irregularities
1330,Who was Giordano Bruno?,An Italian philosopher who supported the Copernican theory that Earth and other planets orbit the Sun and believed that fixed stars are similar to the Sun and have planets orbiting them.,History Of Science,Giordano Bruno; Copernican theory; heliocentrism; astronomical philosophy
1331,Choose the correct answer: How many crystallographic point groups are there in three-dimensional space? among the listed options.,32,Crystallography,crystallographic point groups; three-dimensional space; symmetry operations; crystal systems
1332,Which of the following is correct? What is geometric quantization in mathematical physics? among the listed options.,Geometric quantization is a mathematical approach to defining a quantum principle corresponding to a given classical principle. It attempts to carry out quantization in such a way that certain analogies between the classical principle and the quantum principle remain manifest.,Mathematical Physics,geometric quantization; classical framework; quantum framework; mathematical physics; quantization theory
1333,What is the role of axioms in a formal theory?,"Basis statements called axioms form the foundation of a formal theory and, together with the deducing rules, help in deriving a set of statements called theorems using proof theory.",Mathematical Logic,formal theory; proof theory; axioms; theorem derivation
1334,Pick the best possible answer: What is the Kelvin-Helmholtz instability and how does it affect Earth's magnetosphere? from the following choices.,"The Kelvin-Helmholtz instability is a phenomenon that occurs when large swirls of plasma travel along the edge of the magnetosphere at a different velocity from the magnetosphere, causing the plasma to slip past. This results in magnetic reconnection, and as the magnetic field lines break and reconnect, solar wind particles are able to enter the magnetosphere.",Space Physics,Kelvin-Helmholtz instability; magnetosphere; magnetic reconnection; solar wind; plasma dynamics
1335,Identify the correct statement: What is the reason for the sun appearing slightly yellowish when viewed from Earth? from the following choices.,"The longer wavelengths of light, such as red and yellow, are not scattered away and are directly visible when looking towards the sun.",Atmospheric Optics,Rayleigh scattering; light wavelength; atmospheric refraction; spectral absorption
1336,Determine the correct option: What is the SI unit of the physical quantity m/Q?,Kilogram per coulomb,Physics Units,SI units; physical quantities; dimensional analysis; unit conversion
1337,Identify the correct statement: What is the significance of the redshift-distance relationship in determining the expansion history of the universe? from the following choices.,"Observations of the redshift-distance relationship can be used to determine the expansion history of the universe and the matter and energy content, especially for distant galaxies whose light has been travelling to us for much longer times.",Cosmology,redshift-distance relationship; expansion history; matter and energy content; galactic observation
1338,Choose the correct answer: What is the Optical Signal-to-Noise Ratio (OSNR)? based on the given context.,"The Optical Signal-to-Noise Ratio (OSNR) is the ratio between the signal power and the noise power in a given bandwidth, used to describe the signal quality without taking the receiver into account.",Optical Engineering,Optical Signal-to-Noise Ratio; signal power; noise power; dynamic range; bandwidth
1339,Pick the best possible answer: What is the role of the Higgs boson in the Standard Model?,"The Higgs boson is responsible for giving mass to all the elementary particles, except the photon and gluon, in the Standard Model.",Particle Physics,Higgs boson; Standard Model; elementary particles; mass generation; gauge bosons
1340,Pick the best possible answer: What is the relationship between the Hamiltonians and eigenstates in supersymmetric quantum mechanics?,"For every eigenstate of one Hamiltonian, its partner Hamiltonian has a corresponding eigenstate with the same energy.",Quantum Mechanics,supersymmetric quantum mechanics; Hamiltonians; eigenstates; energy degeneracy
1341,"Determine the correct option: How do the Lunar Laser Ranging Experiment, radar astronomy, and the Deep Space Network determine distances to the Moon, planets, and spacecraft? from the following choices.",They measure round-trip transit times.,Space Science,Lunar Laser Ranging; radar astronomy; round-trip transit time; deep space network
1342,Determine the correct option: What is the definition of Atomristor?,Atomristor is defined as the electrical devices showing memristive behavior in atomically thin nanomaterials or atomic sheets.,Nanoelectronics,Atomristor; memristive behavior; MoOx/MoS2 heterostructure; transition metal dichalcogenides; memcapacitive effect
1343,Determine the correct option: What is the fate of a carbocation formed in crystalline naphthalene?,"The carbocation gains an electron from surrounding molecules, becoming an electrically neutral radical.",Organic Chemistry,carbocation; crystalline naphthalene; ion stability; chemical kinetics
1344,Identify the correct statement: What was the aim of the Gravity Probe B (GP-B) mission? from the following choices.,"To measure spacetime curvature near Earth, with particular emphasis on gravitomagnetism.",General Relativity,Gravity Probe B; gravitomagnetism; spacetime curvature; geodetic effect; de Sitter precession
1345,Pick the best possible answer: What is the gravitomagnetic interaction? from the following choices.,"The gravitomagnetic interaction is a new force of nature generated by rotating matter, whose intensity is proportional to the rate of spin, according to the general concept of relativity.",General Relativity,gravitomagnetic interaction; rotating matter; gravitational permeability; Meissner effect analogue
1346,Choose the correct answer: What is the application of Memristor? from the following choices.,"Memristor has applications in programmable logic signal processing, Super-resolution imaging, physical neural networks, control mechanisms, reconfigurable computing, in-memory computing, brain–computer interfaces and RFID.",Neuromorphic Engineering,memristor; in-memory computing; physical neural networks; reconfigurable computing; brain–computer interfaces
1347,Identify the correct statement: What is the piezoelectric strain coefficient for AT-cut quartz crystals? from the following choices.,d = 3.1·10‑12 m/V,Materials Science,piezoelectric strain coefficient; AT-cut quartz; crystal oscillators; electromechanical coupling
1348,Identify the correct statement: What is the second law of thermodynamics? carefully.,The second law of thermodynamics is a physical law based on universal experience concerning heat and energy interconversions. It establishes the concept of entropy as a physical property of a thermodynamic framework and can be used to predict whether processes are forbidden despite obeying the requirement of conservation of energy as expressed in the first law of thermodynamics.,Thermodynamics,second law of thermodynamics; heat energy interconversions; internal energy; cyclic process; conservation of energy
1349,Determine the correct option: What is the Evans balance? based on the given context.,The Evans balance is a mechanism used to measure the susceptibility of a sample by measuring the force change on a strong compact magnet upon insertion of the sample.,Magnetic Resonance Physics,Evans balance; magnetic susceptibility; NMR frequency; magnetic field distortion
1350,Pick the best possible answer: What is reciprocal length or inverse length? based on the given context.,"Reciprocal length or inverse length is a quantity or measurement used in several branches of science and mathematics. It is the reciprocal of length, and common units used for this measurement include the reciprocal metre or inverse metre (symbol: m−1), the reciprocal centimetre or inverse centimetre (symbol: cm−1).",Dimensional Analysis,reciprocal length; inverse units; dimensional quantities; unit conversion
1351,Identify the correct statement: What is the application of Memristor? among the listed options.,"Memristor has applications in programmable logic signal processing, Super-resolution imaging, physical neural networks, control structures, reconfigurable computing, in-memory computing, brain–computer interfaces and RFID.",Neuromorphic Engineering,memristor; in-memory computing; physical neural networks; reconfigurable computing; brain–computer interfaces
1352,Determine the correct option: What is the SI base unit of time and how is it defined? based on the given context.,"The SI base unit of time is the second, which is defined by measuring the electronic transition frequency of caesium atoms.",Metrology,SI base units; caesium atom transition; time measurement; international system units
1353,Which of the following is correct? What is the relationship between the Hamiltonians and eigenstates in supersymmetric quantum mechanics? from the following choices.,"For every eigenstate of one Hamiltonian, its partner Hamiltonian has a corresponding eigenstate with the same energy.",Quantum Mechanics,supersymmetric quantum mechanics; Hamiltonians; eigenstates; energy degeneracy
1354,Choose the correct answer: What is the significance of the redshift-distance relationship in determining the expansion history of the universe? from the following choices.,"Observations of the redshift-distance relationship can be used to determine the expansion history of the universe and the matter and energy content, especially for distant galaxies whose light has been travelling to us for much longer times.",Cosmology,redshift-distance relationship; expansion history; matter and energy content; galactic observation
1355,"Pick the best possible answer: What is a ""coffee ring"" in physics? from the following choices.","A pattern left by a particle-laden liquid after it evaporates, named for the characteristic ring-like deposit along the perimeter of a spill of coffee or red wine.",Fluid Dynamics,coffee ring effect; evaporation dynamics; particle-laden liquid; surface tension; deposition patterns
1356,Identify the correct statement: What is the Roche limit? from the following choices.,The Roche limit is the distance at which tidal effects would cause an object to disintegrate since differential force from a planet overcomes the attraction of the parts between them.,Astrophysics,Roche limit; tidal forces; celestial mechanics; orbital dynamics
1357,Identify the correct statement: What is the Droste effect? among the listed options.,"The Droste effect is a recursive image effect in which a picture appears within itself in a place where a similar picture would realistically be expected to appear. This creates a loop that can continue as far as the image's resolution allows, and is named after a Dutch brand of cocoa.",Visual Arts & Optics,Droste effect; recursive imagery; self-referential images; optical illusion
1358,Determine the correct option: What is the isophotal diameter used for in measuring a galaxy's size? carefully.,The isophotal diameter is a conventional way of measuring a galaxy's size based on its apparent surface brightness.,Extragalactic Astronomy,isophotal diameter; surface brightness; galactic morphology; observational astronomy
1359,Choose the correct answer: What is the purpose of the proximity-focusing design in a RICH detector? from the following choices.,"To emit a cone of Cherenkov light that traverses a small distance and is detected on the photon detector plane, creating a ring of light whose radius is defined by the Cherenkov emission angle and the proximity gap.",Particle Physics,RICH detector; Cherenkov radiation; proximity-focusing; photon detector plane
1360,Identify the correct statement: What is the significance of Baryon Acoustic Oscillations (BAOs) in the study of the universe? among the listed options.,"BAOs establish a preferred length scale for baryons, which can be used to detect a subtle preference for pairs of galaxies to be separated by 147 Mpc, compared to those separated by 130-160 Mpc.",Cosmology,Baryon Acoustic Oscillations; cosmic microwave background; galaxy distribution; preferred length scale
1361,Identify the correct statement: Who was the first person to describe the pulmonary circulation framework? based on the given context.,Ibn al-Nafis,History Of Medicine,pulmonary circulation; Ibn al-Nafis; physiological history; anatomical framework
1362,Which of the following is correct? What is the most popular explanation for the shower-curtain effect? based on the given context.,Bernoulli's principle,Fluid Dynamics,Bernoulli's principle; pressure differential; fluid velocity; aerodynamic effects
1363,Choose the correct answer: What is the relationship between interstellar and cometary chemistry? among the listed options.,"There is a possible connection between interstellar and cometary chemistry, as indicated by the similarity between interstellar and cometary ices and the analysis of organics from comet samples returned by the Stardust mission.",Astrochemistry,interstellar chemistry; cometary chemistry; organic molecules; Stardust mission; molecular ices
1364,Determine the correct option: What is the significance of regularization in terms of renormalization problems in physics?,Regularizing the mass-energy of an electron with a finite radius is a means of demonstrating that a mechanism below a certain size can be explained without the need for further calculations. This approach can be applied to other renormalization problems as well.,Theoretical Physics,renormalization; regularization; mass-energy; singularities; quantum field theory
1365,"Identify the correct statement: What is the reason behind the designation of Class L dwarfs, and what is their color and composition?","Class L dwarfs are cooler than M stars and are designated L because L is the remaining letter alphabetically closest to M. They are dark red in color and are brightest in infrared. Their atmosphere is cool enough to allow metal hydrides and alkali metals to be prominent in their spectra. Some of these objects have masses large enough to support hydrogen fusion and are therefore stars, but most are of substellar mass and are therefore brown dwarfs.",Astrophysics,Class L dwarfs; substellar mass; hydrogen fusion; metal hydrides; brown dwarfs
1366,Pick the best possible answer: What is the relationship between Coordinated Universal Time (UTC) and Universal Time (UT1)? among the listed options.,"UTC is an atomic time scale designed to approximate Universal Time (UT1), but it differs from UT1 by an integral number of seconds. UTC is kept within 0.9 second of UT1 by the introduction of one-second steps to UTC, the ""leap second"".",Chronometry,Coordinated Universal Time; Universal Time; leap second; atomic time scale; Earth rotation irregularities
1367,Choose the correct answer: What is the Ozma Problem? carefully.,"The Ozma Problem is a conundrum that examines whether there is any fundamental asymmetry to the universe. It concerns various aspects of atomic and subatomic physics and how they relate to mirror asymmetry and the related concepts of chirality, antimatter, magnetic and electrical polarity, parity, charge and spin.",Theoretical Physics,Ozma Problem; mirror asymmetry; chirality; parity; time invariance
1368,Choose the correct answer: Which of the following statements is true about the categorization of planetary structures according to their orbital dynamics?,"Planetary frameworks can be categorized as resonant, non-resonant-interacting, hierarchical, or some combination of these.",Celestial Mechanics,orbital dynamics; resonant structures; hierarchical frameworks; planetary systems
1369,Pick the best possible answer: What is the main focus of the Environmental Science Center at Qatar University? carefully.,"Environmental studies, with a main focus on marine science, atmospheric and biological sciences.",Environmental Science,marine science; atmospheric sciences; environmental studies; Qatar University
1370,Which of the following is correct? What is linear frame dragging?,"Linear frame dragging is the effect of the general principle of relativity applied to linear momentum, which is similarly inevitable to the rotational effect. It is a tiny effect that is difficult to confirm experimentally and often omitted from articles on frame-dragging.",General Relativity,linear frame dragging; rotational momentum; general principle of relativity; spacetime curvature
1371,What is the reason behind the largest externally observed electrical effects when two conductors are separated by the smallest distance without touching?,"The surface charge on a conductor depends on the magnitude of the electric field, which in turn depends on the distance between the surfaces.",Electromagnetism,surface charge; electric field; conductor proximity; electrostatic interaction
1372,Determine the correct option: What is the Maxwell's Demon thought experiment? among the listed options.,"A thought experiment in which a demon guards a microscopic trapdoor in a wall separating two parts of a container filled with the same gas at equal temperatures. The demon selectively allows faster-than-average molecules to pass from one side to the other, causing a reduce in temperature in one part and an enhance in temperature in the other, contrary to the second law of thermodynamics.",Thermodynamics,Maxwell's Demon; second law of thermodynamics; statistical mechanics; entropy; kinetic theory
1373,What are some models that attempt to account for all observations without invoking supplemental non-baryonic matter?,"Modified Newtonian dynamics, tensor–vector–scalar gravity, or entropic gravity.",Theoretical Physics,Modified Newtonian dynamics; tensor–vector–scalar gravity; entropic gravity; non-baryonic matter
1374,Determine the correct option: What is the reason for recycling rare metals according to the United Nations? among the listed options.,"The demand for rare metals will quickly exceed the consumed tonnage in 2013, and recycling rare metals with a worldwide production lower than 100 000 t/year is urgent and priority should be placed on it in order to conserve natural resources and energy.",Resource Economics,rare metal recycling; resource conservation; production tonnage; sustainable development
1375,Determine the correct option: What is linear frame dragging?,"Linear frame dragging is the effect of the general principle of relativity applied to linear momentum, which is similarly inevitable to the rotational effect. It is a tiny effect that is difficult to confirm experimentally and often omitted from articles on frame-dragging.",General Relativity,linear frame dragging; rotational momentum; general principle of relativity; spacetime curvature
1376,Choose the correct answer: What is the distinction between illuminance and luminance? carefully.,"Illuminance is the amount of light falling on a surface per unit area, while luminance is the amount of light emitted by a source per unit area.",Photometry,illuminance; luminance; luminous flux; surface radiance
1377,Select the most accurate option: What is the Minkowski diagram used for? among the listed options.,The Minkowski diagram is used to define concepts and demonstrate properties of Lorentz transformations and to provide geometrical interpretation to the generalization of Newtonian mechanics to relativistic mechanics.,Theoretical Physics,Minkowski diagram; Lorentz transformations; special relativity; relativistic mechanics
1378,Which of the following is correct? What is the gravitomagnetic interaction? carefully.,"The gravitomagnetic interaction is a new force of nature generated by rotating matter, whose intensity is proportional to the rate of spin, according to the general framework of relativity.",General Relativity,gravitomagnetic interaction; rotating matter; gravitational permeability; Meissner effect; general relativity
1379,Determine the correct option: What did Newton adopt after his correspondence with Hooke in 1679-1680? based on the given context.,The language of inward or centripetal force.,History Of Science,Isaac Newton; Robert Hooke; centripetal force; gravitational theory; scientific correspondence
1380,Which of the following is correct? What is an order parameter? among the listed options.,An order parameter is a measure of the degree of symmetry breaking in a physical structure.,Condensed Matter Physics,order parameter; symmetry breaking; phase transitions; physical structure
1381,Pick the best possible answer: What is the relationship between dielectric loss and the transparency of a material? from the following choices.,"Dielectric loss in a material can cause absorption, which can reduce the material's transparency at higher frequencies.",Materials Science,dielectric loss; material transparency; electromagnetic absorption; high-frequency optics
1382,Which of the following is correct? What are permutation-inversion groups? from the following choices.,"Permutation-inversion groups are groups of symmetry operations that are energetically feasible permutations of identical nuclei or inversion with respect to the center of mass, or a combination of both.",Molecular Symmetry,permutation-inversion groups; symmetry operations; center of mass; identical nuclei; molecular rotation
1383,Determine the correct option: What is the metallicity of Kapteyn's star estimated to be? among the listed options.,8 times less than the Sun,Astrophysics,metallicity; Kapteyn's star; stellar composition; stellar evolution
1384,Select the most accurate option: What is the relationship between Coordinated Universal Time (UTC) and Universal Time (UT1)?,"UTC is an atomic time scale designed to approximate Universal Time (UT1), but it differs from UT1 by an integral number of seconds. UTC is kept within 0.9 second of UT1 by the introduction of one-second steps to UTC, the ""leap second"".",Chronometry,Coordinated Universal Time; Universal Time; leap second; atomic time scale; Earth rotation
1385,Choose the correct answer: What is the significance of the high degree of fatty-acyl disorder in the thylakoid membranes of plants?,The high degree of fatty-acyl disorder in the thylakoid membranes of plants allows for innate fluidity even at relatively low temperatures.,Plant Biochemistry,thylakoid membranes; fatty-acyl disorder; membrane fluidity; gel-to-liquid crystalline phase transition
1386,Determine the correct option: What is the distinction between natural convection and forced convection? carefully.,"Natural convection occurs when a fluid is in contact with a hot surface, causing the fluid to be less dense and displaced, while forced convection is when a fluid is forced to flow over the surface by an internal source such as fans, stirring, and pumps.",Fluid Dynamics,natural convection; forced convection; heat transfer; fluid flow; density displacement
1387,Determine the correct option: What is the Roche limit? carefully.,The Roche limit is the distance at which tidal effects would cause an object to disintegrate since differential force from a planet overcomes the attraction of the parts between them.,Astrophysics,Roche limit; tidal forces; celestial mechanics; gravitational disintegration
1388,Determine the correct option: What is the Evans balance? from the following choices.,The Evans balance is a mechanism used to measure the susceptibility of a sample by measuring the force change on a strong compact magnet upon insertion of the sample.,Magnetic Resonance Spectroscopy,Evans balance; magnetic susceptibility; NMR frequency; magnetic field distortion
1389,"Select the most accurate option: What is the meaning of the term ""horror vacui""? based on the given context.",The commonly held view that nature abhorred a vacuum.,Philosophy Of Science,horror vacui; Cartesian metaphysics; vacuum theory; spatial-corporeal component
1390,Which of the following is correct? What is the distinction between the coevolution of myrmecophytes and the mutualistic symbiosis of mycorrhiza? from the following choices.,"Myrmecophytes coevolve with ants, providing them with a home and sometimes food, while the ants defend the plant from herbivores and competing plants. On the other hand, mycorrhiza is a mutualistic symbiosis between plants and fungi, where the fungi help the plants gain water and mineral nutrients from the soil, while the plant gives the fungi carbohydrates manufactured in photosynthesis.",Ecology,myrmecophytes; mutualistic symbiosis; mycorrhiza; coevolution; nutrient exchange
1391,Identify the correct statement: What is a trophic level in an ecological pyramid?,A group of organisms that acquire most of their energy from the level below them in the pyramid.,Ecology,trophic level; ecological pyramid; energy flow; ecosystem dynamics
1392,Identify the correct statement: What is the information loss paradox in black holes? based on the given context.,"Black holes have only a few internal parameters, so most of the information about the matter that went into forming the black hole is lost. Regardless of the type of matter which goes into a black hole, it appears that only information concerning the total mass, charge, and angular momentum are conserved. As black holes evaporate by emitting Hawking radiation, the information is lost forever.",Theoretical Physics,information loss paradox; Hawking radiation; black hole evaporation; quantum mechanics
1393,What is the Evans balance?,The Evans balance is a system used to measure the susceptibility of a sample by measuring the force change on a strong compact magnet upon insertion of the sample.,Magnetic Resonance Physics,Evans balance; magnetic susceptibility; NMR frequency; magnetic field distortion; crystal susceptibility
1394,Which of the following is correct? What is the main factor that determines the occurrence of each type of supernova? among the listed options.,The progenitor star's metallicity,Astrophysics,supernova types; progenitor stars; stellar metallicity; stellar evolution
1395,What is the purpose of the proximity-focusing design in a RICH detector?,"To emit a cone of Cherenkov light that traverses a small distance and is detected on the photon detector plane, creating a ring of light whose radius is defined by the Cherenkov emission angle and the proximity gap.",Particle Physics,RICH detector; Cherenkov emission; proximity-focusing; photon detector plane
1396,"Choose the correct answer: Which of the following statements accurately describes the impact of Modified Newtonian Dynamics (MOND) on the observed ""missing baryonic mass"" discrepancy in galaxy clusters? from the following choices.",MOND is a framework that reduces the discrepancy between the observed missing baryonic mass in galaxy clusters and the measured velocity dispersions from a factor of around 10 to a factor of about 2.,Astrophysics,Modified Newtonian Dynamics; baryonic mass; velocity dispersions; galaxy clusters
1397,Determine the correct option: What is the definition of Atomristor? from the following choices.,Atomristor is defined as the electrical devices showing memristive behavior in atomically thin nanomaterials or atomic sheets.,Nanoelectronics,Atomristor; memristive devices; MoOx/MoS2 heterostructure; transition metal dichalcogenides; atomically thin nanomaterials
1398,What is the term used in astrophysics to describe light-matter interactions resulting in energy shifts in the radiation field?,Reddening,Astrophysics,light-matter interactions; energy shifts; blueshifting; redshifting; radiation field
1399,What is resistivity?,Resistivity is an intrinsic property of a material that describes how difficult it is to make electrical current flow through it. It is measured in ohm-meters and is independent of the material's shape and size.,Electrical Engineering,resistivity; intrinsic property; ohm-meters; electrical current flow
1400,What is the definition of anatomy?,Anatomy is a branch of morphology that deals with the structure of organisms.,Biological Morphology,anatomical structure; body plan; morphological features; taxonomical categorization
1401,Determine the correct option: What is the evidence for the existence of a supermassive black hole at the center of the Milky Way galaxy? from the following choices.,"The star S2 follows an elliptical orbit with a period of 15.2 years and a pericenter of 17 light-hours from the center of the central object. From the motion of star S2, the object's mass can be estimated as 4.0 million M☉, or about 7.96×1036 kg. The radius of the central object must be less than 17 light-hours, because otherwise S2 would collide with it. Observations of the star S14 indicate that the radius is no more than 6.25 light-hours, about the diameter of Uranus' orbit. No known astronomical object other than a black hole can contain 4.0 million M☉ in this volume of space.",Astrophysics,supermassive black hole; Sagittarius A*; stellar orbits; solar masses; orbital mechanics
1402,What is the purpose of measuring the Larmor precession fields at about 100 microtesla with highly sensitive superconducting quantum interference devices (SQUIDs) in ultra-low field MRI?,"To obtain sufficient signal quality in the microtesla-to-millitesla range, where MRI has been demonstrated recently.",Magnetic Resonance Imaging,Larmor precession; superconducting quantum interference devices; ultra-low field MRI; T1 relaxation; magnetization measurement
1403,Which of the following is correct? What is water hammer? carefully.,"Water hammer is a loud banging noise resembling a hammering sound that occurs when moving water is suddenly stopped, causing a rise in pressure and resulting shock wave.",Fluid Dynamics,water hammer; pressure surge; shock wave; hydraulic transients
1404,Which of the following is correct? What is magnetic susceptibility? based on the given context.,"Magnetic susceptibility is a measure of how much a material will become magnetized in an applied magnetic field. It is the ratio of magnetization to the applied magnetizing field intensity, allowing for a simple classification of most materials' responses to an applied magnetic field.",Magnetism,magnetic susceptibility; magnetization; magnetizing field intensity; material classification
1405,Select the most accurate option: What is the Ramsauer-Townsend effect? among the listed options.,The Ramsauer-Townsend effect is a physical phenomenon that involves the scattering of low-energy electrons by atoms of a noble gas. It requires the wave principle of quantum mechanics to be explained.,Quantum Mechanics,Ramsauer-Townsend effect; electron scattering; wave principle; noble gas interaction
1406,Pick the best possible answer: What is the Liouville density? among the listed options.,The Liouville density is a probability distribution that specifies the probability of finding a particle at a certain position in phase space for a collection of particles.,Quantum Mechanics,Liouville density; phase space; quasiprobability distribution; quantum-mechanical interference
1407,Select the most accurate option: What is the synapstor or synapse transistor?,A device used to demonstrate a neuro-inspired circuit that shows long-term potentiation for learning and inactivity-based forgetting.,Neuromorphic Engineering,synapse transistor; short-term potentiation; neuro-inspired circuits; synaptic plasticity
1408,Select the most accurate option: What is a regular polytope? carefully.,A regular polytope is a geometric shape whose symmetry group is transitive on its flags.,Geometry,regular polytope; symmetry group; flag-transitivity; geometric shapes
1409,Which of the following is correct? What is the reason for the formation of stars exclusively within molecular clouds? from the following choices.,"The low temperatures and high densities of molecular clouds cause the gravitational force to exceed the internal pressures that are acting ""outward"" to prevent a collapse.",Astrophysics,stellar formation; molecular clouds; gravitational collapse; hydrostatic equilibrium
1410,What is the most popular explanation for the shower-curtain effect?,Bernoulli's principle,Fluid Dynamics,Bernoulli's principle; pressure differential; fluid velocity; aerodynamic effects
1411,Pick the best possible answer: What is Hesse's principle of transfer in geometry?,"Hesse's principle of transfer is a concept in geometry that states that if the points of the projective line P1 are depicted by a rational normal curve in Pn, then the group of the projective transformations of Pn that preserve the curve is isomorphic to the group of the projective transformations of P1.",Projective Geometry,Hesse's principle of transfer; rational normal curve; projective transformations; group isomorphism
1412,Select the most accurate option: What is the reason behind the adoption of a logarithmic scale of 5√100 ≈ 2.512 between magnitudes in astronomy? based on the given context.,The logarithmic scale was adopted to ensure that five magnitude steps corresponded precisely to a factor of 100 in brightness.,Astrophysics,logarithmic scale; stellar magnitude; apparent brightness; astronomical measurement
1413,"Select the most accurate option: How do the Lunar Laser Ranging Experiment, radar astronomy, and the Deep Space Network determine distances to the Moon, planets, and spacecraft? carefully.",They measure round-trip transit times.,Space Science,Lunar Laser Ranging; radar astronomy; round-trip transit time; Deep Space Network
1414,Determine the correct option: What is the Heisenberg uncertainty principle and how does it relate to angular momentum in quantum mechanics? carefully.,"The Heisenberg uncertainty principle states that at any given time, only one projection of angular momentum can be measured with definite precision, while the other two remain uncertain. This is because angular momentum, like other quantities in quantum mechanics, is expressed as an operator with quantized eigenvalues.",Quantum Mechanics,Heisenberg uncertainty principle; angular momentum; tensorial operator; quantized eigenvalues; spin
1415,"Pick the best possible answer: What is the concept of simultaneity in Einstein's book, Relativity? carefully.","Simultaneity is relative, meaning that two events that appear simultaneous to an observer in a particular inertial reference frame need not be judged as simultaneous by a second observer in a different inertial frame of reference.",Theoretical Physics,relativity of simultaneity; inertial reference frame; special relativity; spacetime physics
1416,What happens to an initially inhomogeneous physical system that is isolated by a thermodynamic operation?,It will generally change its internal state over time.,Thermodynamics,inhomogeneous physical system; thermodynamic operation; internal state; subsystem isolation
1417,Identify the correct statement: What is the Optical Signal-to-Noise Ratio (OSNR)? among the listed options.,"The Optical Signal-to-Noise Ratio (OSNR) is the ratio between the signal power and the noise power in a given bandwidth, used to describe the signal quality without taking the receiver into account.",Optical Communications,Optical Signal-to-Noise Ratio; signal power; noise power; dynamic range; bandwidth
1418,Choose the correct answer: What is the relationship between the Wigner function and the density matrix operator?,"The Wigner function W(x, p) is the Wigner transform of the density matrix operator ρ̂, and the trace of an operator with the density matrix Wigner-transforms to the equivalent phase-space integral overlap of g(x,p) with the Wigner function.",Quantum Mechanics,Wigner function; density matrix operator; phase-space integral; Moyal bracket; Wigner transform
1419,Identify the correct statement: What is the contrast between illuminance and luminance? from the following choices.,"Illuminance is the amount of light falling on a surface per unit area, while luminance is the amount of light emitted by a source per unit area.",Photometry,illuminance; luminance; luminous flux; radiometric measurement
1420,Pick the best possible answer: What is the Einstein@Home project? based on the given context.,The Einstein@Home project is a distributed computing project that aims to detect simple gravitational waves with constant frequency. It takes data from LIGO and GEO and sends it out in little pieces to thousands of volunteers for parallel analysis on their home computers.,Computational Astrophysics,distributed computing; gravitational waves; binary black holes; parallel analysis; LIGO data
1421,Pick the best possible answer: What is the formalism that angular momentum is associated with in rotational invariance? among the listed options.,Angular momentum is the 2-form Noether charge associated with rotational invariance.,Theoretical Physics,Noether charge; rotational invariance; differential forms; angular momentum formalism
1422,Select the most accurate option: What is the Roche limit? from the following choices.,The Roche limit is the distance at which tidal effects would cause an object to disintegrate since differential force from a planet overcomes the attraction of the parts between them.,Astrophysics,Roche limit; tidal forces; celestial mechanics; orbital dynamics
1423,Choose the correct answer: What is the reason for the stochastic nature of all observed resistance-switching processes? carefully.,"The device is subjected to random thermal fluctuations, which trigger the switching event, but it is impossible to predict when it will occur.",Neuromorphic Engineering,resistance-switching processes; free-energy barriers; thermal fluctuations; stochastic switching; memristive devices
1424,Determine the correct option: What is a Schwarzschild black hole? from the following choices.,"A black hole that has mass but neither electric charge nor angular momentum, and is spherically symmetric, according to Birkhoff's theorem.",General Relativity,Schwarzschild black hole; Birkhoff's theorem; angular momentum; spherical symmetry
1425,Choose the correct answer: What is the contrast between redshift due to the expansion of the universe and Doppler redshift? from the following choices.,"Redshift due to the expansion of the universe depends on the cosmological model chosen to describe the expansion of the universe, while Doppler redshift depends on the local velocity of the object emitting the light.",Cosmology,cosmological redshift; Doppler effect; scale factor; expansion of the universe
1426,Identify the correct statement: What is the reason behind the adoption of a logarithmic scale of 5√100 ≈ 2.512 between magnitudes in astronomy? among the listed options.,The logarithmic scale was adopted to ensure that five magnitude steps corresponded precisely to a factor of 100 in brightness.,Astrophysics,logarithmic scale; stellar magnitude; apparent brightness; astronomical measurements
1427,Determine the correct option: What is the reason for the stochastic nature of all observed resistance-switching processes? among the listed options.,"The device is subjected to random thermal fluctuations, which trigger the switching event, but it is impossible to predict when it will occur.",Neuromorphic Engineering,resistance-switching processes; stochasticity; free-energy barriers; thermal fluctuations; memristive devices
1428,Identify the correct statement: What is the reason for heating metals to a temperature just above the upper critical temperature? based on the given context.,"To prevent the grains of solution from growing too large, which enhances mechanical properties such as toughness, shear strength, and tensile strength.",Materials Science,upper critical temperature; grain growth; mechanical properties; metallurgy; tensile strength
1429,Select the most accurate option: Which of the following statements accurately describes the relationship between the dimensions of a diffracting object and the angular spacing of features in the diffraction pattern?,"The angular spacing of features in the diffraction pattern is inversely proportional to the dimensions of the object causing the diffraction. Therefore, if the diffracting object is smaller, the resulting diffraction pattern will be wider.",Wave Optics,diffraction pattern; angular spacing; wave interference; optical physics
1430,Identify the correct statement: What is the relationship between Coordinated Universal Time (UTC) and Universal Time (UT1)? based on the given context.,"UTC is an atomic time scale designed to approximate Universal Time (UT1), but it differs from UT1 by an integral number of seconds. UTC is kept within 0.9 second of UT1 by the introduction of one-second steps to UTC, the ""leap second"".",Chronometry,Coordinated Universal Time; Universal Time; leap second; atomic time scale; Earth rotation
1431,Determine the correct option: What is the origin of the permanent moment in paramagnetism? among the listed options.,The permanent moment is generally due to the spin of unpaired electrons in atomic or molecular electron orbitals.,Quantum Magnetism,paramagnetism; permanent moment; unpaired electrons; angular momentum; thermal agitation
1432,Which of the following is correct? What is the Maxwell's Demon thought experiment?,"A thought experiment in which a demon guards a microscopic trapdoor in a wall separating two parts of a container filled with the same gas at equal temperatures. The demon selectively allows faster-than-average molecules to pass from one side to the other, causing a reduce in temperature in one part and an enhance in temperature in the other, contrary to the second law of thermodynamics.",Thermodynamics,Maxwell's Demon; second law of thermodynamics; statistical mechanics; entropy; kinetic theory
1433,Identify the correct statement: What is the Droste effect? based on the given context.,"The Droste effect is a recursive image effect in which a picture appears within itself in a place where a similar picture would realistically be expected to appear. This creates a loop that can continue as far as the image's resolution allows, and is named after a Dutch brand of cocoa.",Visual Arts & Optics,Droste effect; recursive imagery; optical illusion; self-referentiality
1434,Which of the following is an accurate definition of dynamic scaling in self-similar systems?,"Dynamic scaling refers to the evolution of self-similar systems, where data obtained from snapshots at fixed times exhibits similarity to the respective data taken from snapshots of any earlier or later time. This similarity is tested by a certain time-dependent stochastic variable x.",Statistical Physics,dynamic scaling; self-similar systems; stochastic variables; time-dependent evolution
1435,Pick the best possible answer: What is the Droste effect? from the following choices.,"The Droste effect is a recursive image effect in which a picture appears within itself in a place where a similar picture would realistically be expected to appear. This creates a loop that can continue as far as the image's resolution allows, and is named after a Dutch brand of cocoa.",Visual Perception,Droste effect; recursive imagery; optical illusion; self-referentiality
1436,Identify the correct statement: What is the significance of probability amplitudes in quantum mechanics? carefully.,"Probability amplitudes act as the equivalent of conventional probabilities in quantum mechanics, with many analogous laws.",Quantum Mechanics,probability amplitudes; wave function; quantum state; superposition principles
1437,Identify the correct statement: What is the reason behind the adoption of a logarithmic scale of 5√100 ≈ 2.512 between magnitudes in astronomy?,The logarithmic scale was adopted to ensure that five magnitude steps corresponded precisely to a factor of 100 in brightness.,Astrophysics,logarithmic scale; stellar magnitude; apparent brightness; astronomical measurements
1438,Determine the correct option: What is the gravitomagnetic interaction? among the listed options.,"The gravitomagnetic interaction is a new force of nature generated by rotating matter, whose intensity is proportional to the rate of spin, according to the general concept of relativity.",General Relativity,gravitomagnetic interaction; rotating matter; gravitational permeability; Meissner effect analogue
1439,Determine the correct option: What is the significance of probability amplitudes in quantum mechanics? based on the given context.,"Probability amplitudes act as the equivalent of conventional probabilities in quantum mechanics, with many analogous laws.",Quantum Mechanics,probability amplitudes; wave function; quantum state; classical analogy
1440,Select the most accurate option: What happens to an initially inhomogeneous physical framework that is isolated by a thermodynamic operation? from the following choices.,It will generally change its internal state over time.,Thermodynamics,inhomogeneous physical framework; thermodynamic operation; internal state; subframeworks; isolated system
1441,Identify the correct statement: Who was Giordano Bruno? among the listed options.,An Italian philosopher who supported the Copernican framework that Earth and other planets orbit the Sun and believed that fixed stars are similar to the Sun and have planets orbiting them.,History Of Science,Giordano Bruno; Copernican framework; heliocentrism; astronomical philosophy
1442,Determine the correct option: What is the main advantage of ferroelectric memristors?,"Ferroelectric domain dynamics can be tuned, allowing for the engineering of memristor response, and resistance variations are due to purely electronic phenomena, making the device more reliable.",Nanoelectronics,ferroelectric memristors; domain dynamics; piezoelectric field; elastic strain; switching mechanism
1443,Pick the best possible answer: What are coherent turbulent structures? based on the given context.,"Coherent turbulent structures are more elementary components of complex multi-scale and chaotic motions in turbulent flows, which have temporal coherence and persist in their form for long enough periods that the approachs of time-averaged statistics can be applied.",Fluid Dynamics,coherent turbulent structures; multi-scale motions; temporal coherence; time-averaged statistics
1444,Pick the best possible answer: Which of the following statements is true about the categorization of planetary frameworks according to their orbital dynamics? carefully.,"Planetary structures can be categorized as resonant, non-resonant-interacting, hierarchical, or some combination of these.",Celestial Mechanics,orbital dynamics; planetary frameworks; resonant systems; hierarchical structures
1445,Pick the best possible answer: What was the aim of the Gravity Probe B (GP-B) mission?,"To measure spacetime curvature near Earth, with particular emphasis on gravitomagnetism.",General Relativity,Gravity Probe B; gravitomagnetism; spacetime curvature; de Sitter precession; geodetic effect
1446,Choose the correct answer: What is the role of IL-10 in the formation of Tr1 cells and tolerogenic DCs? carefully.,"IL-10 induces the formation of Tr1 cells and tolerogenic DCs, which are dependent on IL-10 and TGF-β, but differ from Tregs by lacking expression of Foxp3. Tr1 cells produce high levels of IL-10 and TGF-β, while tolerogenic DCs produce IL-10 that is key for Tr1 formation.",Immunology,IL-10; Tr1 cells; tolerogenic DCs; Foxp3; TGF-β
1447,Pick the best possible answer: Which mathematical function is commonly used to characterize linear time-invariant frameworks? among the listed options.,Transfer function,Control Systems Engineering,linear time-invariant; transfer function; system dynamics; signal processing
1448,Choose the correct answer: What is the term used to describe the proportionality factor to the Stefan-Boltzmann law that is utilized in subsequent evaluations of the radiative behavior of grey bodies? based on the given context.,Emissivity,Thermodynamics,Stefan-Boltzmann law; grey bodies; emissivity; radiative behavior; black-body radiation
1449,What is the significance of the discovery of the Crab pulsar?,The discovery of the Crab pulsar confirmed the rotating neutron star model of pulsars.,Astrophysics,Crab pulsar; neutron star model; stellar evolution; compact objects
1450,Determine the correct option: What did Fresnel predict and verify with regards to total internal reflections? based on the given context.,"Fresnel predicted and verified that four total internal reflections at 68°27' would give a precise circular polarization if two of the reflections had water as the external medium while the other two had air, but not if the reflecting surfaces were all wet or all dry.",Optical Physics,total internal reflection; circular polarization; Fresnel equations; refractive indices
1451,Pick the best possible answer: What is spatial dispersion?,Spatial dispersion is a phenomenon in the physics of continuous media where material parameters such as permittivity or conductivity have dependence on wavevector. It represents spreading effects and is usually significant only at microscopic length scales.,Condensed Matter Physics,spatial dispersion; permittivity; wavevector dependence; continuous media; material parameters
1452,Choose the correct answer: What is the second law of thermodynamics? among the listed options.,The second law of thermodynamics is a physical law based on universal experience concerning heat and energy interconversions. It establishes the concept of entropy as a physical property of a thermodynamic structure and can be used to predict whether processes are forbidden despite obeying the requirement of conservation of energy as expressed in the first law of thermodynamics.,Thermodynamics,second law of thermodynamics; heat energy interconversions; internal energy; cyclic process; conservation of energy
1453,"Select the most accurate option: What is the throttling process, and why is it significant?","The throttling process is a steady adiabatic flow of a fluid through a flow resistance, such as a valve or porous plug, and is responsible for the temperature drop in domestic refrigerators. This process is significant because it is at the heart of the refrigeration cycle.",Thermodynamics,throttling process; refrigeration cycle; adiabatic flow; flow resistance; pressure drop
1454,Which of the following is correct? What is the Evans balance? among the listed options.,The Evans balance is a structure used to measure the susceptibility of a sample by measuring the force change on a strong compact magnet upon insertion of the sample.,Magnetic Resonance Spectroscopy,Evans balance; magnetic susceptibility; NMR frequency; magnetic field distortion
1455,Pick the best possible answer: What did Newton's manuscripts of the 1660s show? carefully.,Newton combined tangential motion with the effects of radially directed force or endeavour and expressed the concept of linear inertia.,History Of Science,Newton's manuscripts; tangential motion; radially directed force; linear inertia; inverse square law
1456,Choose the correct answer: What is the origin of the permanent moment in paramagnetism? based on the given context.,The permanent moment is generally due to the spin of unpaired electrons in atomic or molecular electron orbitals.,Quantum Magnetism,paramagnetism; unpaired electrons; magnetic moments; angular momentum; thermal agitation
1457,"Which of the following is correct? What is power density in the context of energy frameworks, and how does it differ between renewable and non-renewable energy sources? based on the given context.","Power density is a measure of the amount of power obtained per unit of Earth surface area used by a specific energy structure, including all supporting infrastructure, manufacturing, mining of fuel (if applicable) and decommissioning. Fossil fuels and nuclear power have high power density, which means large power can be drawn from power plants occupying relatively small areas. Renewable energy sources have power density at least three orders of magnitude smaller and, for the same energy output, they need to occupy accordingly larger areas.",Energy Engineering,power density; energy frameworks; renewable energy; infrastructure footprint; fossil fuels
1458,What is a Hilbert space in quantum mechanics?,A complex vector space where the state of a quantum mechanical system is described by a vector |Ψ⟩.,Quantum Mechanics,Hilbert space; complex vector space; quantum state; state vector
1459,Determine the correct option: What is the main factor that determines the occurrence of each type of supernova? from the following choices.,The progenitor star's metallicity,Astrophysics,supernova types; progenitor stars; stellar metallicity; stellar evolution
1460,Determine the correct option: What is the relationship between interstellar and cometary chemistry? among the listed options.,"There is a possible connection between interstellar and cometary chemistry, as indicated by the similarity between interstellar and cometary ices and the analysis of organics from comet samples returned by the Stardust mission.",Astrochemistry,interstellar chemistry; cometary chemistry; organic molecules; Stardust mission; interstellar ices
1461,Identify the correct statement: What is explicit symmetry breaking in theoretical physics? from the following choices.,"Explicit symmetry breaking is the breaking of a symmetry of a principle by terms in its defining equations of motion that do not respect the symmetry, usually in situations where these symmetry-breaking terms are small, so that the symmetry is approximately respected by the principle.",Theoretical Physics,explicit symmetry breaking; equations of motion; symmetry principles; theoretical frameworks
1462,Determine the correct option: What is the interstellar medium (ISM)? based on the given context.,"The matter and radiation that exist in the space between the star structures in a galaxy, including gas in ionic, atomic, and molecular form, as well as dust and cosmic rays. It fills interstellar space and blends smoothly into the surrounding intergalactic space.",Astrophysics,interstellar medium; cosmic rays; galactic gas; ionic and molecular matter
1463,Identify the correct statement: What is the Ozma Problem? based on the given context.,"The Ozma Problem is a conundrum that examines whether there is any fundamental asymmetry to the universe. It concerns various aspects of atomic and subatomic physics and how they relate to mirror asymmetry and the related concepts of chirality, antimatter, magnetic and electrical polarity, parity, charge and spin.",Theoretical Physics,Ozma Problem; mirror asymmetry; chirality; parity; time invariance
1464,Determine the correct option: What is the information loss paradox in black holes? carefully.,"Black holes have only a few internal parameters, so most of the information about the matter that went into forming the black hole is lost. Regardless of the type of matter which goes into a black hole, it appears that only information concerning the total mass, charge, and angular momentum are conserved. As black holes evaporate by emitting Hawking radiation, the information is lost forever.",Theoretical Physics,information loss paradox; Hawking radiation; black hole evaporation; quantum mechanics
1465,Choose the correct answer: What are permutation-inversion groups? based on the given context.,"Permutation-inversion groups are groups of symmetry operations that are energetically feasible permutations of identical nuclei or inversion with respect to the center of mass, or a combination of both.",Molecular Symmetry,permutation-inversion groups; symmetry operations; center of mass; identical nuclei; molecular rotation
1466,Choose the correct answer: What is the propagation constant in sinusoidal waves? carefully.,The propagation constant is a complex number that varies with distance due to the phase change in the sinusoidal wave.,Wave Physics,propagation constant; sinusoidal waves; phase change; complex numbers
1467,Identify the correct statement: What is the interpretation of supersymmetry in stochastic supersymmetric principle? from the following choices.,"Supersymmetry is an intrinsic property of all stochastic differential equations, and it preserves continuity in the model's phase space via continuous time flows.",Theoretical Physics,supersymmetry; stochastic differential equations; kinematic dynamo; phase space continuity
1468,Which of the following is correct? Which of the following statements accurately describes the dimension of an object in a CW complex? carefully.,"The dimension of an object in a CW complex is the largest n for which the n-skeleton is nontrivial, where the empty set is considered to have dimension -1 and the boundary of a discrete set of points is the empty set.",Algebraic Topology,CW complex; n-skeleton; critical points; dimension theory
1469,Select the most accurate option: What is the relationship between Coordinated Universal Time (UTC) and Universal Time (UT1)? carefully.,"UTC is an atomic time scale designed to approximate Universal Time (UT1), but it differs from UT1 by an integral number of seconds. UTC is kept within 0.9 second of UT1 by the introduction of one-second steps to UTC, the ""leap second"".",Chronometry,Coordinated Universal Time; Universal Time; leap second; atomic time scale; Earth rotation
1470,Choose the correct answer: What is a trophic level in an ecological pyramid?,A group of organisms that acquire most of their energy from the level below them in the pyramid.,Ecology,trophic level; ecological pyramid; energy flow; food chain dynamics
1471,Identify the correct statement: What is the definition of an improper rotation? carefully.,"An improper rotation is the combination of a rotation about an axis and reflection in a plane perpendicular to that axis, or inversion about a point on the axis. The order of the rotation and reflection does not matter, and the symmetry elements for improper rotation are the rotation axis, and either the mirror plane, the inversion point, or both.",Crystallography,improper rotation; symmetry elements; mirror plane; inversion point; rotation axis
1472,Choose the correct answer: What is the main sequence in astronomy? among the listed options.,The main sequence is a continuous and distinctive band of stars that appears on plots of stellar color versus brightness. Stars on this band are known as main-sequence stars or dwarf stars.,Astrophysics,main sequence; stellar evolution; Hertzsprung-Russell diagram; stellar luminosity
1473,Select the most accurate option: What is a pycnometer? carefully.,A device used to determine the density of a liquid.,Analytical Chemistry,pycnometer; density measurement; volumetric analysis; fluid properties
1474,Determine the correct option: What is water hammer? among the listed options.,"Water hammer is a loud banging noise resembling a hammering sound that occurs when moving water is suddenly stopped, causing a rise in pressure and resulting shock wave.",Fluid Dynamics,water hammer; pressure surge; shock wave; hydraulic transients
1475,Identify the correct statement: What is the Roche limit? carefully.,The Roche limit is the distance at which tidal effects would cause an object to disintegrate since differential force from a planet overcomes the attraction of the parts between them.,Astrophysics,Roche limit; tidal forces; celestial mechanics; gravitational disintegration
1476,Pick the best possible answer: What is the evidence for the existence of a supermassive black hole at the center of the Milky Way galaxy? based on the given context.,"The star S2 follows an elliptical orbit with a period of 15.2 years and a pericenter of 17 light-hours from the center of the central object. From the motion of star S2, the object's mass can be estimated as 4.0 million M☉, or about 7.96×1036 kg. The radius of the central object must be less than 17 light-hours, because otherwise S2 would collide with it. Observations of the star S14 indicate that the radius is no more than 6.25 light-hours, about the diameter of Uranus' orbit. No known astronomical object other than a black hole can contain 4.0 million M☉ in this volume of space.",Astrophysics,Sagittarius A*; supermassive black hole; stellar orbits; solar mass units
1477,Identify the correct statement: What is classical mechanics? among the listed options.,"Classical mechanics is the branch of physics that describes the motion of macroscopic objects using concepts such as mass, acceleration, and force. It is based on a three-dimensional Euclidean space with fixed axes, and utilises many equations and mathematical concepts to relate physical quantities to one another.",Classical Mechanics,macroscopic objects; Euclidean space; Newtonian physics; kinematics; physical quantities
1478,Which of the following is correct? What is the significance of the change in slope of the pinched hysteresis curves in ReRAM and other forms of two-terminal resistance memory? based on the given context.,"The change in slope of the pinched hysteresis curves demonstrates switching between different resistance states, which is a phenomenon central to ReRAM and other forms of two-terminal resistance memory.",Neuromorphic Engineering,ReRAM; pinched hysteresis curves; memristor; resistance memory; non-crossing curve
1479,Determine the correct option: What is the Heisenberg uncertainty principle and how does it relate to angular momentum in quantum mechanics?,"The Heisenberg uncertainty principle states that at any given time, only one projection of angular momentum can be measured with definite precision, while the other two remain uncertain. This is because angular momentum, like other quantities in quantum mechanics, is expressed as an operator with quantized eigenvalues.",Quantum Mechanics,Heisenberg uncertainty principle; angular momentum; tensorial operator; quantized eigenvalues; spin
1480,Which of the following is correct? What is the relationship between interstellar and cometary chemistry? carefully.,"There is a possible connection between interstellar and cometary chemistry, as indicated by the similarity between interstellar and cometary ices and the analysis of organics from comet samples returned by the Stardust mission.",Astrochemistry,interstellar chemistry; cometary chemistry; organic molecules; Stardust mission; interstellar ices
1481,Choose the correct answer: What is the main focus of cryogenic and noble liquid detectors in dark matter experiments?,Distinguishing background particles from dark matter particles by detecting the heat produced when a particle hits an atom in a crystal absorber or the scintillation produced by a particle collision in liquid xenon or argon.,Particle Physics,cryogenic detectors; noble liquid detectors; dark matter experiments; scintillation; interaction cross section
1482,Which of the following is correct? What is the variation between illuminance and luminance? based on the given context.,"Illuminance is the amount of light falling on a surface per unit area, while luminance is the amount of light emitted by a source per unit area.",Photometry,illuminance; luminance; luminous flux; surface reflectance; light emission
1483,Identify the correct statement: What are the Navier-Stokes equations?,"The Navier-Stokes equations are partial differential equations that describe the motion of viscous fluid substances, expressing momentum balance and conservation of mass for Newtonian fluids.",Fluid Dynamics,Navier-Stokes equations; partial differential equations; momentum balance; Newtonian fluids; conservation of mass
1484,Pick the best possible answer: What is the main focus of the Environmental Science Center at Qatar University? among the listed options.,"Environmental studies, with a main focus on marine science, atmospheric and biological sciences.",Environmental Science,marine science; atmospheric sciences; environmental studies; biological sciences
1485,Select the most accurate option: What is one of the examples of the models proposed by cosmologists and theoretical physicists without the cosmological or Copernican principles that can be used to address specific issues in the Lambda-CDM model and distinguish between current models and other possible models? among the listed options.,"Inhomogeneous cosmology, which models the universe as an extremely large, low-density void, instead of using the concept of dark energy. According to the model, this framework can match the observed accelerating universe and cosmological constant, but it contradicts the Copernican principle.",Cosmology,Lambda-CDM model; Copernican principle; inhomogeneous cosmology; isotropic universe; theoretical physics
1486,Which of the following is correct? What is the relationship between the amplitude of a sound wave and its loudness? among the listed options.,The amplitude of a sound wave is related to its loudness.,Acoustics,sound wave amplitude; loudness proportionality; wave mechanics; acoustic properties
1487,Which of the following is correct? What is a phageome? among the listed options.,"A community of bacteriophages and their metagenomes localized in a particular environment, similar to a microbiome.",Microbial Ecology,phageome; metagenomics; bacteriophages; microbial communities
1488,"Select the most accurate option: What is a transient condensation cloud, also known as a Wilson cloud? based on the given context.","A visible cloud of microscopic water droplets that forms when a nuclear weapon or a large amount of a conventional explosive is detonated in humid air, due to a temporary cooling of the air caused by a rarefaction of the air surrounding the explosion.",Nuclear Physics,transient condensation cloud; Wilson cloud; rarefaction; nuclear detonation; atmospheric physics
1489,Choose the correct answer: Who was the first person to describe the pulmonary circulation mechanism? among the listed options.,Ibn al-Nafis,History Of Medicine,pulmonary circulation; Ibn al-Nafis; physiological history; cardiovascular anatomy
1490,"Determine the correct option: What is the relationship between mass, force, and acceleration, according to Sir Isaac Newton's laws of motion? carefully.","Mass is an inertial property that determines an object's tendency to remain at constant velocity unless acted upon by an outside force. According to Newton's laws of motion and the formula F = ma, an object with a mass of one kilogram accelerates at one meter per second per second when acted upon by a force of one newton.",Classical Mechanics,Newton's laws of motion; inertial property; force-mass-acceleration; F=ma formula
1491,What are the two main factors that cause resistance in a metal?,"The amount of resistance in a metal is mainly caused by the temperature and the purity of the metal. Higher temperatures cause bigger vibrations, and a mixture of different ions acts as an irregularity.",Materials Science,electrical resistance; lattice vibrations; metallic purity; ionic irregularities
1492,Identify the correct statement: What are the Navier-Stokes equations? based on the given context.,"The Navier-Stokes equations are partial differential equations that describe the motion of viscous fluid substances, expressing momentum balance and conservation of mass for Newtonian fluids.",Fluid Dynamics,Navier-Stokes equations; partial differential equations; momentum balance; Newtonian fluids; conservation of mass
1493,Determine the correct option: What is the variation between redshift due to the expansion of the universe and Doppler redshift?,"Redshift due to the expansion of the universe depends on the cosmological model chosen to describe the expansion of the universe, while Doppler redshift depends on the local velocity of the object emitting the light.",Cosmology,cosmological redshift; Doppler effect; scale factor; expansion of the universe
1494,Determine the correct option: What is the relationship between the Hamiltonians and eigenstates in supersymmetric quantum mechanics? based on the given context.,"For every eigenstate of one Hamiltonian, its partner Hamiltonian has a corresponding eigenstate with the same energy.",Quantum Mechanics,supersymmetric quantum mechanics; Hamiltonians; eigenstates; energy degeneracy
1495,"Which of the following is correct? What is the estimated redshift of CEERS-93316, a candidate high-redshift galaxy observed by the James Webb Space Telescope? from the following choices.","Approximately z = 16.7, corresponding to 235.8 million years after the Big Bang.",Observational Cosmology,redshift; high-redshift galaxy; James Webb Space Telescope; Big Bang chronology
1496,Determine the correct option: What is the gravitomagnetic interaction? carefully.,"The gravitomagnetic interaction is a new force of nature generated by rotating matter, whose intensity is proportional to the rate of spin, according to the general principle of relativity.",General Relativity,gravitomagnetic interaction; rotating matter; general principle of relativity; gravitational permeability; Meissner effect analogue
1497,Determine the correct option: What is the interpretation of supersymmetry in stochastic supersymmetric framework? among the listed options.,"Supersymmetry is an intrinsic property of all stochastic differential equations, and it preserves continuity in the model's phase space via continuous time flows.",Magnetohydrodynamics,stochastic supersymmetric framework; hydromagnetic dynamo; induction equation; kinematic approximation; stochastic differential equations
1498,Choose the correct answer: What is the reason for heating metals to a temperature just above the upper critical temperature? based on the given context.,"To prevent the grains of solution from growing too large, which enhances mechanical properties such as toughness, shear strength, and tensile strength.",Materials Science,upper critical temperature; grain growth; mechanical properties; metallurgy; tensile strength
1499,Identify the correct statement: Who was the first person to describe the pulmonary circulation framework? among the listed options.,Ibn al-Nafis,History Of Medicine,pulmonary circulation; Ibn al-Nafis; physiological history; anatomical framework
1500,What is the main advantage of ferroelectric memristors?,"Ferroelectric domain dynamics can be tuned, allowing for the engineering of memristor response, and resistance variations are due to purely electronic phenomena, making the device more reliable.",Neuromorphic Engineering,ferroelectric memristors; domain dynamics; piezoelectric field; non-uniform elastic strain; switching mechanism
1501,Identify the correct statement: Which of the following statements is true about the categorization of planetary structures according to their orbital dynamics? from the following choices.,"Planetary structures can be categorized as resonant, non-resonant-interacting, hierarchical, or some combination of these.",Celestial Mechanics,orbital dynamics; planetary frameworks; resonant structures; hierarchical systems
1502,Identify the correct statement: What is the cause of the observed change in the periods of moons orbiting a distant planet when measured from Earth? carefully.,"The contrast in distance travelled by light from the planet (or its moon) to Earth when the Earth is at the point in its orbit that is closest to its planet than when the Earth is at the farthest point in its orbit, the contrast in distance being the diameter of the Earth's orbit around the Sun.",Astrophysics,orbital mechanics; light-travel time; celestial observation; planetary motion
1503,Select the most accurate option: What is the Carnot engine? based on the given context.,The Carnot engine is an ideal heat engine that operates in the limiting mode of extreme slowness known as quasi-static. It represents the theoretical maximum efficiency of a heat engine operating between any two given thermal or heat reservoirs at different temperatures.,Thermodynamics,Carnot engine; quasi-static process; heat engine efficiency; thermal reservoirs
1504,"Select the most accurate option: What are amorphous ferromagnetic metallic alloys, and what are their advantages? from the following choices.","Amorphous ferromagnetic metallic alloys are non-crystalline alloys that can be made by rapidly cooling a liquid alloy. Their properties are nearly isotropic, resulting in low coercivity, low hysteresis loss, high permeability, and high electrical resistivity.",Materials Science,amorphous ferromagnetic metallic alloys; low coercivity; hysteresis loss; high permeability; electrical resistivity
1505,Select the most accurate option: What is the significance of the discovery of the Crab pulsar?,The discovery of the Crab pulsar confirmed the rotating neutron star model of pulsars.,Astrophysics,Crab pulsar; neutron star model; stellar evolution; compact objects
1506,Pick the best possible answer: What is the interpretation of supersymmetry in stochastic supersymmetric concept?,"Supersymmetry is an intrinsic property of all stochastic differential equations, and it preserves continuity in the model's phase space via continuous time flows.",Stochastic Dynamics,stochastic differential equations; kinematic dynamo; phase space continuity; hydromagnetic dynamo; deterministic chaos
1507,Pick the best possible answer: What is the reason for the stochastic nature of all observed resistance-switching processes? among the listed options.,"The device is subjected to random thermal fluctuations, which trigger the switching event, but it is impossible to predict when it will occur.",Neuromorphic Engineering,resistance-switching processes; stochasticity; free-energy barriers; thermal fluctuations; memristive devices
1508,Choose the correct answer: What is indirect photophoresis? from the following choices.,"Indirect photophoresis is a phenomenon that occurs when particles absorb incident light only on the irradiated side, creating a temperature gradient within the particle, and causing a migration of particles in a direction opposite to the surface temperature gradient.",Optical Physics,indirect photophoresis; temperature gradient; particle migration; light absorption
1509,Pick the best possible answer: What is the De Haas-Van Alphen effect? based on the given context.,"The oscillation of the differential susceptibility as a function of 1/H in metals under strong magnetic fields, which relates the period of the susceptibility with the Fermi surface of the material.",Condensed Matter Physics,De Haas-Van Alphen effect; differential susceptibility; Fermi surface; magnetic field oscillations
1510,Which of the following is correct? What are the Navier-Stokes equations? based on the given context.,"The Navier-Stokes equations are partial differential equations that describe the motion of viscous fluid substances, expressing momentum balance and conservation of mass for Newtonian fluids.",Fluid Dynamics,Navier-Stokes equations; partial differential equations; momentum balance; Newtonian fluids; viscous fluid substances
1511,What is organography?,Organography is the scientific description of the structure and function of the organs of living things.,Plant Morphology,organography; apical meristems; floral leaves; plant development; organ structure
1512,"Determine the correct option: Who proposed the principle of ""complexity from noise"" and when was it first introduced? among the listed options.",Henri Atlan in 1972,Complexity Theory,complexity from noise; non-equilibrium thermodynamics; Ilya Prigogine; dissipative structures
1513,Pick the best possible answer: What is the significance of probability amplitudes in quantum mechanics? based on the given context.,"Probability amplitudes act as the equivalent of conventional probabilities in quantum mechanics, with many analogous laws.",Quantum Mechanics,probability amplitudes; wave function; quantum state; classical analogy
1514,Choose the correct answer: What is the information loss paradox in black holes? carefully.,"Black holes have only a few internal parameters, so most of the information about the matter that went into forming the black hole is lost. Regardless of the type of matter which goes into a black hole, it appears that only information concerning the total mass, charge, and angular momentum are conserved. As black holes evaporate by emitting Hawking radiation, the information is lost forever.",Theoretical Physics,information loss paradox; Hawking radiation; black hole evaporation; quantum mechanics
1515,Determine the correct option: What is reciprocal length or inverse length? based on the given context.,"Reciprocal length or inverse length is a quantity or measurement used in several branches of science and mathematics. It is the reciprocal of length, and common units used for this measurement include the reciprocal metre or inverse metre (symbol: m−1), the reciprocal centimetre or inverse centimetre (symbol: cm−1).",Dimensional Analysis,reciprocal length; inverse units; dimensional quantities; unit conversion
1516,Select the most accurate option: What is the Josephson effect? among the listed options.,"The Josephson effect is a phenomenon exploited by superconducting devices such as SQUIDs. It is used in the most accurate available measurements of the magnetic flux quantum Φ0 = h/(2e), where h is the Planck constant.",Quantum Physics,Josephson effect; SQUIDs; magnetic flux quantum; Planck constant; superconductivity
1517,Pick the best possible answer: What can be inferred about the electronic entropy of insulators and metals based on their densities of states at the Fermi level? among the listed options.,"Insulators have zero density of states at the Fermi level, and therefore, their density of states-based electronic entropy is essentially zero. Metals have non-zero density of states at the Fermi level, and thus, their electronic entropy should be proportional to the temperature and density of states at the Fermi level.",Condensed Matter Physics,electronic entropy; density of states; Fermi level; metallic conductivity; insulator properties
1518,Determine the correct option: What is the definition of Atomristor? from the following choices.,Atomristor is defined as the electrical devices showing memristive behavior in atomically thin nanomaterials or atomic sheets.,Nanoelectronics,Atomristor; memristive devices; MoOx/MoS2 heterostructure; transition metal dichalcogenides; atomically thin nanomaterials
1519,Pick the best possible answer: What is the main focus of cryogenic and noble liquid detectors in dark matter experiments? carefully.,Distinguishing background particles from dark matter particles by detecting the heat produced when a particle hits an atom in a crystal absorber or the scintillation produced by a particle collision in liquid xenon or argon.,Particle Physics,cryogenic detectors; noble liquid detectors; scintillation; dark matter detection; interaction cross section
1520,Pick the best possible answer: What is the purpose of measuring the Larmor precession fields at about 100 microtesla with highly sensitive superconducting quantum interference devices (SQUIDs) in ultra-low field MRI? carefully.,"To obtain sufficient signal quality in the microtesla-to-millitesla range, where MRI has been demonstrated recently.",Magnetic Resonance Imaging,Larmor precession; superconducting quantum interference devices; ultra-low field MRI; T1 relaxation; magnetization measurement
1521,Select the most accurate option: What is the spin quantum number? from the following choices.,"The spin quantum number is a dimensionless quantity obtained by dividing the spin angular momentum by the reduced Planck constant ħ, which has the same dimensions as angular momentum.",Quantum Mechanics,spin quantum number; angular momentum; reduced Planck constant; elementary particles
1522,Identify the correct statement: Which of the following statements accurately describes the characteristics of gravitational waves? carefully.,"Gravitational waves have an amplitude denoted by h, which represents the size of the wave. The amplitude varies with time according to Einstein's quadrupole formula. Gravitational waves also have a frequency denoted by f, which is the frequency of the wave's oscillation, and a wavelength denoted by λ, which is the distance between points of maximum stretch or squeeze.",General Relativity,gravitational waves; quadrupole formula; wave amplitude; spacetime oscillation
1523,Select the most accurate option: What is the Penrose process? based on the given context.,"The Penrose process is a mechanism through which objects can emerge from the ergosphere with more energy than they entered with, taking extra energy from the rotational energy of the black hole and slowing down its rotation.",Astrophysics,Penrose process; ergosphere; rotational energy; black hole dynamics
1524,Determine the correct option: What is the Carnot engine? carefully.,The Carnot engine is an ideal heat engine that operates in the limiting mode of extreme slowness known as quasi-static. It represents the theoretical maximum efficiency of a heat engine operating between any two given thermal or heat reservoirs at different temperatures.,Thermodynamics,Carnot engine; quasi-static process; heat engine efficiency; thermal reservoirs
1525,Determine the correct option: What are the two main factors that cause resistance in a metal? among the listed options.,"The amount of resistance in a metal is mainly caused by the temperature and the purity of the metal. Higher temperatures cause bigger vibrations, and a mixture of different ions acts as an irregularity.",Materials Science,electrical resistance; lattice vibrations; metallic purity; ionic irregularities
1526,Select the most accurate option: What is the role of the Higgs boson in the Standard Model?,"The Higgs boson is responsible for giving mass to all the elementary particles, except the photon and gluon, in the Standard Model.",Particle Physics,Higgs boson; Standard Model; elementary particles; mass generation; gauge bosons
1527,Which of the following is correct? What is a Schwarzschild black hole?,"A black hole that has mass but neither electric charge nor angular momentum, and is spherically symmetric, according to Birkhoff's theorem.",General Relativity,Schwarzschild black hole; Birkhoff's theorem; angular momentum; spherical symmetry
1528,What does Earnshaw's theorem state?,A collection of point charges cannot be maintained in a stable stationary equilibrium configuration solely by the electrostatic interaction of the charges.,Electromagnetism,Earnshaw's theorem; electrostatic interaction; stable equilibrium; point charges
1529,Determine the correct option: What are the four qualitative levels of crystallinity described by geologists? carefully.,"Holocrystalline, hypocrystalline, hypohyaline, and holohyaline",Geology,crystallinity levels; holocrystalline; hypocrystalline; hypercrystalline; hyperhyaline
1530,Determine the correct option: What is the significance of the high degree of fatty-acyl disorder in the thylakoid membranes of plants? among the listed options.,The high degree of fatty-acyl disorder in the thylakoid membranes of plants allows for innate fluidity even at relatively low temperatures.,Plant Biochemistry,thylakoid membranes; fatty-acyl disorder; membrane fluidity; gel-to-liquid crystalline phase transition
1531,Pick the best possible answer: What can be inferred about the electronic entropy of insulators and metals based on their densities of states at the Fermi level?,"Insulators have zero density of states at the Fermi level, and therefore, their density of states-based electronic entropy is essentially zero. Metals have non-zero density of states at the Fermi level, and thus, their electronic entropy should be proportional to the temperature and density of states at the Fermi level.",Condensed Matter Physics,electronic entropy; density of states; Fermi level; solid-state physics
1532,Choose the correct answer: What is magnetic susceptibility? based on the given context.,"Magnetic susceptibility is a measure of how much a material will become magnetized in an applied magnetic field. It is the ratio of magnetization to the applied magnetizing field intensity, allowing for a simple classification of most materials' responses to an applied magnetic field.",Magnetism,magnetic susceptibility; magnetization; magnetizing field intensity; material classification
1533,"Identify the correct statement: What is the butterfly effect, as defined by Lorenz in his book ""The Essence of Chaos""? among the listed options.","The butterfly effect is the phenomenon that a small change in the initial conditions of a dynamical structure can cause significant variations in subsequent states, as defined by Lorenz in his book ""The Essence of Chaos.""",Chaos Theory,butterfly effect; initial conditions; dynamical systems; sensitive dependence
1534,Determine the correct option: What is Lorentz symmetry or Lorentz invariance in relativistic physics? carefully.,Lorentz symmetry or Lorentz invariance is an equivalence of observation or observational symmetry due to special relativity implying that the laws of physics stay the same for all observers that are moving with respect to one another within an inertial frame.,Theoretical Physics,Lorentz invariance; spacetime manifold; Lorentz group; special relativity; four-vectors
1535,Determine the correct option: What is the Kutta condition? from the following choices.,"The Kutta condition is a physical requirement that the fluid moving along the lower and upper surfaces of an airfoil meet smoothly, with no fluid moving around the trailing edge of the airfoil.",Fluid Dynamics,Kutta condition; airfoil aerodynamics; circulation; Kutta-Joukowski theorem
1536,What is the role of CYCLOIDEA genes in the evolution of bilateral symmetry?,"CYCLOIDEA genes are responsible for the expression of transcription factors that control the expression of other genes, allowing their expression to influence developmental pathways relating to symmetry.",Evolutionary Developmental Biology,CYCLOIDEA genes; bilateral symmetry; transcription factors; developmental pathways; Antirrhinum majus
1537,Choose the correct answer: What is the butterfly effect? among the listed options.,The butterfly effect is a phenomenon that highlights the variation between the application of the notion of causality in physics and a more general use of causality as represented by Mackie's INUS conditions.,Chaos Theory,butterfly effect; distributed causality; INUS conditions; unstable equilibrium; Newtonian physics
1538,Select the most accurate option: What is the Kutta condition? carefully.,"The Kutta condition is a physical requirement that the fluid moving along the lower and upper surfaces of an airfoil meet smoothly, with no fluid moving around the trailing edge of the airfoil.",Fluid Dynamics,Kutta condition; airfoil aerodynamics; circulation; Kutta-Joukowski theorem
1539,Select the most accurate option: What is the reason behind the adoption of a logarithmic scale of 5√100 ≈ 2.512 between magnitudes in astronomy? based on the given context.,The logarithmic scale was adopted to ensure that five magnitude steps corresponded precisely to a factor of 100 in brightness.,Astrophysics,logarithmic scale; stellar magnitude; apparent brightness; astronomical measurement
1540,Determine the correct option: What is the Liouville density? based on the given context.,The Liouville density is a probability distribution that specifies the probability of finding a particle at a certain position in phase space for a collection of particles.,Quantum Mechanics,Liouville density; phase space; quasiprobability distribution; quantum-mechanical interference
1541,Which of the following is correct? What is the interstellar medium (ISM)? among the listed options.,"The matter and radiation that exist in the space between the star mechanisms in a galaxy, including gas in ionic, atomic, and molecular form, as well as dust and cosmic rays. It fills interstellar space and blends smoothly into the surrounding intergalactic space.",Astrophysics,interstellar medium; cosmic rays; ionic gas; galactic matter
1542,Identify the correct statement: What was the aim of the Gravity Probe B (GP-B) mission? among the listed options.,"To measure spacetime curvature near Earth, with particular emphasis on gravitomagnetism.",General Relativity,Gravity Probe B; gravitomagnetism; spacetime curvature; geodetic effect; de Sitter precession
1543,Pick the best possible answer: Who shared the other half of the Nobel Prize with Yoichiro Nambu for discovering the origin of the explicit breaking of CP symmetry in the weak interactions? based on the given context.,Makoto Kobayashi and Toshihide Maskawa,Particle Physics,CP symmetry; weak interactions; Kobayashi-Maskawa matrix; Nobel Prize physics
1544,Pick the best possible answer: What is spatial dispersion? from the following choices.,Spatial dispersion is a phenomenon in the physics of continuous media where material parameters such as permittivity or conductivity have dependence on wavevector. It represents spreading effects and is usually significant only at microscopic length scales.,Condensed Matter Physics,spatial dispersion; permittivity; wavevector dependence; continuous media; material parameters
1545,Which of the following is correct? What is the role of the Higgs boson in the Standard Model?,"The Higgs boson is responsible for giving mass to all the elementary particles, except the photon and gluon, in the Standard Model.",Particle Physics,Higgs boson; Standard Model; elementary particles; mass generation; gauge bosons
1546,Choose the correct answer: What was Pierre de Fermat's solution to the problem of refraction? among the listed options.,"Fermat supposed that light took the path of least resistance, and that different media offered different resistances. His eventual solution, described in a letter to La Chambre dated 1 January 1662, construed ""resistance"" as inversely proportional to speed, so that light took the path of least time. That premise yielded the ordinary law of refraction, provided that light traveled more slowly in the optically denser medium.",Optics,Fermat's principle; law of refraction; principle of least time; optical density
1547,Select the most accurate option: What is the reason behind the adoption of a logarithmic scale of 5√100 ≈ 2.512 between magnitudes in astronomy? among the listed options.,The logarithmic scale was adopted to ensure that five magnitude steps corresponded precisely to a factor of 100 in brightness.,Astrophysics,logarithmic scale; stellar magnitude; apparent brightness; astronomical measurements
1548,Which of the following statements accurately describes the origin and significance of the triskeles symbol?,"The triskeles symbol was reconstructed as a feminine divine triad by the rulers of Syracuse, and later adopted as an emblem. Its usage may also be related to the Greek name of Sicily, Trinacria, which means ""having three headlands."" The head of Medusa at the center of the Sicilian triskeles represents the three headlands.",Cultural History,triskeles symbol; Trinacria; Syracuse; feminine divine triad; Sicilian heraldry
1549,Identify the correct statement: What is a virtual particle?,A particle that is not directly observable but is inferred from its effects on measurable particles.,Quantum Physics,virtual particles; quantum field theory; particle physics; observable effects
1550,Choose the correct answer: What is one of the examples of the models proposed by cosmologists and theoretical physicists without the cosmological or Copernican principles that can be used to address specific issues in the Lambda-CDM model and distinguish between current models and other possible models? carefully.,"Inhomogeneous cosmology, which models the universe as an extremely large, low-density void, instead of using the concept of dark energy. According to the model, this framework can match the observed accelerating universe and cosmological constant, but it contradicts the Copernican principle.",Cosmology,Lambda-CDM model; Copernican principle; inhomogeneous cosmology; isotropic universe; theoretical physics
1551,Select the most accurate option: What is the contrast between the coevolution of myrmecophytes and the mutualistic symbiosis of mycorrhiza? among the listed options.,"Myrmecophytes coevolve with ants, providing them with a home and sometimes food, while the ants defend the plant from herbivores and competing plants. On the other hand, mycorrhiza is a mutualistic symbiosis between plants and fungi, where the fungi help the plants gain water and mineral nutrients from the soil, while the plant gives the fungi carbohydrates manufactured in photosynthesis.",Evolutionary Ecology,myrmecophytes; mutualistic symbiosis; mycorrhiza; coevolutionary dynamics
1552,Determine the correct option: Who was the first to determine the velocity of a star moving away from the Earth using the Doppler effect? among the listed options.,William Huggins,Astrophysics,Doppler effect; stellar velocity; astronomical observation; redshift
1553,Identify the correct statement: What is the Ozma Problem? among the listed options.,"The Ozma Problem is a conundrum that examines whether there is any fundamental asymmetry to the universe. It concerns various aspects of atomic and subatomic physics and how they relate to mirror asymmetry and the related concepts of chirality, antimatter, magnetic and electrical polarity, parity, charge and spin.",Theoretical Physics,Ozma Problem; mirror asymmetry; chirality; parity; time invariance
1554,Select the most accurate option: What is the relationship between chemical potential and quarks/antiquarks? among the listed options.,"Chemical potential, represented by μ, is a measure of the imbalance between quarks and antiquarks in a structure. Higher μ indicates a stronger bias favoring quarks over antiquarks.",Particle Physics,chemical potential; quarks; antiquarks; quantum chromodynamics
1555,Pick the best possible answer: What is the American Petroleum Institute (API) gravity?,API gravity is a measure of how heavy or light a petroleum liquid is compared to water. It is an inverse measure of a petroleum liquid's density relative to that of water and is graduated in degrees on a hydrometer instrument.,Petroleum Engineering,API gravity; petroleum density; hydrometer measurement; fluid properties
1556,Pick the best possible answer: What is the proposed name for the field that is responsible for cosmic inflation and the metric expansion of space? carefully.,Inflaton,Cosmology,cosmic inflation; metric expansion; inflaton field; conformal cyclic cosmology
1557,Pick the best possible answer: What is the required excess quark per billion quark-antiquark pairs in the early universe in order to provide all the observed matter in the universe? among the listed options.,One,Particle Physics,baryon asymmetry; quark-antiquark pairs; early universe; matter-antimatter asymmetry
1558,Pick the best possible answer: What is spontaneous symmetry breaking? from the following choices.,"Spontaneous symmetry breaking occurs when the action of a framework has a symmetry, but the vacuum state violates this symmetry. In that case, there will exist a local operator that is non-invariant under the symmetry, giving it a nonzero vacuum expectation value.",Theoretical Physics,spontaneous symmetry breaking; vacuum expectation value; local operator; gauge symmetry
1559,Identify the correct statement: What is a regular polytope?,A regular polytope is a geometric shape whose symmetry group is transitive on its flags.,Geometry,regular polytope; symmetry group; flag-transitivity; geometric symmetry
1560,Select the most accurate option: What is the reason that it is nearly impossible to see light emitted at the Lyman-alpha transition wavelength from a star farther than a few hundred light years from Earth? from the following choices.,"Far ultraviolet light is absorbed effectively by the neutral components of the ISM, including atomic hydrogen, which has a typical absorption wavelength of about 121.5 nanometers, the Lyman-alpha transition.",Astrophysics,Lyman-alpha transition; interstellar medium; ultraviolet absorption; atomic hydrogen; spectral analysis
1561,Choose the correct answer: What is the role of methane in Fischer-Tropsch processes? among the listed options.,Methane is partially converted to carbon monoxide for utilization in Fischer-Tropsch processes.,Chemical Engineering,Fischer-Tropsch process; methane conversion; carbon monoxide synthesis; catalytic chemistry
1562,Choose the correct answer: What is the significance of the redshift-distance relationship in determining the expansion history of the universe? based on the given context.,"Observations of the redshift-distance relationship can be used to determine the expansion history of the universe and the matter and energy content, especially for distant galaxies whose light has been travelling to us for much longer times.",Cosmology,redshift-distance relationship; expansion history; matter and energy content; galactic observations
1563,Select the most accurate option: What are the four qualitative levels of crystallinity described by geologists? among the listed options.,"Holocrystalline, hypocrystalline, hypohyaline, and holohyaline",Geology,crystallinity; holocrystalline; hypocrystalline; hypercrystalline; hyperhyaline
1564,Determine the correct option: What are some models that attempt to account for all observations without invoking supplemental non-baryonic matter? carefully.,"Modified Newtonian dynamics, tensor–vector–scalar gravity, or entropic gravity.",Theoretical Physics,Modified Newtonian dynamics; tensor–vector–scalar gravity; entropic gravity; non-baryonic matter
1565,Identify the correct statement: How many crystallographic point groups are there in three-dimensional space?,32,Crystallography,crystallographic point groups; three-dimensional space; symmetry operations; crystal systems
1566,Pick the best possible answer: What is the relationship between the complete electromagnetic Hamiltonian of a molecule and the parity operation? among the listed options.,"The complete electromagnetic Hamiltonian of any molecule is invariant to the parity operation, and its eigenvalues can be given the parity symmetry label + or - depending on whether they are even or odd, respectively.",Quantum Chemistry,electromagnetic Hamiltonian; parity operation; symmetry labels; molecular eigenvalues
1567,Select the most accurate option: What is the reason for recycling rare metals according to the United Nations? from the following choices.,"The demand for rare metals will quickly exceed the consumed tonnage in 2013, and recycling rare metals with a worldwide production lower than 100 000 t/year is urgent and priority should be placed on it in order to conserve natural resources and energy.",Resource Economics,rare metal recycling; resource conservation; production tonnage; sustainable development
1568,Identify the correct statement: What is magnetic susceptibility? carefully.,"Magnetic susceptibility is a measure of how much a material will become magnetized in an applied magnetic field. It is the ratio of magnetization to the applied magnetizing field intensity, allowing for a simple classification of most materials' responses to an applied magnetic field.",Magnetism,magnetic susceptibility; magnetization; magnetizing field intensity; material classification
1569,Select the most accurate option: What is organography?,Organography is the scientific description of the structure and function of the organs of living things.,Plant Morphology,organography; apical meristems; plant anatomy; organ development
1570,Which of the following is correct? What is the definition of dimension in mathematics? from the following choices.,"The dimension of an object is the number of independent parameters or coordinates needed to define the position of a point constrained to be on the object, and is an intrinsic property of the object, independent of the dimension of the space in which it is embedded.",Geometry,mathematical dimension; degrees of freedom; intrinsic property; extrinsic property; coordinate systems
1571,"Choose the correct answer: What is the estimated redshift of CEERS-93316, a candidate high-redshift galaxy observed by the James Webb Space Telescope? based on the given context.","Approximately z = 16.7, corresponding to 235.8 million years after the Big Bang.",Observational Cosmology,redshift; high-redshift galaxy; James Webb Space Telescope; Big Bang chronology
1572,Identify the correct statement: What is the definition of anatomy? among the listed options.,Anatomy is a branch of morphology that deals with the structure of organisms.,Biological Sciences,morphology; structural biology; organismal anatomy; functional morphology
1573,"Identify the correct statement: Who proposed the concept of ""maximal acceleration""? based on the given context.",Eduardo R. Caianiello,Theoretical Physics,maximal acceleration; quantum gravity; Caianiello's theory; spacetime geometry
1574,Pick the best possible answer: What is the reason behind the adoption of a logarithmic scale of 5√100 ≈ 2.512 between magnitudes in astronomy? among the listed options.,The logarithmic scale was adopted to ensure that five magnitude steps corresponded precisely to a factor of 100 in brightness.,Astrophysics,logarithmic scale; stellar magnitude; apparent brightness; astronomical measurements
1575,Select the most accurate option: What are permutation-inversion groups? based on the given context.,"Permutation-inversion groups are groups of symmetry operations that are energetically feasible permutations of identical nuclei or inversion with respect to the center of mass, or a combination of both.",Molecular Symmetry,permutation-inversion groups; symmetry operations; center of mass; identical nuclei; molecular rotation
1576,Pick the best possible answer: What is the propagation constant in sinusoidal waves?,The propagation constant is a complex number that varies with distance due to the phase change in the sinusoidal wave.,Wave Physics,propagation constant; sinusoidal waves; phase change; complex numbers
1577,Select the most accurate option: What is the origin of the permanent moment in paramagnetism? among the listed options.,The permanent moment is generally due to the spin of unpaired electrons in atomic or molecular electron orbitals.,Quantum Magnetism,paramagnetism; permanent moment; unpaired electrons; angular momentum; magnetic dipoles
1578,Pick the best possible answer: What is the butterfly effect? based on the given context.,The butterfly effect is a phenomenon that highlights the variation between the application of the notion of causality in physics and a more general use of causality as represented by Mackie's INUS conditions.,Theoretical Physics,distributed causality; unstable equilibrium; INUS condition; Newtonian physics
1579,"Which of the following is correct? What are amorphous ferromagnetic metallic alloys, and what are their advantages?","Amorphous ferromagnetic metallic alloys are non-crystalline alloys that can be made by rapidly cooling a liquid alloy. Their properties are nearly isotropic, resulting in low coercivity, low hysteresis loss, high permeability, and high electrical resistivity.",Materials Science,amorphous ferromagnetic metallic alloys; non-crystalline alloys; coercivity; hysteresis loss; electrical resistivity
1580,Identify the correct statement: What is the main focus of the Environmental Science Center at Qatar University? based on the given context.,"Environmental studies, with a main focus on marine science, atmospheric and biological sciences.",Environmental Science,marine science; atmospheric sciences; environmental studies; biological sciences
1581,"Determine the correct option: What is a transient condensation cloud, also known as a Wilson cloud? from the following choices.","A visible cloud of microscopic water droplets that forms when a nuclear weapon or a large amount of a conventional explosive is detonated in humid air, due to a temporary cooling of the air caused by a rarefaction of the air surrounding the explosion.",Nuclear Physics,Wilson cloud; transient condensation; rarefaction; nuclear detonation; atmospheric physics
1582,What are permutation-inversion groups?,"Permutation-inversion groups are groups of symmetry operations that are energetically feasible permutations of identical nuclei or inversion with respect to the center of mass, or a combination of both.",Molecular Symmetry,permutation-inversion groups; symmetry operations; center of mass; identical nuclei; molecular rotation
1583,Pick the best possible answer: What is water hammer? based on the given context.,"Water hammer is a loud banging noise resembling a hammering sound that occurs when moving water is suddenly stopped, causing a rise in pressure and resulting shock wave.",Fluid Dynamics,water hammer; pressure surge; shock wave; hydraulic transients
1584,Determine the correct option: What is Martin Heidegger's view on the relationship between time and human existence?,"Martin Heidegger believes that humans do not exist inside time, but that they are time. The relationship to the past is a present awareness of having been, and the relationship to the future involves anticipating a potential possibility, task, or engagement.",Existential Phenomenology,Martin Heidegger; temporal existence; Dasein; historicality; potentiality-to-be
1585,Choose the correct answer: Who was the first person to describe the pulmonary circulation structure?,Ibn al-Nafis,History Of Medicine,pulmonary circulation; anatomical history; Ibn al-Nafis; physiological discovery
1586,Determine the correct option: What is an order parameter?,An order parameter is a measure of the degree of symmetry breaking in a physical mechanism.,Condensed Matter Physics,order parameter; symmetry breaking; phase transitions; physical mechanisms
1587,Which of the following is correct? What is the definition of an improper rotation?,"An improper rotation is the combination of a rotation about an axis and reflection in a plane perpendicular to that axis, or inversion about a point on the axis. The order of the rotation and reflection does not matter, and the symmetry elements for improper rotation are the rotation axis, and either the mirror plane, the inversion point, or both.",Crystallography,improper rotation; symmetry elements; mirror plane; inversion point; rotation axis
1588,Determine the correct option: What is the isophotal diameter used for in measuring a galaxy's size? from the following choices.,The isophotal diameter is a conventional way of measuring a galaxy's size based on its apparent surface brightness.,Extragalactic Astronomy,isophotal diameter; apparent surface brightness; galactic morphology; observational cosmology
1589,Pick the best possible answer: What is the mechanism of FTIR? based on the given context.,"The mechanism of FTIR is called evanescent-wave coupling, which is a good analog to visualize quantum tunneling.",Optical Physics,FTIR; frustrated TIR; evanescent-wave coupling; quantum tunneling; total internal reflection
1590,What is the significance of Baryon Acoustic Oscillations (BAOs) in the study of the universe?,"BAOs establish a preferred length scale for baryons, which can be used to detect a subtle preference for pairs of galaxies to be separated by 147 Mpc, compared to those separated by 130-160 Mpc.",Cosmology,Baryon Acoustic Oscillations; cosmic microwave background; galaxy distribution; preferred length scale
1591,Which of the following is correct? What is the Josephson effect?,"The Josephson effect is a phenomenon exploited by superconducting devices such as SQUIDs. It is used in the most accurate available measurements of the magnetic flux quantum Φ0 = h/(2e), where h is the Planck constant.",Quantum Physics,Josephson effect; SQUIDs; magnetic flux quantum; Planck constant; superconductivity
1592,Pick the best possible answer: What is the revised view of the atmosphere's nature based on the time-varying multistability that is associated with the modulation of large-scale processes and aggregated feedback of small-scale processes? among the listed options.,"The atmosphere possesses both chaos and order, including emerging organized structures and time-varying forcing from recurrent seasons.",Atmospheric Science,time-varying multistability; aggregated feedback; large-scale processes; emerging organized structures
1593,Identify the correct statement: What is the butterfly effect? carefully.,The butterfly effect is a phenomenon that highlights the distinction between the application of the notion of causality in physics and a more general use of causality as represented by Mackie's INUS conditions.,Chaos Theory,butterfly effect; distributed causality; unstable equilibrium; INUS conditions; Newtonian physics
1594,"Determine the correct option: What is the purpose of expressing a map's scale as a ratio, such as 1:10,000? based on the given context.",To indicate the relationship between the size of the map and the size of the area being represented.,Cartography,map scale; representative fraction; spatial representation; geographic projection
1595,Choose the correct answer: What was Pierre de Fermat's solution to the problem of refraction? from the following choices.,"Fermat supposed that light took the path of least resistance, and that different media offered different resistances. His eventual solution, described in a letter to La Chambre dated 1 January 1662, construed ""resistance"" as inversely proportional to speed, so that light took the path of least time. That premise yielded the ordinary law of refraction, provided that light traveled more slowly in the optically denser medium.",Optics,Fermat's principle; law of refraction; principle of least time; optical density
1596,Choose the correct answer: What is bollard pull primarily used for measuring? from the following choices.,The strength of tugboats,Marine Engineering,bollard pull; maritime propulsion; tugboat performance; towing capacity
1597,Select the most accurate option: What is the cause of the observed change in the periods of moons orbiting a distant planet when measured from Earth? carefully.,"The distinction in distance travelled by light from the planet (or its moon) to Earth when the Earth is at the point in its orbit that is closest to its planet than when the Earth is at the farthest point in its orbit, the distinction in distance being the diameter of the Earth's orbit around the Sun.",Astrophysics,orbital mechanics; light-travel time; celestial observation; planetary motion
1598,What is the Kelvin-Helmholtz instability and how does it affect Earth's magnetosphere?,"The Kelvin-Helmholtz instability is a phenomenon that occurs when large swirls of plasma travel along the edge of the magnetosphere at a different velocity from the magnetosphere, causing the plasma to slip past. This results in magnetic reconnection, and as the magnetic field lines break and reconnect, solar wind particles are able to enter the magnetosphere.",Space Physics,Kelvin-Helmholtz instability; magnetic reconnection; magnetosphere; solar wind; plasma dynamics
1599,Identify the correct statement: What is the SI unit of the physical quantity m/Q? from the following choices.,Kilogram per coulomb,Physics Units,SI units; physical quantities; dimensional analysis; unit conversion
1600,Which of the following is correct? What is the information loss paradox in black holes? from the following choices.,"Black holes have only a few internal parameters, so most of the information about the matter that went into forming the black hole is lost. Regardless of the type of matter which goes into a black hole, it appears that only information concerning the total mass, charge, and angular momentum are conserved. As black holes evaporate by emitting Hawking radiation, the information is lost forever.",Theoretical Physics,information loss paradox; Hawking radiation; black hole evaporation; quantum mechanics
1601,Identify the correct statement: What can be inferred about the electronic entropy of insulators and metals based on their densities of states at the Fermi level? carefully.,"Insulators have zero density of states at the Fermi level, and therefore, their density of states-based electronic entropy is essentially zero. Metals have non-zero density of states at the Fermi level, and thus, their electronic entropy should be proportional to the temperature and density of states at the Fermi level.",Condensed Matter Physics,electronic entropy; density of states; Fermi level; insulators and metals
1602,Determine the correct option: What is the Erlangen program?,"The Erlangen program is a procedure of characterizing geometries based on group concept and projective geometry, published by Felix Klein in 1872 as Vergleichende Betrachtungen über neuere geometrische Forschungen.",Geometry Theory,Erlangen program; group theory; projective geometry; Felix Klein; geometric characterization
1603,Choose the correct answer: What is the contrast between probability mass function (PMF) and probability density function (PDF)? among the listed options.,"PMF is used for discrete random variables, while PDF is used for continuous random variables.",Probability Theory,probability mass function; probability density function; random variables; continuous vs discrete distributions
1604,Which of the following is correct? What is the Evans balance? carefully.,The Evans balance is a framework used to measure the susceptibility of a sample by measuring the force change on a strong compact magnet upon insertion of the sample.,Magnetic Resonance Spectroscopy,Evans balance; magnetic susceptibility; NMR frequency; magnetic field distortion
1605,Identify the correct statement: What is the application of Memristor? based on the given context.,"Memristor has applications in programmable logic signal processing, Super-resolution imaging, physical neural networks, control mechanisms, reconfigurable computing, in-memory computing, brain–computer interfaces and RFID.",Neuromorphic Engineering,memristor; in-memory computing; physical neural networks; reconfigurable computing; brain–computer interfaces
1606,Identify the correct statement: What is the Penrose process?,"The Penrose process is a mechanism through which objects can emerge from the ergosphere with more energy than they entered with, taking extra energy from the rotational energy of the black hole and slowing down its rotation.",Astrophysics,Penrose process; ergosphere; rotational energy; black hole dynamics
1607,Choose the correct answer: What is Lorentz symmetry or Lorentz invariance in relativistic physics?,Lorentz symmetry or Lorentz invariance is an equivalence of observation or observational symmetry due to special relativity implying that the laws of physics stay the same for all observers that are moving with respect to one another within an inertial frame.,Theoretical Physics,Lorentz invariance; spacetime manifold; Lorentz group; special relativity; four-vectors
1608,Select the most accurate option: What is the proposed name for the field that is responsible for cosmic inflation and the metric expansion of space? among the listed options.,Inflaton,Cosmology,cosmic inflation; metric expansion; inflaton field; conformal cyclic cosmology
1609,"What are amorphous ferromagnetic metallic alloys, and what are their advantages?","Amorphous ferromagnetic metallic alloys are non-crystalline alloys that can be made by rapidly cooling a liquid alloy. Their properties are nearly isotropic, resulting in low coercivity, low hysteresis loss, high permeability, and high electrical resistivity.",Materials Science,amorphous ferromagnetic metallic alloys; coercivity; hysteresis loss; high permeability; electrical resistivity
1610,"Determine the correct option: What are amorphous ferromagnetic metallic alloys, and what are their advantages? based on the given context.","Amorphous ferromagnetic metallic alloys are non-crystalline alloys that can be made by rapidly cooling a liquid alloy. Their properties are nearly isotropic, resulting in low coercivity, low hysteresis loss, high permeability, and high electrical resistivity.",Materials Science,amorphous ferromagnetic metallic alloys; low coercivity; hysteresis loss; high permeability; electrical resistivity
1611,Select the most accurate option: Which of the following statements accurately describes the relationship between the dimensions of a diffracting object and the angular spacing of features in the diffraction pattern?,"The angular spacing of features in the diffraction pattern is inversely proportional to the dimensions of the object causing the diffraction. Therefore, if the diffracting object is smaller, the resulting diffraction pattern will be wider.",Wave Optics,diffraction pattern; angular spacing; wave interference; optical physics
1612,Determine the correct option: What is one of the examples of the models proposed by cosmologists and theoretical physicists without the cosmological or Copernican principles that can be used to address specific issues in the Lambda-CDM model and distinguish between current models and other possible models? among the listed options.,"Inhomogeneous cosmology, which models the universe as an extremely large, low-density void, instead of using the concept of dark energy. According to the model, this principle can match the observed accelerating universe and cosmological constant, but it contradicts the Copernican principle.",Cosmology,Lambda-CDM model; Copernican principle; inhomogeneous cosmology; isotropic universe; theoretical physics
1613,"Choose the correct answer: What is the concept of simultaneity in Einstein's book, Relativity? based on the given context.","Simultaneity is relative, meaning that two events that appear simultaneous to an observer in a particular inertial reference frame need not be judged as simultaneous by a second observer in a different inertial frame of reference.",Theoretical Physics,relativity of simultaneity; inertial reference frame; special relativity; spacetime physics
1614,Choose the correct answer: What is the relationship between dielectric loss and the transparency of a material? among the listed options.,"Dielectric loss in a material can cause absorption, which can reduce the material's transparency at higher frequencies.",Electromagnetics,dielectric loss; material transparency; frequency-dependent absorption; electromagnetic wave propagation
1615,Choose the correct answer: What is the role of CYCLOIDEA genes in the evolution of bilateral symmetry? carefully.,"CYCLOIDEA genes are responsible for the expression of transcription factors that control the expression of other genes, allowing their expression to influence developmental pathways relating to symmetry.",Evolutionary Developmental Biology,CYCLOIDEA genes; bilateral symmetry; transcription factors; developmental pathways; Antirrhinum majus
1616,Pick the best possible answer: What is a planetary structure? among the listed options.,Any set of gravitationally bound non-stellar objects in or out of orbit around a star or star mechanism.,Astronomy,planetary structure; gravitationally bound; non-stellar objects; orbital mechanics
1617,Choose the correct answer: What is resistivity? among the listed options.,Resistivity is an intrinsic property of a material that describes how difficult it is to make electrical current flow through it. It is measured in ohm-meters and is independent of the material's shape and size.,Electrical Engineering,resistivity; intrinsic property; ohm-meters; electrical current flow
1618,Identify the correct statement: What is explicit symmetry breaking in theoretical physics? from the following choices.,"Explicit symmetry breaking is the breaking of a symmetry of a concept by terms in its defining equations of motion that do not respect the symmetry, usually in situations where these symmetry-breaking terms are small, so that the symmetry is approximately respected by the concept.",Theoretical Physics,explicit symmetry breaking; equations of motion; symmetry principles; theoretical frameworks
1619,Select the most accurate option: What was the aim of the Gravity Probe B (GP-B) mission? among the listed options.,"To measure spacetime curvature near Earth, with particular emphasis on gravitomagnetism.",General Relativity,Gravity Probe B; gravitomagnetism; spacetime curvature; geodetic effect; de Sitter precession
1620,Determine the correct option: What did Arthur Eddington discover about two of Einstein's types of gravitational waves?,"Arthur Eddington showed that two of Einstein's types of waves were artifacts of the coordinate framework he used, and could be made to propagate at any speed by choosing appropriate coordinates.",General Relativity,gravitational waves; coordinate mechanism; Einstein's field equations; speed of gravity
1621,What is linear frame dragging?,"Linear frame dragging is the effect of the general principle of relativity applied to linear momentum, which is similarly inevitable to the rotational effect. It is a tiny effect that is difficult to confirm experimentally and often omitted from articles on frame-dragging.",General Relativity,linear frame dragging; rotational momentum; general principle of relativity; spacetime curvature
1622,Choose the correct answer: What are the four qualitative levels of crystallinity described by geologists?,"Holocrystalline, hypocrystalline, hypohyaline, and holohyaline",Geology,crystallinity levels; holocrystalline; hypocrystalline; hypercrystalline; hyperhyaline
1623,What is a regular polytope?,A regular polytope is a geometric shape whose symmetry group is transitive on its flags.,Discrete Geometry,regular polytope; symmetry group; flag-transitivity; geometric shapes
1624,Which of the following is correct? Who was Giordano Bruno? among the listed options.,An Italian philosopher who supported the Copernican concept that Earth and other planets orbit the Sun and believed that fixed stars are similar to the Sun and have planets orbiting them.,History Of Science,Giordano Bruno; Copernican concept; heliocentrism; astronomical philosophy
1625,Determine the correct option: What is X-ray pulsar-based navigation (XNAV)?,"X-ray pulsar-based navigation (XNAV) is a navigation technique that uses the periodic X-ray signals emitted from pulsars to determine the location of a vehicle in deep space, such as a spacecraft.",Aerospace Engineering,X-ray pulsar-based navigation; XNAV; deep space navigation; pulsar signals
1626,Identify the correct statement: What is the significance of the high degree of fatty-acyl disorder in the thylakoid membranes of plants? from the following choices.,The high degree of fatty-acyl disorder in the thylakoid membranes of plants allows for innate fluidity even at relatively low temperatures.,Plant Biochemistry,thylakoid membranes; fatty-acyl disorder; membrane fluidity; gel-to-liquid crystalline phase transition
1627,What was Isaac Newton's explanation for rectilinear propagation of light?,"Isaac Newton rejected the wave theory of light and proposed that light consists of corpuscles that are subject to a force acting perpendicular to the interface. In this model, the critical angle was the angle of incidence at which the normal velocity of the approaching corpuscle was just enough to reach the far side of the force field; at more oblique incidence, the corpuscle would be turned back.",Optics,corpuscular theory; rectilinear propagation; critical angle; wave theory of light
1628,Which of the following is correct? Who published the first framework that was able to encompass previously separate field theories to provide a unifying framework of electromagnetism? based on the given context.,Maxwell,Theoretical Physics,Maxwell's equations; electromagnetism; unified field theory; classical electrodynamics
1629,Pick the best possible answer: What is the role of CYCLOIDEA genes in the evolution of bilateral symmetry? carefully.,"CYCLOIDEA genes are responsible for the expression of transcription factors that control the expression of other genes, allowing their expression to influence developmental pathways relating to symmetry.",Evolutionary Developmental Biology,CYCLOIDEA genes; bilateral symmetry; transcription factors; developmental pathways; Antirrhinum majus
1630,Which of the following is correct? What is a magnetic monopole in particle physics? from the following choices.,"A hypothetical elementary particle that is an isolated magnet with only one magnetic pole, either a north pole or a south pole.",Particle Physics,magnetic monopole; elementary particle; isolated magnetic pole; electromagnetism
1631,Identify the correct statement: What is the application of Memristor? among the listed options.,"Memristor has applications in programmable logic signal processing, Super-resolution imaging, physical neural networks, control frameworks, reconfigurable computing, in-memory computing, brain–computer interfaces and RFID.",Neuromorphic Engineering,memristor; in-memory computing; physical neural networks; reconfigurable computing; brain–computer interfaces
1632,Which of the following is correct? What did Newton adopt after his correspondence with Hooke in 1679-1680? based on the given context.,The language of inward or centripetal force.,History Of Science,Isaac Newton; Robert Hooke; centripetal force; gravitational theory; scientific correspondence
1633,Identify the correct statement: What did Newton's manuscripts of the 1660s show? from the following choices.,Newton combined tangential motion with the effects of radially directed force or endeavour and expressed the concept of linear inertia.,History Of Science,Newton's manuscripts; tangential motion; radially directed force; linear inertia; inverse square law
1634,Which of the following is correct? What are some models that attempt to account for all observations without invoking supplemental non-baryonic matter? carefully.,"Modified Newtonian dynamics, tensor–vector–scalar gravity, or entropic gravity.",Theoretical Physics,Modified Newtonian dynamics; tensor–vector–scalar gravity; entropic gravity; non-baryonic matter
1635,Identify the correct statement: What is the Landau-Lifshitz-Gilbert equation used for in physics? carefully.,"The Landau-Lifshitz-Gilbert equation is a differential equation used to describe the precessional motion of magnetization M in a solid, and is commonly used in micromagnetics to model the effects of a magnetic field on ferromagnetic materials.",Magnetism Physics,Landau-Lifshitz-Gilbert equation; precessional motion; micromagnetics; ferromagnetic materials
1636,Identify the correct statement: What is the application of Memristor? carefully.,"Memristor has applications in programmable logic signal processing, Super-resolution imaging, physical neural networks, control mechanisms, reconfigurable computing, in-memory computing, brain–computer interfaces and RFID.",Neuromorphic Engineering,memristor; in-memory computing; physical neural networks; reconfigurable computing; brain–computer interfaces
1637,Identify the correct statement: What is a regular polytope? from the following choices.,A regular polytope is a geometric shape whose symmetry group is transitive on its flags.,Geometry,regular polytope; symmetry group; flag-transitivity; geometric shapes
1638,Which of the following is correct? What is the role of the Higgs boson in the Standard Model? carefully.,"The Higgs boson is responsible for giving mass to all the elementary particles, except the photon and gluon, in the Standard Model.",Particle Physics,Higgs boson; Standard Model; elementary particles; mass generation; gauge bosons
1639,Pick the best possible answer: What is the reason for the formation of stars exclusively within molecular clouds? from the following choices.,"The low temperatures and high densities of molecular clouds cause the gravitational force to exceed the internal pressures that are acting ""outward"" to prevent a collapse.",Astrophysics,stellar formation; molecular clouds; gravitational collapse; hydrostatic equilibrium
1640,Choose the correct answer: What is the relation between the three moment theorem and the bending moments at three successive supports of a continuous beam? based on the given context.,"The three moment theorem describes the relationship between bending moments at three successive supports of a continuous beam, subject to a loading on two adjacent spans with or without settlement of the supports.",Structural Engineering,three moment theorem; bending moments; continuous beam; deflection curve; support settlement
1641,Choose the correct answer: What is the significance of the speed of light in vacuum? from the following choices.,The speed of light in vacuum is independent of the motion of the wave source and the observer's inertial frame of reference.,Special Relativity,speed of light; inertial frame of reference; wave source; vacuum constant
1642,Choose the correct answer: What is the application of Memristor? among the listed options.,"Memristor has applications in programmable logic signal processing, Super-resolution imaging, physical neural networks, control structures, reconfigurable computing, in-memory computing, brain–computer interfaces and RFID.",Neuromorphic Engineering,memristor; in-memory computing; physical neural networks; reconfigurable computing; brain–computer interfaces
1643,Which of the following statements accurately describes the blocking temperature of an antiferromagnetic layer in a spin valve?,The blocking temperature of an antiferromagnetic layer in a spin valve is the temperature at or above which the layer ceases to prevent the orientation of an adjacent ferromagnetic layer. The blocking temperature is typically lower than the Néel temperature.,Spintronics,antiferromagnetic layer; spin valve; blocking temperature; Néel temperature; magnetic pinning
1644,Pick the best possible answer: What is the evidence for the existence of a supermassive black hole at the center of the Milky Way galaxy?,"The star S2 follows an elliptical orbit with a period of 15.2 years and a pericenter of 17 light-hours from the center of the central object. From the motion of star S2, the object's mass can be estimated as 4.0 million M☉, or about 7.96×1036 kg. The radius of the central object must be less than 17 light-hours, because otherwise S2 would collide with it. Observations of the star S14 indicate that the radius is no more than 6.25 light-hours, about the diameter of Uranus' orbit. No known astronomical object other than a black hole can contain 4.0 million M☉ in this volume of space.",Astrophysics,supermassive black hole; Sagittarius A*; stellar orbits; solar mass; orbital mechanics
1645,Select the most accurate option: What is the main advantage of ferroelectric memristors? from the following choices.,"Ferroelectric domain dynamics can be tuned, allowing for the engineering of memristor response, and resistance variations are due to purely electronic phenomena, making the device more reliable.",Neuromorphic Engineering,ferroelectric memristors; domain dynamics; non-uniform elastic strain; switching mechanism
1646,Choose the correct answer: What is the main focus of the Environmental Science Center at Qatar University? from the following choices.,"Environmental studies, with a main focus on marine science, atmospheric and biological sciences.",Environmental Science,marine science; atmospheric sciences; biological sciences; environmental studies
1647,Choose the correct answer: What is the main sequence in astronomy? among the listed options.,The main sequence is a continuous and distinctive band of stars that appears on plots of stellar color versus brightness. Stars on this band are known as main-sequence stars or dwarf stars.,Astrophysics,main sequence; stellar evolution; Hertzsprung-Russell diagram; stellar luminosity
1648,Pick the best possible answer: What is the reason for heating metals to a temperature just above the upper critical temperature? from the following choices.,"To prevent the grains of solution from growing too large, which enhances mechanical properties such as toughness, shear strength, and tensile strength.",Materials Science,upper critical temperature; grain growth; mechanical properties; metallurgy; tensile strength
1649,Choose the correct answer: What is the Kutta condition?,"The Kutta condition is a physical requirement that the fluid moving along the lower and upper surfaces of an airfoil meet smoothly, with no fluid moving around the trailing edge of the airfoil.",Fluid Dynamics,Kutta condition; airfoil aerodynamics; circulation; Kutta-Joukowski theorem
1650,"Which of the following is correct? Who proposed the principle of ""complexity from noise"" and when was it first introduced? from the following choices.",Henri Atlan in 1972,Complexity Theory,complexity from noise; non-equilibrium thermodynamics; Ilya Prigogine; dissipative structures
1651,Determine the correct option: What is a magnetic monopole in particle physics? based on the given context.,"A hypothetical elementary particle that is an isolated magnet with only one magnetic pole, either a north pole or a south pole.",Particle Physics,magnetic monopole; elementary particle; electromagnetism; isolated magnetic pole
1652,Pick the best possible answer: What is a virtual particle? among the listed options.,A particle that is not directly observable but is inferred from its effects on measurable particles.,Quantum Field Theory,virtual particles; quantum fluctuations; field theory; particle physics
1653,Choose the correct answer: What is the metallicity of Kapteyn's star estimated to be?,8 times less than the Sun,Astrophysics,metallicity; Kapteyn's star; stellar composition; stellar evolution
1654,Identify the correct statement: What is the definition of an improper rotation? based on the given context.,"An improper rotation is the combination of a rotation about an axis and reflection in a plane perpendicular to that axis, or inversion about a point on the axis. The order of the rotation and reflection does not matter, and the symmetry elements for improper rotation are the rotation axis, and either the mirror plane, the inversion point, or both.",Crystallography,improper rotation; symmetry elements; mirror plane; inversion point; rotation axis
1655,What is the main focus of the Environmental Science Center at Qatar University?,"Environmental studies, with a main focus on marine science, atmospheric and biological sciences.",Environmental Science,marine science; atmospheric sciences; environmental studies; biological sciences
1656,Select the most accurate option: Which of the following statements accurately describes the characteristics of gravitational waves? based on the given context.,"Gravitational waves have an amplitude denoted by h, which represents the size of the wave. The amplitude varies with time according to Einstein's quadrupole formula. Gravitational waves also have a frequency denoted by f, which is the frequency of the wave's oscillation, and a wavelength denoted by λ, which is the distance between points of maximum stretch or squeeze.",General Relativity,gravitational waves; quadrupole formula; wave amplitude; spacetime oscillation
1657,Determine the correct option: What is a light-year? among the listed options.,A unit of length used to express astronomical distances that is equivalent to the distance that an object moving at the speed of light in vacuum would travel in one Julian year: approximately 9.46 trillion kilometres (9.46×1012 km) or 5.88 trillion miles (5.88×1012 mi).,Astronomy,light-year; astronomical distances; speed of light; Julian year
1658,Determine the correct option: What is the relationship between the amplitude of a sound wave and its loudness? from the following choices.,The amplitude of a sound wave is related to its loudness.,Acoustics,sound wave amplitude; loudness proportionality; wave mechanics; acoustic properties
1659,Select the most accurate option: What is the 'reactive Leidenfrost effect' observed in non-volatile materials? among the listed options.,"The 'reactive Leidenfrost effect' is a phenomenon where solid particles float above hot surfaces and move erratically, observed in non-volatile materials.",Thermodynamics,reactive Leidenfrost effect; non-volatile materials; surface phenomena; particle dynamics
1660,"Determine the correct option: Which of the following statements accurately describes the impact of Modified Newtonian Dynamics (MOND) on the observed ""missing baryonic mass"" discrepancy in galaxy clusters? among the listed options.",MOND is a principle that reduces the discrepancy between the observed missing baryonic mass in galaxy clusters and the measured velocity dispersions from a factor of around 10 to a factor of about 2.,Astrophysics,Modified Newtonian Dynamics; baryonic mass; velocity dispersions; galaxy clusters
1661,"Select the most accurate option: Who proposed the concept of ""maximal acceleration""?",Eduardo R. Caianiello,Theoretical Physics,maximal acceleration; quantum gravity; Caianiello's theory; spacetime geometry
1662,Determine the correct option: What is the reason that Newton's second law cannot be used to calculate the development of a physical framework in quantum mechanics? based on the given context.,"The existence of particle spin, which is angular momentum that cannot be described by the cumulative effect of point-like motions in space.",Quantum Mechanics,particle spin; angular momentum; linear momentum; physical framework; point-like motions
1663,Determine the correct option: What are some models that attempt to account for all observations without invoking supplemental non-baryonic matter? based on the given context.,"Modified Newtonian dynamics, tensor–vector–scalar gravity, or entropic gravity.",Theoretical Physics,Modified Newtonian dynamics; non-baryonic matter; tensor–vector–scalar gravity; entropic gravity
1664,Choose the correct answer: What can be inferred about the electronic entropy of insulators and metals based on their densities of states at the Fermi level? based on the given context.,"Insulators have zero density of states at the Fermi level, and therefore, their density of states-based electronic entropy is essentially zero. Metals have non-zero density of states at the Fermi level, and thus, their electronic entropy should be proportional to the temperature and density of states at the Fermi level.",Condensed Matter Physics,electronic entropy; density of states; Fermi level; solid-state physics
1665,Identify the correct statement: What is the main factor that determines the occurrence of each type of supernova? from the following choices.,The progenitor star's metallicity,Astrophysics,supernova types; progenitor stars; stellar metallicity; stellar evolution
1666,Pick the best possible answer: What is the main focus of the Environmental Science Center at Qatar University? from the following choices.,"Environmental studies, with a main focus on marine science, atmospheric and biological sciences.",Environmental Science,marine science; atmospheric sciences; biological sciences; environmental studies
1667,Choose the correct answer: Which of the following statements accurately describes the relationship between the dimensions of a diffracting object and the angular spacing of features in the diffraction pattern? among the listed options.,"The angular spacing of features in the diffraction pattern is inversely proportional to the dimensions of the object causing the diffraction. Therefore, if the diffracting object is smaller, the resulting diffraction pattern will be wider.",Wave Optics,diffraction pattern; angular spacing; wave interference; optical physics
1668,Which of the following is correct? What is the variation between the coevolution of myrmecophytes and the mutualistic symbiosis of mycorrhiza?,"Myrmecophytes coevolve with ants, providing them with a home and sometimes food, while the ants defend the plant from herbivores and competing plants. On the other hand, mycorrhiza is a mutualistic symbiosis between plants and fungi, where the fungi help the plants gain water and mineral nutrients from the soil, while the plant gives the fungi carbohydrates manufactured in photosynthesis.",Evolutionary Ecology,myrmecophytes; mutualistic symbiosis; mycorrhiza; coevolutionary dynamics
1669,Which of the following is correct? What is the proper distance for a redshift of 8.2? among the listed options.,"The proper distance for a redshift of 8.2 is about 9.2 Gpc, or about 30 billion light-years.",Cosmology,proper distance; redshift; gigaparsecs; expansion of the universe
1670,Determine the correct option: Which mathematical function is commonly used to characterize linear time-invariant mechanisms? carefully.,Transfer function,Control Systems Engineering,linear time-invariant; transfer function; system dynamics; mathematical modeling
1671,Determine the correct option: What is the main focus of the Environmental Science Center at Qatar University? from the following choices.,"Environmental studies, with a main focus on marine science, atmospheric and biological sciences.",Environmental Science,marine science; atmospheric sciences; biological sciences; environmental studies
1672,What is radiosity in radiometry?,"Radiosity is the radiant flux leaving a surface per unit area, including emitted, reflected, and transmitted radiation.",Radiometry,radiosity; radiant flux; surface radiation; optical physics
1673,Identify the correct statement: What is the role of IL-10 in the formation of Tr1 cells and tolerogenic DCs? among the listed options.,"IL-10 induces the formation of Tr1 cells and tolerogenic DCs, which are dependent on IL-10 and TGF-β, but differ from Tregs by lacking expression of Foxp3. Tr1 cells produce high levels of IL-10 and TGF-β, while tolerogenic DCs produce IL-10 that is key for Tr1 formation.",Immunology,IL-10; Tr1 cells; tolerogenic DCs; Foxp3 expression; TGF-β signaling
1674,Choose the correct answer: What are the constituents of cold dark matter? from the following choices.,"They are unknown, but possibilities include large objects like MACHOs or new particles such as WIMPs and axions.",Astrophysics,cold dark matter; MACHOs; WIMPs; axions; Preon stars
1675,Choose the correct answer: What is the relationship between dielectric loss and the transparency of a material? carefully.,"Dielectric loss in a material can cause absorption, which can reduce the material's transparency at higher frequencies.",Materials Science,dielectric loss; material transparency; electromagnetic absorption; high-frequency propagation
1676,Determine the correct option: What is the definition of anatomy? based on the given context.,Anatomy is a branch of morphology that deals with the structure of organisms.,Biological Morphology,anatomy; body plan; taxonomical categorization; morphological features; structural analysis
1677,Determine the correct option: What did Newton adopt after his correspondence with Hooke in 1679-1680? from the following choices.,The language of inward or centripetal force.,History Of Science,Isaac Newton; Robert Hooke; centripetal force; gravitational theory; scientific correspondence
1678,Which of the following is correct? What is radiosity in radiometry? among the listed options.,"Radiosity is the radiant flux leaving a surface per unit area, including emitted, reflected, and transmitted radiation.",Radiometry,radiosity; radiant flux; surface radiation; optical physics
1679,Pick the best possible answer: What is the definition of an improper rotation? among the listed options.,"An improper rotation is the combination of a rotation about an axis and reflection in a plane perpendicular to that axis, or inversion about a point on the axis. The order of the rotation and reflection does not matter, and the symmetry elements for improper rotation are the rotation axis, and either the mirror plane, the inversion point, or both.",Crystallography,improper rotation; symmetry elements; mirror plane; inversion point; rotation axis
1680,Identify the correct statement: What is the most popular explanation for the shower-curtain effect? among the listed options.,Bernoulli's principle,Fluid Dynamics,Bernoulli's principle; pressure differential; fluid velocity; aerodynamic effects
1681,Choose the correct answer: What is the cause of the observed change in the periods of moons orbiting a distant planet when measured from Earth? from the following choices.,"The contrast in distance travelled by light from the planet (or its moon) to Earth when the Earth is at the point in its orbit that is closest to its planet than when the Earth is at the farthest point in its orbit, the contrast in distance being the diameter of the Earth's orbit around the Sun.",Astrophysics,orbital mechanics; light travel time; celestial observation; planetary motion
1682,Which of the following is correct? What are coherent turbulent structures? carefully.,"Coherent turbulent structures are more elementary components of complex multi-scale and chaotic motions in turbulent flows, which have temporal coherence and persist in their form for long enough periods that the techniques of time-averaged statistics can be applied.",Fluid Dynamics,coherent turbulent structures; multi-scale motions; temporal coherence; time-averaged statistics
1683,Choose the correct answer: What is the function of the fibrous cardiac skeleton? carefully.,"The fibrous cardiac skeleton provides structure to the heart, forming the atrioventricular septum that separates the atria from the ventricles, and the fibrous rings that serve as bases for the four heart valves.",Cardiac Anatomy,fibrous cardiac skeleton; atrioventricular septum; heart valves; myocardial structure
1684,Pick the best possible answer: What is the decay energy for the free neutron decay process?,0.782343 MeV,Nuclear Physics,free neutron decay; decay energy; nuclear transmutation; mass defect
1685,"Pick the best possible answer: What is the purpose of expressing a map's scale as a ratio, such as 1:10,000? from the following choices.",To indicate the relationship between the size of the map and the size of the area being represented.,Cartography,representative fraction; map scale; spatial representation; geographic projection
1686,Select the most accurate option: What are coherent turbulent structures? based on the given context.,"Coherent turbulent structures are more elementary components of complex multi-scale and chaotic motions in turbulent flows, which have temporal coherence and persist in their form for long enough periods that the approachs of time-averaged statistics can be applied.",Fluid Dynamics,coherent turbulent structures; multi-scale motions; temporal coherence; time-averaged statistics
1687,Which of the following is correct? What is the gravitomagnetic interaction? among the listed options.,"The gravitomagnetic interaction is a new force of nature generated by rotating matter, whose intensity is proportional to the rate of spin, according to the general principle of relativity.",General Relativity,gravitomagnetic interaction; rotating matter; general principle of relativity; gravitational permeability
1688,Which of the following is correct? What is the reason that it is nearly impossible to see light emitted at the Lyman-alpha transition wavelength from a star farther than a few hundred light years from Earth? from the following choices.,"Far ultraviolet light is absorbed effectively by the neutral components of the ISM, including atomic hydrogen, which has a typical absorption wavelength of about 121.5 nanometers, the Lyman-alpha transition.",Astrophysics,Lyman-alpha transition; interstellar medium; ultraviolet absorption; atomic hydrogen; spectral analysis
1689,"Which of the following is correct? What is the relationship between mass, force, and acceleration, according to Sir Isaac Newton's laws of motion? among the listed options.","Mass is an inertial property that determines an object's tendency to remain at constant velocity unless acted upon by an outside force. According to Newton's laws of motion and the formula F = ma, an object with a mass of one kilogram accelerates at one meter per second per second when acted upon by a force of one newton.",Classical Mechanics,Newton's laws of motion; inertial property; force-mass-acceleration; kinematics
1690,Pick the best possible answer: Which of the following statements is true about the categorization of planetary structures according to their orbital dynamics? from the following choices.,"Planetary frameworks can be categorized as resonant, non-resonant-interacting, hierarchical, or some combination of these.",Celestial Mechanics,orbital dynamics; planetary frameworks; resonant structures; hierarchical systems
1691,Choose the correct answer: What is accelerator-based light-ion fusion? carefully.,"Accelerator-based light-ion fusion is a technique that uses particle accelerators to achieve particle kinetic energies sufficient to induce light-ion fusion reactions. This approach is relatively easy to implement and can be done in an efficient manner, requiring only a vacuum tube, a pair of electrodes, and a high-voltage transformer. Fusion can be observed with as little as 10 kV between the electrodes.",Nuclear Physics,accelerator-based fusion; light-ion fusion; particle kinetic energy; high-voltage transformer
1692,Select the most accurate option: What is Martin Heidegger's view on the relationship between time and human existence? from the following choices.,"Martin Heidegger believes that humans do not exist inside time, but that they are time. The relationship to the past is a present awareness of having been, and the relationship to the future involves anticipating a potential possibility, task, or engagement.",Existential Phenomenology,Martin Heidegger; temporal existence; Dasein; being-towards-death; temporal consciousness
1693,Identify the correct statement: What is the proper distance for a redshift of 8.2?,"The proper distance for a redshift of 8.2 is about 9.2 Gpc, or about 30 billion light-years.",Cosmology,proper distance; redshift; gigaparsecs; expansion of the universe
1694,"Choose the correct answer: What is the butterfly effect, as defined by Lorenz in his book ""The Essence of Chaos""? based on the given context.","The butterfly effect is the phenomenon that a small change in the initial conditions of a dynamical structure can cause significant distinctions in subsequent states, as defined by Lorenz in his book ""The Essence of Chaos.""",Chaos Theory,butterfly effect; initial conditions; dynamical systems; sensitive dependence
1695,Which of the following is correct? What is resistivity? carefully.,Resistivity is an intrinsic property of a material that describes how difficult it is to make electrical current flow through it. It is measured in ohm-meters and is independent of the material's shape and size.,Electrical Engineering,resistivity; intrinsic property; ohm-meters; electrical current flow
1696,Select the most accurate option: What is a magnetic monopole in particle physics? based on the given context.,"A hypothetical elementary particle that is an isolated magnet with only one magnetic pole, either a north pole or a south pole.",Particle Physics,magnetic monopole; elementary particle; isolated magnetic pole; electromagnetism
1697,Pick the best possible answer: Who was the first person to describe the pulmonary circulation mechanism?,Ibn al-Nafis,History Of Medicine,pulmonary circulation; medical history; Ibn al-Nafis; physiological discovery
1698,Identify the correct statement: What is reciprocal length or inverse length? from the following choices.,"Reciprocal length or inverse length is a quantity or measurement used in several branches of science and mathematics. It is the reciprocal of length, and common units used for this measurement include the reciprocal metre or inverse metre (symbol: m−1), the reciprocal centimetre or inverse centimetre (symbol: cm−1).",Dimensional Analysis,reciprocal length; inverse units; dimensional quantities; unit conversion
1699,"Pick the best possible answer: What is a transient condensation cloud, also known as a Wilson cloud? based on the given context.","A visible cloud of microscopic water droplets that forms when a nuclear weapon or a large amount of a conventional explosive is detonated in humid air, due to a temporary cooling of the air caused by a rarefaction of the air surrounding the explosion.",Nuclear Physics,transient condensation cloud; Wilson cloud; rarefaction; nuclear detonation; atmospheric physics
1700,Which of the following is correct? What is the relationship between the Cauchy momentum equation and the Navier-Stokes equation? based on the given context.,"The Navier-Stokes equation can be derived from the Cauchy momentum equation by specifying the stress tensor through a constitutive relation, expressing the shear tensor in terms of viscosity and fluid velocity, and assuming constant density and viscosity.",Fluid Dynamics,Cauchy momentum equation; Navier-Stokes equation; constitutive relation; stress tensor; fluid viscosity
1701,Determine the correct option: What is the formalism that angular momentum is associated with in rotational invariance? based on the given context.,Angular momentum is the 2-form Noether charge associated with rotational invariance.,Theoretical Physics,Noether charge; rotational invariance; differential forms; angular momentum formalism
1702,"Which of the following is correct? What is the butterfly effect, as defined by Lorenz in his book ""The Essence of Chaos""? from the following choices.","The butterfly effect is the phenomenon that a small change in the initial conditions of a dynamical mechanism can cause significant contrasts in subsequent states, as defined by Lorenz in his book ""The Essence of Chaos.""",Chaos Theory,butterfly effect; initial conditions; dynamical systems; sensitive dependence
1703,What is a crossover experiment?,"A type of experiment used to distinguish between different mechanisms proposed for a chemical reaction, such as intermolecular vs. intramolecular mechanisms.",Chemical Kinetics,crossover experiment; reaction mechanisms; intermolecular mechanism; intramolecular mechanism
1704,Select the most accurate option: What is the revised view of the atmosphere's nature based on the time-varying multistability that is associated with the modulation of large-scale processes and aggregated feedback of small-scale processes? among the listed options.,"The atmosphere possesses both chaos and order, including emerging organized frameworks and time-varying forcing from recurrent seasons.",Atmospheric Science,time-varying multistability; aggregated feedback; large-scale processes; emerging organized frameworks
1705,Which of the following is correct? What is the Landau-Lifshitz-Gilbert equation used for in physics?,"The Landau-Lifshitz-Gilbert equation is a differential equation used to describe the precessional motion of magnetization M in a solid, and is commonly used in micromagnetics to model the effects of a magnetic field on ferromagnetic materials.",Magnetism Physics,Landau-Lifshitz-Gilbert equation; precessional motion; micromagnetics; ferromagnetic materials
1706,Pick the best possible answer: What is the variation between active and passive transport in cells?,"Passive transport is powered by the arithmetic sum of osmosis and an electric field, while active transport requires energy input from the cell.",Cell Biology,active transport; passive transport; cellular energetics; osmosis; electrochemical gradient
1707,Which of the following is correct? Who was the first person to describe the pulmonary circulation structure? from the following choices.,Ibn al-Nafis,History Of Medicine,pulmonary circulation; Ibn al-Nafis; anatomical history; physiological discovery
1708,"Which of the following is correct? What is the purpose of expressing a map's scale as a ratio, such as 1:10,000? from the following choices.",To indicate the relationship between the size of the map and the size of the area being represented.,Cartography,representative fraction; map scale; spatial representation; geographic projection
1709,Pick the best possible answer: What is the relationship between the Hamiltonians and eigenstates in supersymmetric quantum mechanics? carefully.,"For every eigenstate of one Hamiltonian, its partner Hamiltonian has a corresponding eigenstate with the same energy.",Quantum Mechanics,supersymmetric quantum mechanics; Hamiltonians; eigenstates; energy degeneracy
1710,Pick the best possible answer: What is the decay energy for the free neutron decay process?,0.782343 MeV,Nuclear Physics,free neutron decay; decay energy; nuclear transmutation; mass defect
1711,Determine the correct option: What is the relationship between the amplitude of a sound wave and its loudness? carefully.,The amplitude of a sound wave is related to its loudness.,Acoustics,sound wave amplitude; loudness proportionality; wave mechanics; acoustic properties
1712,"Determine the correct option: What is the throttling process, and why is it essential? from the following choices.","The throttling process is a steady adiabatic flow of a fluid through a flow resistance, such as a valve or porous plug, and is responsible for the temperature drop in domestic refrigerators. This process is significant because it is at the heart of the refrigeration cycle.",Thermodynamics,throttling process; refrigeration cycle; adiabatic flow; pressure drop; fluid dynamics
1713,Select the most accurate option: What are the Navier-Stokes equations? among the listed options.,"The Navier-Stokes equations are partial differential equations that describe the motion of viscous fluid substances, expressing momentum balance and conservation of mass for Newtonian fluids.",Fluid Dynamics,Navier-Stokes equations; partial differential equations; momentum balance; Newtonian fluids; conservation of mass
1714,Which of the following is correct? What is the term used to describe the conduction that occurs in non-crystalline semiconductors by charges quantum tunnelling from one localised site to another? carefully.,Variable range hopping,Solid State Physics,non-crystalline semiconductors; quantum tunnelling; variable range hopping; carrier mobility
1715,"Who proposed the concept of ""maximal acceleration""?",Eduardo R. Caianiello,Theoretical Physics,maximal acceleration; Caianiello's theory; quantum gravity; spacetime geometry
1716,Pick the best possible answer: What is explicit symmetry breaking in theoretical physics? from the following choices.,"Explicit symmetry breaking is the breaking of a symmetry of a principle by terms in its defining equations of motion that do not respect the symmetry, usually in situations where these symmetry-breaking terms are small, so that the symmetry is approximately respected by the principle.",Theoretical Physics,explicit symmetry breaking; equations of motion; symmetry principles; approximate symmetry
1717,Identify the correct statement: What is a regular polytope?,A regular polytope is a geometric shape whose symmetry group is transitive on its flags.,Geometry,regular polytope; symmetry group; flag-transitivity; geometric symmetry
1718,Choose the correct answer: What is the distinction between illuminance and luminance? among the listed options.,"Illuminance is the amount of light falling on a surface per unit area, while luminance is the amount of light emitted by a source per unit area.",Photometry,illuminance; luminance; luminous flux; radiometric measurement
1719,Determine the correct option: What is the relationship between interstellar and cometary chemistry? based on the given context.,"There is a possible connection between interstellar and cometary chemistry, as indicated by the similarity between interstellar and cometary ices and the analysis of organics from comet samples returned by the Stardust mission.",Astrochemistry,interstellar chemistry; cometary chemistry; organic molecules; Stardust mission; interstellar ices
1720,Which of the following is correct? What is the origin of the radio emission observed from supernova remnants? among the listed options.,The radio emission from supernova remnants originates from high-velocity electrons oscillating within magnetic fields. This emission is a form of non-thermal emission called synchrotron emission.,Astrophysics,supernova remnants; synchrotron emission; non-thermal emission; magnetic fields; high-velocity electrons
1721,Select the most accurate option: What is the significance of the high degree of fatty-acyl disorder in the thylakoid membranes of plants? based on the given context.,The high degree of fatty-acyl disorder in the thylakoid membranes of plants allows for innate fluidity even at relatively low temperatures.,Plant Biochemistry,thylakoid membranes; fatty-acyl disorder; membrane fluidity; gel-to-liquid crystalline phase transition
1722,Determine the correct option: What is the role of IL-10 in the formation of Tr1 cells and tolerogenic DCs? from the following choices.,"IL-10 induces the formation of Tr1 cells and tolerogenic DCs, which are dependent on IL-10 and TGF-β, but differ from Tregs by lacking expression of Foxp3. Tr1 cells produce high levels of IL-10 and TGF-β, while tolerogenic DCs produce IL-10 that is essential for Tr1 formation.",Immunology,IL-10; Tr1 cells; tolerogenic DCs; Foxp3 expression; TGF-β signaling
1723,Select the most accurate option: What is a planetary structure? carefully.,Any set of gravitationally bound non-stellar objects in or out of orbit around a star or star structure.,Astronomy,planetary structure; gravitationally bound; non-stellar objects; orbital mechanics
1724,Select the most accurate option: What is bollard pull primarily used for measuring? based on the given context.,The strength of tugboats,Marine Engineering,bollard pull; tugboat propulsion; maritime logistics; towing capacity
1725,Determine the correct option: What are the two main factors that cause resistance in a metal?,"The amount of resistance in a metal is mainly caused by the temperature and the purity of the metal. Higher temperatures cause bigger vibrations, and a mixture of different ions acts as an irregularity.",Materials Science,electrical resistance; lattice vibrations; metallic purity; ionic irregularities
1726,What is the fate of a carbocation formed in crystalline naphthalene?,"The carbocation gains an electron from surrounding molecules, becoming an electrically neutral radical.",Organic Chemistry,carbocation; crystalline naphthalene; ion stability; chemical kinetics
1727,Determine the correct option: What happens to an initially inhomogeneous physical framework that is isolated by a thermodynamic operation? from the following choices.,It will generally change its internal state over time.,Thermodynamics,inhomogeneous physical framework; thermodynamic operation; internal state; substructure equilibrium
1728,Pick the best possible answer: What is the interstellar medium (ISM)?,"The matter and radiation that exist in the space between the star structures in a galaxy, including gas in ionic, atomic, and molecular form, as well as dust and cosmic rays. It fills interstellar space and blends smoothly into the surrounding intergalactic space.",Astrophysics,interstellar medium; cosmic rays; ionic gas; galactic structures
1729,Determine the correct option: What is the role of the Higgs boson in the Standard Model? from the following choices.,"The Higgs boson is responsible for giving mass to all the elementary particles, except the photon and gluon, in the Standard Model.",Particle Physics,Higgs boson; Standard Model; elementary particles; mass generation; gauge bosons
1730,"Determine the correct option: What is the relationship between mass, force, and acceleration, according to Sir Isaac Newton's laws of motion? among the listed options.","Mass is an inertial property that determines an object's tendency to remain at constant velocity unless acted upon by an outside force. According to Newton's laws of motion and the formula F = ma, an object with a mass of one kilogram accelerates at one meter per second per second when acted upon by a force of one newton.",Classical Mechanics,Newton's laws of motion; inertial property; force-mass-acceleration; kinematics
1731,What is the Liouville density?,The Liouville density is a probability distribution that specifies the probability of finding a particle at a certain position in phase space for a collection of particles.,Quantum Mechanics,Liouville density; phase space; quasiprobability distribution; quantum-mechanical interference
1732,Which of the following is correct? Which of the following is an accurate definition of dynamic scaling in self-similar frameworks? carefully.,"Dynamic scaling refers to the evolution of self-similar structures, where data obtained from snapshots at fixed times exhibits similarity to the respective data taken from snapshots of any earlier or later time. This similarity is tested by a certain time-dependent stochastic variable x.",Statistical Physics,dynamic scaling; self-similar frameworks; stochastic variables; time-dependent evolution
1733,Pick the best possible answer: What is the Evans balance? from the following choices.,The Evans balance is a mechanism used to measure the susceptibility of a sample by measuring the force change on a strong compact magnet upon insertion of the sample.,Magnetic Resonance Physics,Evans balance; magnetic susceptibility; NMR frequency; magnetic field distortion
1734,Select the most accurate option: What is the butterfly effect? carefully.,The butterfly effect is a phenomenon that highlights the distinction between the application of the notion of causality in physics and a more general use of causality as represented by Mackie's INUS conditions.,Chaos Theory,butterfly effect; distributed causality; unstable equilibrium; INUS conditions; Newtonian physics
1735,Select the most accurate option: What is the reason that it is nearly impossible to see light emitted at the Lyman-alpha transition wavelength from a star farther than a few hundred light years from Earth? carefully.,"Far ultraviolet light is absorbed effectively by the neutral components of the ISM, including atomic hydrogen, which has a typical absorption wavelength of about 121.5 nanometers, the Lyman-alpha transition.",Astrophysics,Lyman-alpha transition; interstellar medium; ultraviolet absorption; atomic hydrogen; spectral analysis
1736,Which of the following is correct? What is the metallicity of Kapteyn's star estimated to be?,8 times less than the Sun,Astrophysics,stellar metallicity; Kapteyn's star; stellar composition; astronomical distance
1737,Determine the correct option: What is the main advantage of ferroelectric memristors? from the following choices.,"Ferroelectric domain dynamics can be tuned, allowing for the engineering of memristor response, and resistance variations are due to purely electronic phenomena, making the device more reliable.",Neuromorphic Engineering,ferroelectric memristors; domain dynamics; piezoelectric field; non-uniform elastic strain
1738,"Pick the best possible answer: What is the throttling process, and why is it significant? carefully.","The throttling process is a steady adiabatic flow of a fluid through a flow resistance, such as a valve or porous plug, and is responsible for the temperature drop in domestic refrigerators. This process is essential because it is at the heart of the refrigeration cycle.",Thermodynamics,throttling process; refrigeration cycle; adiabatic flow; flow resistance; pressure drop
1739,"Choose the correct answer: Which hand should be used to apply the right-hand rule when tightening or loosening nuts, screws, bolts, bottle caps, and jar lids? based on the given context.",The right hand,Mechanical Engineering,right-hand rule; torque application; fastener mechanics; mechanical assembly
1740,Choose the correct answer: What is the SI base unit of time and how is it defined? among the listed options.,"The SI base unit of time is the second, which is defined by measuring the electronic transition frequency of caesium atoms.",Metrology,SI base units; caesium atom transition; time measurement; international system units
1741,Which of the following is correct? Which mathematical function is commonly used to characterize linear time-invariant frameworks? among the listed options.,Transfer function,Control Systems Engineering,linear time-invariant; transfer function; system dynamics; signal processing
1742,What is the difference between redshift due to the expansion of the universe and Doppler redshift?,"Redshift due to the expansion of the universe depends on the cosmological model chosen to describe the expansion of the universe, while Doppler redshift depends on the local velocity of the object emitting the light.",Cosmology,cosmological redshift; Doppler effect; scale factor; expansion of the universe
1743,Which of the following is correct? What is the SI unit of the physical quantity m/Q?,Kilogram per coulomb,Physics,SI units; physical quantities; dimensional analysis; unit conversion
1744,Which of the following is correct? What is the SI base unit of time and how is it defined? from the following choices.,"The SI base unit of time is the second, which is defined by measuring the electronic transition frequency of caesium atoms.",Metrology,SI base units; caesium frequency standard; time measurement; international system of units
1745,Choose the correct answer: What is indirect photophoresis? among the listed options.,"Indirect photophoresis is a phenomenon that occurs when particles absorb incident light only on the irradiated side, creating a temperature gradient within the particle, and causing a migration of particles in a direction opposite to the surface temperature gradient.",Optical Physics,indirect photophoresis; temperature gradient; particle migration; light absorption
1746,What is one of the examples of the models proposed by cosmologists and theoretical physicists without the cosmological or Copernican principles that can be used to address specific issues in the Lambda-CDM model and distinguish between current models and other possible models?,"Inhomogeneous cosmology, which models the universe as an extremely large, low-density void, instead of using the concept of dark energy. According to the model, this theory can match the observed accelerating universe and cosmological constant, but it contradicts the Copernican principle.",Cosmology,Lambda-CDM model; Copernican principle; inhomogeneous cosmology; isotropic universe; dark energy models
1747,Identify the correct statement: What is reciprocal length or inverse length? from the following choices.,"Reciprocal length or inverse length is a quantity or measurement used in several branches of science and mathematics. It is the reciprocal of length, and common units used for this measurement include the reciprocal metre or inverse metre (symbol: m−1), the reciprocal centimetre or inverse centimetre (symbol: cm−1).",Dimensional Analysis,reciprocal length; inverse units; dimensional quantities; unit conversion
1748,Pick the best possible answer: What is the metallicity of Kapteyn's star estimated to be?,8 times less than the Sun,Astrophysics,metallicity; Kapteyn's star; stellar composition; stellar evolution
1749,What is the second law of thermodynamics?,The second law of thermodynamics is a physical law based on universal experience concerning heat and energy interconversions. It establishes the concept of entropy as a physical property of a thermodynamic system and can be used to predict whether processes are forbidden despite obeying the requirement of conservation of energy as expressed in the first law of thermodynamics.,Thermodynamics,second law of thermodynamics; heat energy interconversions; internal energy; cyclic process; conservation of energy
1750,What is an order parameter?,An order parameter is a measure of the degree of symmetry breaking in a physical system.,Condensed Matter Physics,order parameter; symmetry breaking; phase transitions; physical systems
1751,Which of the following is correct? What is the significance of the high degree of fatty-acyl disorder in the thylakoid membranes of plants? carefully.,The high degree of fatty-acyl disorder in the thylakoid membranes of plants allows for innate fluidity even at relatively low temperatures.,Plant Biochemistry,thylakoid membranes; fatty-acyl disorder; membrane fluidity; gel-to-liquid crystalline phase transition
1752,Select the most accurate option: What is the relevant type of coherence for the Young's double-slit interferometer? among the listed options.,Diameter of the coherence area (Ac),Wave Optics,Young's double-slit interferometer; spatial coherence; coherence length; optical interference
1753,Select the most accurate option: What is the Carnot engine?,The Carnot engine is an ideal heat engine that operates in the limiting mode of extreme slowness known as quasi-static. It represents the theoretical maximum efficiency of a heat engine operating between any two given thermal or heat reservoirs at different temperatures.,Thermodynamics,Carnot engine; quasi-static process; heat engine efficiency; thermal reservoirs
1754,Which of the following is correct? What is the metallicity of Kapteyn's star estimated to be? carefully.,8 times less than the Sun,Astrophysics,metallicity; Kapteyn's star; stellar composition; stellar evolution
1755,Select the most accurate option: What is the American Petroleum Institute (API) gravity? among the listed options.,API gravity is a measure of how heavy or light a petroleum liquid is compared to water. It is an inverse measure of a petroleum liquid's density relative to that of water and is graduated in degrees on a hydrometer instrument.,Petroleum Engineering,API gravity; petroleum density; hydrometer measurement; fluid properties
1756,Select the most accurate option: What is the definition of an improper rotation? based on the given context.,"An improper rotation is the combination of a rotation about an axis and reflection in a plane perpendicular to that axis, or inversion about a point on the axis. The order of the rotation and reflection does not matter, and the symmetry elements for improper rotation are the rotation axis, and either the mirror plane, the inversion point, or both.",Crystallography,improper rotation; symmetry elements; mirror plane; inversion point; rotation axis
1757,What is a planetary system?,Any set of gravitationally bound non-stellar objects in or out of orbit around a star or star system.,Astronomy,planetary system; gravitationally bound; non-stellar objects; orbital mechanics
1758,Identify the correct statement: What is the propagation constant in sinusoidal waves? from the following choices.,The propagation constant is a complex number that varies with distance due to the phase change in the sinusoidal wave.,Wave Physics,propagation constant; sinusoidal waves; phase change; complex numbers
1759,Pick the best possible answer: What is the reason behind the largest externally observed electrical effects when two conductors are separated by the smallest distance without touching?,"The surface charge on a conductor depends on the magnitude of the electric field, which in turn depends on the distance between the surfaces.",Electromagnetism,surface charge; electric field; conductor proximity; electrostatic interaction
1760,Identify the correct statement: What is the interpretation of supersymmetry in stochastic supersymmetric principle? among the listed options.,"Supersymmetry is an intrinsic property of all stochastic differential equations, and it preserves continuity in the model's phase space via continuous time flows.",Theoretical Physics,supersymmetry; stochastic differential equations; kinematic dynamo; phase space continuity
1761,Identify the correct statement: What are permutation-inversion groups? from the following choices.,"Permutation-inversion groups are groups of symmetry operations that are energetically feasible permutations of identical nuclei or inversion with respect to the center of mass, or a combination of both.",Molecular Symmetry,permutation-inversion groups; symmetry operations; center of mass; identical nuclei; molecular geometry
1762,Identify the correct statement: What does Earnshaw's theorem state? carefully.,A collection of point charges cannot be maintained in a stable stationary equilibrium configuration solely by the electrostatic interaction of the charges.,Electromagnetism,Earnshaw's theorem; electrostatic interaction; stable equilibrium; point charges
1763,Which of the following is correct? What is the American Petroleum Institute (API) gravity? from the following choices.,API gravity is a measure of how heavy or light a petroleum liquid is compared to water. It is an inverse measure of a petroleum liquid's density relative to that of water and is graduated in degrees on a hydrometer instrument.,Petroleum Engineering,API gravity; petroleum density; hydrometer measurement; fluid properties
1764,Determine the correct option: What is a phageome? among the listed options.,"A community of bacteriophages and their metagenomes localized in a particular environment, similar to a microbiome.",Microbial Ecology,phageome; metagenomics; bacteriophages; microbial communities
1765,Determine the correct option: What is the result of the collapse of a cavitation bubble? from the following choices.,"The collapse of a cavitation bubble causes a sharp boost in pressure and temperature of the vapor within, releasing a significant amount of energy in the form of an acoustic shock wave and visible light.",Fluid Dynamics,cavitation bubble; acoustic shock wave; vapor pressure; implosion dynamics
1766,Determine the correct option: What was Isaac Newton's explanation for rectilinear propagation of light? among the listed options.,"Isaac Newton rejected the wave concept of light and proposed that light consists of corpuscles that are subject to a force acting perpendicular to the interface. In this model, the critical angle was the angle of incidence at which the normal velocity of the approaching corpuscle was just enough to reach the far side of the force field; at more oblique incidence, the corpuscle would be turned back.",Optics Physics,corpuscular theory; rectilinear propagation; critical angle; Newton's optics
1767,Identify the correct statement: What is Martin Heidegger's view on the relationship between time and human existence?,"Martin Heidegger believes that humans do not exist inside time, but that they are time. The relationship to the past is a present awareness of having been, and the relationship to the future involves anticipating a potential possibility, task, or engagement.",Existential Phenomenology,Martin Heidegger; temporal existence; Dasein; being-towards-death; temporal consciousness
1768,Which of the following is correct? Who published the first principle that was able to encompass previously separate field theories to provide a unifying principle of electromagnetism?,Maxwell,Theoretical Physics,Maxwell's equations; electromagnetism; unified field theory; classical electrodynamics
1769,Select the most accurate option: What is the Maxwell's Demon thought experiment? carefully.,"A thought experiment in which a demon guards a microscopic trapdoor in a wall separating two parts of a container filled with the same gas at equal temperatures. The demon selectively allows faster-than-average molecules to pass from one side to the other, causing a lower in temperature in one part and an raise in temperature in the other, contrary to the second law of thermodynamics.",Thermodynamics,Maxwell's Demon; second law of thermodynamics; statistical mechanics; entropy; kinetic theory
1770,What is the Peierls bracket in canonical quantization?,The Peierls bracket is a Poisson bracket derived from the action in the canonical quantization method that converts the quotient algebra into a Poisson algebra.,Theoretical Physics,Peierls bracket; canonical quantization; Poisson algebra; quotient algebra; Euler-Lagrange equations
1771,Determine the correct option: What is the decay energy for the free neutron decay process? carefully.,0.782343 MeV,Nuclear Physics,free neutron decay; decay energy; nuclear transmutation; beta decay
1772,Determine the correct option: What is the main advantage of ferroelectric memristors? based on the given context.,"Ferroelectric domain dynamics can be tuned, allowing for the engineering of memristor response, and resistance variations are due to purely electronic phenomena, making the device more reliable.",Neuromorphic Engineering,ferroelectric memristors; domain dynamics; piezoelectric field; non-uniform elastic strain; switching mechanism
1773,Who shared the other half of the Nobel Prize with Yoichiro Nambu for discovering the origin of the explicit breaking of CP symmetry in the weak interactions?,Makoto Kobayashi and Toshihide Maskawa,Particle Physics,CP symmetry; weak interactions; Kobayashi-Maskawa matrix; Standard Model
1774,Select the most accurate option: What is the function of the fibrous cardiac skeleton? from the following choices.,"The fibrous cardiac skeleton provides structure to the heart, forming the atrioventricular septum that separates the atria from the ventricles, and the fibrous rings that serve as bases for the four heart valves.",Cardiac Anatomy,fibrous cardiac skeleton; atrioventricular septum; heart valves; myocardial structure
1775,Choose the correct answer: What is the explanation for the effective supersymmetry in quark-diquark models? from the following choices.,"Two different color charges close together appear as the corresponding anti-color under coarse resolution, which makes a diquark cluster viewed with coarse resolution effectively appear as an antiquark. Therefore, a baryon containing 3 valence quarks, of which two tend to cluster together as a diquark, behaves like a meson.",Particle Physics,quark-diquark models; effective supersymmetry; color charges; baryon structure
1776,Identify the correct statement: What is the significance of Baryon Acoustic Oscillations (BAOs) in the study of the universe? based on the given context.,"BAOs establish a preferred length scale for baryons, which can be used to detect a subtle preference for pairs of galaxies to be separated by 147 Mpc, compared to those separated by 130-160 Mpc.",Cosmology,Baryon Acoustic Oscillations; cosmic microwave background; galaxy distribution; preferred length scale
1777,Who published the first theory that was able to encompass previously separate field theories to provide a unifying theory of electromagnetism?,Maxwell,Theoretical Physics,electromagnetism; unified field theory; Maxwell's equations; classical mechanics
1778,Pick the best possible answer: What is the Ozma Problem?,"The Ozma Problem is a conundrum that examines whether there is any fundamental asymmetry to the universe. It concerns various aspects of atomic and subatomic physics and how they relate to mirror asymmetry and the related concepts of chirality, antimatter, magnetic and electrical polarity, parity, charge and spin.",Theoretical Physics,Ozma Problem; time invariance; mirror asymmetry; chirality; parity violation
1779,Determine the correct option: What is the reason for recycling rare metals according to the United Nations? among the listed options.,"The demand for rare metals will quickly exceed the consumed tonnage in 2013, and recycling rare metals with a worldwide production lower than 100 000 t/year is urgent and priority should be placed on it in order to conserve natural resources and energy.",Resource Economics,rare metal recycling; resource conservation; production tonnage; sustainable development
1780,Identify the correct statement: What is the relationship between the amplitude of a sound wave and its loudness? among the listed options.,The amplitude of a sound wave is related to its loudness.,Acoustics,sound wave amplitude; wave properties; loudness perception; acoustic physics
1781,Select the most accurate option: What is the main factor that determines the occurrence of each type of supernova? based on the given context.,The progenitor star's metallicity,Astrophysics,supernova types; progenitor star; stellar metallicity; stellar evolution
1782,Determine the correct option: What are the Navier-Stokes equations? among the listed options.,"The Navier-Stokes equations are partial differential equations that describe the motion of viscous fluid substances, expressing momentum balance and conservation of mass for Newtonian fluids.",Fluid Dynamics,Navier-Stokes equations; partial differential equations; momentum balance; conservation of mass; Newtonian fluids
1783,Choose the correct answer: What are the two main interpretations for the disparity between the presence of matter and antimatter in the observable universe?,"The universe began with a small preference for matter, or it was originally perfectly symmetric, but a set of phenomena contributed to a small imbalance in favor of matter over time.",Cosmology,matter-antimatter asymmetry; baryogenesis; cosmological evolution; symmetry breaking
1784,Determine the correct option: What is the reason for the sun appearing slightly yellowish when viewed from Earth? carefully.,"The longer wavelengths of light, such as red and yellow, are not scattered away and are directly visible when looking towards the sun.",Atmospheric Optics,Rayleigh scattering; light wavelength; atmospheric refraction; spectral absorption
1785,Determine the correct option: What is Modified Newtonian Dynamics (MOND)? from the following choices.,MOND is a hypothesis that proposes a modification of Newton's law of universal gravitation to account for observed properties of galaxies. It is an alternative to the hypothesis of dark matter in terms of explaining why galaxies do not appear to obey the currently understood laws of physics.,Astrophysics,Modified Newtonian Dynamics; dark matter; universal gravitation; galactic dynamics
1786,Determine the correct option: What is linear frame dragging? among the listed options.,"Linear frame dragging is the effect of the general principle of relativity applied to linear momentum, which is similarly inevitable to the rotational effect. It is a tiny effect that is difficult to confirm experimentally and often omitted from articles on frame-dragging.",General Relativity,linear frame dragging; rotational momentum; general principle of relativity; spacetime curvature
1787,Pick the best possible answer: What is the identity operation in symmetry groups? from the following choices.,The identity operation leaves the molecule unchanged and forms the identity element in the symmetry group.,Molecular Symmetry,identity operation; symmetry groups; point group theory; molecular geometry
1788,Choose the correct answer: What is a light-year?,A unit of length used to express astronomical distances that is equivalent to the distance that an object moving at the speed of light in vacuum would travel in one Julian year: approximately 9.46 trillion kilometres (9.46×1012 km) or 5.88 trillion miles (5.88×1012 mi).,Astronomy,light-year; astronomical distances; speed of light; Julian year
1789,Determine the correct option: What is the role of axioms in a formal principle? from the following choices.,"Basis statements called axioms form the foundation of a formal principle and, together with the deducing rules, help in deriving a set of statements called theorems using proof principle.",Formal Logic,axioms; proof principle; deductive rules; theorems; formal concept
1790,"Who proposed the principle of ""complexity from noise"" and when was it first introduced?",Henri Atlan in 1972,Complexity Theory,complexity from noise; non-equilibrium thermodynamics; Ilya Prigogine; dissipative structures
1791,Pick the best possible answer: Which of the following statements is true about the categorization of planetary mechanisms according to their orbital dynamics? from the following choices.,"Planetary mechanisms can be categorized as resonant, non-resonant-interacting, hierarchical, or some combination of these.",Celestial Mechanics,orbital dynamics; resonant mechanisms; hierarchical frameworks; planetary interactions
1792,Which of the following is correct? Who was the first person to describe the pulmonary circulation framework? from the following choices.,Ibn al-Nafis,History Of Medicine,pulmonary circulation; Ibn al-Nafis; physiological history; anatomical framework
1793,Which of the following is correct? What is the significance of the high degree of fatty-acyl disorder in the thylakoid membranes of plants? based on the given context.,The high degree of fatty-acyl disorder in the thylakoid membranes of plants allows for innate fluidity even at relatively low temperatures.,Plant Biochemistry,thylakoid membranes; fatty-acyl disorder; membrane fluidity; gel-to-liquid crystalline phase transition
1794,Determine the correct option: What is the role of the Higgs boson in the Standard Model? carefully.,"The Higgs boson is responsible for giving mass to all the elementary particles, except the photon and gluon, in the Standard Model.",Particle Physics,Higgs boson; Standard Model; elementary particles; mass generation; gauge bosons
1795,Identify the correct statement: What is a Schwarzschild black hole? from the following choices.,"A black hole that has mass but neither electric charge nor angular momentum, and is spherically symmetric, according to Birkhoff's theorem.",General Relativity,Schwarzschild black hole; Birkhoff's theorem; angular momentum; spherical symmetry
1796,Identify the correct statement: What is the relationship between interstellar and cometary chemistry? among the listed options.,"There is a possible connection between interstellar and cometary chemistry, as indicated by the similarity between interstellar and cometary ices and the analysis of organics from comet samples returned by the Stardust mission.",Astrochemistry,interstellar chemistry; cometary chemistry; organic molecules; Stardust mission; interstellar ices
1797,"Select the most accurate option: What is the purpose of expressing a map's scale as a ratio, such as 1:10,000? from the following choices.",To indicate the relationship between the size of the map and the size of the area being represented.,Cartography,representative fraction; map scale; spatial representation; geographic projection
1798,Select the most accurate option: What did Arthur Eddington discover about two of Einstein's types of gravitational waves? carefully.,"Arthur Eddington showed that two of Einstein's types of waves were artifacts of the coordinate framework he used, and could be made to propagate at any speed by choosing appropriate coordinates.",General Relativity,gravitational waves; coordinate framework; speed of gravity; Einsteinian physics
1799,Pick the best possible answer: What does Earnshaw's theorem state? based on the given context.,A collection of point charges cannot be maintained in a stable stationary equilibrium configuration solely by the electrostatic interaction of the charges.,Electromagnetism,Earnshaw's theorem; electrostatic interaction; stable equilibrium; point charges
1800,Select the most accurate option: What is spontaneous symmetry breaking? from the following choices.,"Spontaneous symmetry breaking occurs when the action of a concept has a symmetry, but the vacuum state violates this symmetry. In that case, there will exist a local operator that is non-invariant under the symmetry, giving it a nonzero vacuum expectation value.",Theoretical Physics,spontaneous symmetry breaking; vacuum expectation value; local operator; gauge symmetry
1801,Pick the best possible answer: What is Minkowski space? among the listed options.,Minkowski space is a mathematical model that combines inertial space and time manifolds with a non-inertial reference frame of space and time into a four-dimensional model relating a position to the field.,Theoretical Physics,Minkowski space; spacetime manifold; four-dimensional model; special relativity
1802,Pick the best possible answer: What is the butterfly effect? carefully.,The butterfly effect is a phenomenon that highlights the variation between the application of the notion of causality in physics and a more general use of causality as represented by Mackie's INUS conditions.,Chaos Theory,butterfly effect; distributed causality; unstable equilibrium; INUS conditions; Newtonian physics
1803,"Identify the correct statement: What is the concept of simultaneity in Einstein's book, Relativity?","Simultaneity is relative, meaning that two events that appear simultaneous to an observer in a particular inertial reference frame need not be judged as simultaneous by a second observer in a different inertial frame of reference.",Theoretical Physics,relativity of simultaneity; inertial reference frame; special relativity; spacetime physics
1804,Choose the correct answer: What is the result of the collapse of a cavitation bubble? from the following choices.,"The collapse of a cavitation bubble causes a sharp boost in pressure and temperature of the vapor within, releasing a significant amount of energy in the form of an acoustic shock wave and visible light.",Fluid Dynamics,cavitation bubble; acoustic shock wave; vapor implosion; pressure-temperature spikes
1805,Pick the best possible answer: What is the Optical Signal-to-Noise Ratio (OSNR)? among the listed options.,"The Optical Signal-to-Noise Ratio (OSNR) is the ratio between the signal power and the noise power in a given bandwidth, used to describe the signal quality without taking the receiver into account.",Optical Engineering,Optical Signal-to-Noise Ratio; signal power; noise power; dynamic range; bandwidth
1806,Which of the following is correct? What is the Liouville density? among the listed options.,The Liouville density is a probability distribution that specifies the probability of finding a particle at a certain position in phase space for a collection of particles.,Quantum Mechanics,Liouville density; phase space; quasiprobability distribution; quantum-mechanical interference
1807,Pick the best possible answer: What was the aim of the Gravity Probe B (GP-B) mission?,"To measure spacetime curvature near Earth, with particular emphasis on gravitomagnetism.",General Relativity,Gravity Probe B; gravitomagnetism; spacetime curvature; de Sitter precession; geodetic effect
1808,Choose the correct answer: What is indirect photophoresis? carefully.,"Indirect photophoresis is a phenomenon that occurs when particles absorb incident light only on the irradiated side, creating a temperature gradient within the particle, and causing a migration of particles in a direction opposite to the surface temperature gradient.",Optical Physics,indirect photophoresis; temperature gradient; particle migration; radiative forces
1809,Identify the correct statement: What is the reason that it is nearly impossible to see light emitted at the Lyman-alpha transition wavelength from a star farther than a few hundred light years from Earth? among the listed options.,"Far ultraviolet light is absorbed effectively by the neutral components of the ISM, including atomic hydrogen, which has a typical absorption wavelength of about 121.5 nanometers, the Lyman-alpha transition.",Astrophysics,Lyman-alpha transition; interstellar medium; ultraviolet absorption; atomic hydrogen; spectral analysis
1810,What did Fresnel predict and verify with regards to total internal reflections?,"Fresnel predicted and verified that four total internal reflections at 68°27' would give a precise circular polarization if two of the reflections had water as the external medium while the other two had air, but not if the reflecting surfaces were all wet or all dry.",Optical Physics,total internal reflection; circular polarization; Fresnel equations; linear polarization
1811,Choose the correct answer: What is the significance of the change in slope of the pinched hysteresis curves in ReRAM and other forms of two-terminal resistance memory? among the listed options.,"The change in slope of the pinched hysteresis curves demonstrates switching between different resistance states, which is a phenomenon central to ReRAM and other forms of two-terminal resistance memory.",Neuromorphic Engineering,ReRAM; pinched hysteresis curves; memristor; resistance memory; non-crossing curve
1812,Select the most accurate option: What is the interpretation of supersymmetry in stochastic supersymmetric principle?,"Supersymmetry is an intrinsic property of all stochastic differential equations, and it preserves continuity in the model's phase space via continuous time flows.",Theoretical Physics,stochastic supersymmetric principle; hydromagnetic dynamo; induction equation; kinematic approximation; deterministic chaos
1813,Choose the correct answer: What is the purpose of the proximity-focusing design in a RICH detector?,"To emit a cone of Cherenkov light that traverses a small distance and is detected on the photon detector plane, creating a ring of light whose radius is defined by the Cherenkov emission angle and the proximity gap.",Particle Physics,RICH detector; proximity-focusing; Cherenkov emission; photon detector plane
1814,Select the most accurate option: What is the Peierls bracket in canonical quantization? among the listed options.,The Peierls bracket is a Poisson bracket derived from the action in the canonical quantization technique that converts the quotient algebra into a Poisson algebra.,Theoretical Physics,Peierls bracket; canonical quantization; Poisson algebra; quotient algebra; Hamiltonian mechanics
1815,"Identify the correct statement: What is power density in the context of energy structures, and how does it differ between renewable and non-renewable energy sources? carefully.","Power density is a measure of the amount of power obtained per unit of Earth surface area used by a specific energy structure, including all supporting infrastructure, manufacturing, mining of fuel (if applicable) and decommissioning. Fossil fuels and nuclear power have high power density, which means large power can be drawn from power plants occupying relatively small areas. Renewable energy sources have power density at least three orders of magnitude smaller and, for the same energy output, they need to occupy accordingly larger areas.",Energy Engineering,power density; energy structures; renewable energy; fossil fuels; infrastructure footprint
1816,Determine the correct option: What is a magnetic monopole in particle physics? carefully.,"A hypothetical elementary particle that is an isolated magnet with only one magnetic pole, either a north pole or a south pole.",Particle Physics,magnetic monopole; elementary particle; electromagnetism; isolated magnetic pole
1817,Pick the best possible answer: What is an order parameter?,An order parameter is a measure of the degree of symmetry breaking in a physical mechanism.,Condensed Matter Physics,order parameter; symmetry breaking; phase transitions; physical mechanisms
1818,Determine the correct option: What is the fate of a carbocation formed in crystalline naphthalene? based on the given context.,"The carbocation gains an electron from surrounding molecules, becoming an electrically neutral radical.",Organic Chemistry,carbocation; crystalline naphthalene; ionic stability; chemical kinetics
1819,Pick the best possible answer: What is the Optical Signal-to-Noise Ratio (OSNR)? among the listed options.,"The Optical Signal-to-Noise Ratio (OSNR) is the ratio between the signal power and the noise power in a given bandwidth, used to describe the signal quality without taking the receiver into account.",Optical Engineering,Optical Signal-to-Noise Ratio; signal power; noise power; dynamic range; bandwidth
1820,Identify the correct statement: What is the evidence for the existence of a supermassive black hole at the center of the Milky Way galaxy? from the following choices.,"The star S2 follows an elliptical orbit with a period of 15.2 years and a pericenter of 17 light-hours from the center of the central object. From the motion of star S2, the object's mass can be estimated as 4.0 million M☉, or about 7.96×1036 kg. The radius of the central object must be less than 17 light-hours, because otherwise S2 would collide with it. Observations of the star S14 indicate that the radius is no more than 6.25 light-hours, about the diameter of Uranus' orbit. No known astronomical object other than a black hole can contain 4.0 million M☉ in this volume of space.",Astrophysics,supermassive black hole; Sagittarius A*; stellar orbits; solar masses; orbital mechanics
1821,"Pick the best possible answer: What is the estimated redshift of CEERS-93316, a candidate high-redshift galaxy observed by the James Webb Space Telescope? carefully.","Approximately z = 16.7, corresponding to 235.8 million years after the Big Bang.",Observational Cosmology,redshift; high-redshift galaxy; James Webb Space Telescope; Big Bang chronology
1822,Identify the correct statement: What was the aim of the Gravity Probe B (GP-B) mission? carefully.,"To measure spacetime curvature near Earth, with particular emphasis on gravitomagnetism.",General Relativity,Gravity Probe B; gravitomagnetism; spacetime curvature; geodetic effect; de Sitter precession
1823,Select the most accurate option: What is the relationship between the Wigner function and the density matrix operator?,"The Wigner function W(x, p) is the Wigner transform of the density matrix operator ρ̂, and the trace of an operator with the density matrix Wigner-transforms to the equivalent phase-space integral overlap of g(x,p) with the Wigner function.",Quantum Mechanics,Wigner function; density matrix operator; phase-space integral; Moyal bracket; Wigner transform
1824,Pick the best possible answer: What is Martin Heidegger's view on the relationship between time and human existence? among the listed options.,"Martin Heidegger believes that humans do not exist inside time, but that they are time. The relationship to the past is a present awareness of having been, and the relationship to the future involves anticipating a potential possibility, task, or engagement.",Existential Phenomenology,Heideggerian ontology; temporality; Dasein; being-towards-death; historicality
1825,"Choose the correct answer: Which of the following statements accurately depicts the relationship between Gauss's law, electric flux, electric field, and symmetry in electric fields?","Gauss's law holds in all cases, but it is most useful for calculations involving symmetric electric fields, like those with spherical or cylindrical symmetry, as they allow for simpler algebraic manipulations. Electric flux is not affected by distant charges outside the closed surface, whereas the net electric field, E, can be influenced by any charges positioned outside of the closed surface. In SI base units, the electric flux is expressed as kg·m3·s−3·A−1.",Electromagnetism,Gauss's law; electric flux; spherical symmetry; cylindrical symmetry; closed surface
1826,Which of the following is correct? What is the Evans balance?,The Evans balance is a framework used to measure the susceptibility of a sample by measuring the force change on a strong compact magnet upon insertion of the sample.,Magnetic Resonance Spectroscopy,Evans balance; magnetic susceptibility; NMR frequency; magnetic field distortion
1827,"Identify the correct statement: Who proposed the concept of ""maximal acceleration""? from the following choices.",Eduardo R. Caianiello,Theoretical Physics,maximal acceleration; quantum gravity; Caianiello's theory; spacetime geometry
1828,Which of the following is correct? What are the constituents of cold dark matter? among the listed options.,"They are unknown, but possibilities include large objects like MACHOs or new particles such as WIMPs and axions.",Astrophysics,cold dark matter; MACHOs; WIMPs; axions; Preon stars
1829,Identify the correct statement: What is a magnetic monopole in particle physics?,"A hypothetical elementary particle that is an isolated magnet with only one magnetic pole, either a north pole or a south pole.",Particle Physics,magnetic monopole; elementary particle; electromagnetism; isolated magnetic pole
1830,Identify the correct statement: What is the main sequence in astronomy? carefully.,The main sequence is a continuous and distinctive band of stars that appears on plots of stellar color versus brightness. Stars on this band are known as main-sequence stars or dwarf stars.,Astrophysics,main sequence; stellar evolution; Hertzsprung-Russell diagram; stellar luminosity
1831,Identify the correct statement: What is the role of IL-10 in the formation of Tr1 cells and tolerogenic DCs?,"IL-10 induces the formation of Tr1 cells and tolerogenic DCs, which are dependent on IL-10 and TGF-β, but differ from Tregs by lacking expression of Foxp3. Tr1 cells produce high levels of IL-10 and TGF-β, while tolerogenic DCs produce IL-10 that is significant for Tr1 formation.",Immunology,IL-10; Tr1 cells; tolerogenic DCs; Foxp3; TGF-β
1832,"Choose the correct answer: What is the reason behind the designation of Class L dwarfs, and what is their color and composition?","Class L dwarfs are cooler than M stars and are designated L because L is the remaining letter alphabetically closest to M. They are dark red in color and are brightest in infrared. Their atmosphere is cool enough to allow metal hydrides and alkali metals to be prominent in their spectra. Some of these objects have masses large enough to support hydrogen fusion and are therefore stars, but most are of substellar mass and are therefore brown dwarfs.",Astrophysics,Class L dwarfs; substellar mass; hydrogen fusion; metal hydrides; brown dwarfs
1833,Identify the correct statement: What is the order parameter that breaks the electromagnetic gauge symmetry in superconductors?,A condensed-matter collective field ψ.,Condensed Matter Physics,order parameter; electromagnetic gauge symmetry; superconductors; collective field
1834,Pick the best possible answer: What is the propagation constant in sinusoidal waves? among the listed options.,The propagation constant is a complex number that varies with distance due to the phase change in the sinusoidal wave.,Wave Physics,propagation constant; sinusoidal waves; phase change; complex numbers
1835,Choose the correct answer: What is the identity operation in symmetry groups? carefully.,The identity operation leaves the molecule unchanged and forms the identity element in the symmetry group.,Molecular Symmetry,identity operation; symmetry groups; center of mass; inversion center; plane of symmetry
1836,"Select the most accurate option: What is the purpose of expressing a map's scale as a ratio, such as 1:10,000?",To indicate the relationship between the size of the map and the size of the area being represented.,Cartography,representative fraction; map scale; spatial representation; geographic projection
1837,Determine the correct option: Who shared the other half of the Nobel Prize with Yoichiro Nambu for discovering the origin of the explicit breaking of CP symmetry in the weak interactions?,Makoto Kobayashi and Toshihide Maskawa,Particle Physics,CP symmetry; weak interactions; Kobayashi-Maskawa matrix; Standard Model
1838,Which of the following is correct? What is the relation between the three moment theorem and the bending moments at three successive supports of a continuous beam? among the listed options.,"The three moment theorem describes the relationship between bending moments at three successive supports of a continuous beam, subject to a loading on two adjacent spans with or without settlement of the supports.",Structural Engineering,three moment theorem; bending moments; continuous beam; deflection curve; support settlement
1839,Select the most accurate option: What is the Ozma Problem? based on the given context.,"The Ozma Problem is a conundrum that examines whether there is any fundamental asymmetry to the universe. It concerns various aspects of atomic and subatomic physics and how they relate to mirror asymmetry and the related concepts of chirality, antimatter, magnetic and electrical polarity, parity, charge and spin.",Theoretical Physics,Ozma Problem; mirror asymmetry; chirality; time invariance; parity
1840,"Choose the correct answer: What is the butterfly effect, as defined by Lorenz in his book ""The Essence of Chaos""? carefully.","The butterfly effect is the phenomenon that a small change in the initial conditions of a dynamical framework can cause significant distinctions in subsequent states, as defined by Lorenz in his book ""The Essence of Chaos.""",Chaos Theory,butterfly effect; initial conditions; dynamical systems; sensitive dependence
1841,Identify the correct statement: What is the Erlangen program? based on the given context.,"The Erlangen program is a procedure of characterizing geometries based on group principle and projective geometry, published by Felix Klein in 1872 as Vergleichende Betrachtungen über neuere geometrische Forschungen.",Geometry Theory,Erlangen program; group principle; projective geometry; Felix Klein
1842,Choose the correct answer: What is a pycnometer?,A device used to determine the density of a liquid.,Analytical Chemistry,pycnometer; density measurement; volumetric analysis; fluid properties
1843,Which of the following is correct? What is the distinction between illuminance and luminance?,"Illuminance is the amount of light falling on a surface per unit area, while luminance is the amount of light emitted by a source per unit area.",Photometry,illuminance; luminance; luminous flux; surface reflectance; light emission
1844,Determine the correct option: What is the second law of thermodynamics? among the listed options.,The second law of thermodynamics is a physical law based on universal experience concerning heat and energy interconversions. It establishes the concept of entropy as a physical property of a thermodynamic mechanism and can be used to predict whether processes are forbidden despite obeying the requirement of conservation of energy as expressed in the first law of thermodynamics.,Thermodynamics,second law of thermodynamics; heat energy interconversions; internal energy; cyclic process; conservation of energy
1845,Select the most accurate option: What is the Peierls bracket in canonical quantization? among the listed options.,The Peierls bracket is a Poisson bracket derived from the action in the canonical quantization technique that converts the quotient algebra into a Poisson algebra.,Theoretical Physics,Peierls bracket; canonical quantization; Poisson algebra; quotient algebra; Hamiltonian mechanics
1846,What is Modified Newtonian Dynamics (MOND)?,MOND is a hypothesis that proposes a modification of Newton's law of universal gravitation to account for observed properties of galaxies. It is an alternative to the hypothesis of dark matter in terms of explaining why galaxies do not appear to obey the currently understood laws of physics.,Astrophysics,Modified Newtonian Dynamics; dark matter; general relativity; universal gravitation
1847,Determine the correct option: What happens to an initially inhomogeneous physical mechanism that is isolated by a thermodynamic operation?,It will generally change its internal state over time.,Thermodynamics,inhomogeneous physical mechanism; thermodynamic operation; internal state; substructures; isolated systems
1848,Choose the correct answer: What is the purpose of measuring the Larmor precession fields at about 100 microtesla with highly sensitive superconducting quantum interference devices (SQUIDs) in ultra-low field MRI?,"To obtain sufficient signal quality in the microtesla-to-millitesla range, where MRI has been demonstrated recently.",Magnetic Resonance Imaging,Larmor precession; superconducting quantum interference devices; ultra-low field MRI; T1 relaxation; magnetization
1849,What is the Josephson effect?,"The Josephson effect is a phenomenon exploited by superconducting devices such as SQUIDs. It is used in the most accurate available measurements of the magnetic flux quantum Φ0 = h/(2e), where h is the Planck constant.",Quantum Physics,Josephson effect; SQUIDs; magnetic flux quantum; superconductivity; Planck constant
1850,"Select the most accurate option: What is a ""coffee ring"" in physics? carefully.","A pattern left by a particle-laden liquid after it evaporates, named for the characteristic ring-like deposit along the perimeter of a spill of coffee or red wine.",Fluid Dynamics,coffee ring effect; evaporation kinetics; particle-laden liquid; surface tension; deposition patterns
1851,What is the relationship between the amplitude of a sound wave and its loudness?,The amplitude of a sound wave is related to its loudness.,Acoustics,sound wave amplitude; loudness proportionality; wave mechanics; frequency relationship
1852,Identify the correct statement: What is organography? among the listed options.,Organography is the scientific description of the structure and function of the organs of living things.,Plant Morphology,organography; apical meristems; plant anatomy; organ development
1853,Select the most accurate option: What is the definition of dimension in mathematics? carefully.,"The dimension of an object is the number of independent parameters or coordinates needed to define the position of a point constrained to be on the object, and is an intrinsic property of the object, independent of the dimension of the space in which it is embedded.",Geometry,mathematical dimension; degrees of freedom; extrinsic property; independent parameters
1854,Which of the following is correct? What is the proposed name for the field that is responsible for cosmic inflation and the metric expansion of space? carefully.,Inflaton,Cosmology,cosmic inflation; metric expansion; inflaton field; conformal cyclic cosmology
1855,"Pick the best possible answer: What is the purpose of expressing a map's scale as a ratio, such as 1:10,000? carefully.",To indicate the relationship between the size of the map and the size of the area being represented.,Cartography,representative fraction; map scale; spatial representation; geographic projection
1856,Pick the best possible answer: What is emissivity?,Emissivity is a measure of how well a surface absorbs and emits thermal radiation.,Thermodynamics,emissivity; thermal radiation; radiative heat transfer; surface properties
1857,What is the origin of the radio emission observed from supernova remnants?,The radio emission from supernova remnants originates from high-velocity electrons oscillating within magnetic fields. This emission is a form of non-thermal emission called synchrotron emission.,Astrophysics,supernova remnants; synchrotron emission; non-thermal emission; magnetic fields; ionized gas
1858,Pick the best possible answer: What is reciprocal length or inverse length?,"Reciprocal length or inverse length is a quantity or measurement used in several branches of science and mathematics. It is the reciprocal of length, and common units used for this measurement include the reciprocal metre or inverse metre (symbol: m−1), the reciprocal centimetre or inverse centimetre (symbol: cm−1).",Dimensional Analysis,reciprocal length; inverse units; dimensional quantities; unit conversion
1859,What is the Penrose process?,"The Penrose process is a mechanism through which objects can emerge from the ergosphere with more energy than they entered with, taking extra energy from the rotational energy of the black hole and slowing down its rotation.",Astrophysics,Penrose process; ergosphere; rotational energy; black hole dynamics
1860,Pick the best possible answer: What is the Kelvin-Helmholtz instability and how does it affect Earth's magnetosphere? from the following choices.,"The Kelvin-Helmholtz instability is a phenomenon that occurs when large swirls of plasma travel along the edge of the magnetosphere at a different velocity from the magnetosphere, causing the plasma to slip past. This results in magnetic reconnection, and as the magnetic field lines break and reconnect, solar wind particles are able to enter the magnetosphere.",Space Physics,Kelvin-Helmholtz instability; magnetosphere; magnetic reconnection; solar wind; plasma dynamics
1861,Select the most accurate option: What is the propagation constant in sinusoidal waves? carefully.,The propagation constant is a complex number that varies with distance due to the phase change in the sinusoidal wave.,Wave Physics,propagation constant; sinusoidal waves; phase change; complex numbers
1862,Determine the correct option: What is the relationship between dielectric loss and the transparency of a material? carefully.,"Dielectric loss in a material can cause absorption, which can reduce the material's transparency at higher frequencies.",Materials Science,dielectric loss; material transparency; electromagnetic absorption; high-frequency refraction
1863,Which of the following is correct? What is a planetary mechanism? from the following choices.,Any set of gravitationally bound non-stellar objects in or out of orbit around a star or star structure.,Planetary Science,planetary mechanism; gravitationally bound; non-stellar objects; orbital dynamics
1864,Which of the following is correct? What is explicit symmetry breaking in theoretical physics? carefully.,"Explicit symmetry breaking is the breaking of a symmetry of a principle by terms in its defining equations of motion that do not respect the symmetry, usually in situations where these symmetry-breaking terms are small, so that the symmetry is approximately respected by the principle.",Theoretical Physics,explicit symmetry breaking; equations of motion; symmetry principles; approximate symmetry
1865,"What is a transient condensation cloud, also known as a Wilson cloud?","A visible cloud of microscopic water droplets that forms when a nuclear weapon or a large amount of a conventional explosive is detonated in humid air, due to a temporary cooling of the air caused by a rarefaction of the air surrounding the explosion.",Nuclear Physics,transient condensation cloud; Wilson cloud; rarefaction; nuclear detonation; atmospheric physics
1866,What is magnetic susceptibility?,"Magnetic susceptibility is a measure of how much a material will become magnetized in an applied magnetic field. It is the ratio of magnetization to the applied magnetizing field intensity, allowing for a simple classification of most materials' responses to an applied magnetic field.",Electromagnetism,magnetic susceptibility; magnetization; magnetizing field intensity; material classification
1867,Identify the correct statement: What is the order parameter that breaks the electromagnetic gauge symmetry in superconductors? based on the given context.,A condensed-matter collective field ψ.,Condensed Matter Physics,order parameter; electromagnetic gauge symmetry; superconductors; collective field
1868,"Identify the correct statement: What is a ""coffee ring"" in physics? among the listed options.","A pattern left by a particle-laden liquid after it evaporates, named for the characteristic ring-like deposit along the perimeter of a spill of coffee or red wine.",Fluid Dynamics,coffee ring effect; evaporation dynamics; particle-laden liquid; surface tension; deposition patterns
1869,Select the most accurate option: What is the relationship between dielectric loss and the transparency of a material? carefully.,"Dielectric loss in a material can cause absorption, which can reduce the material's transparency at higher frequencies.",Materials Science,dielectric loss; material transparency; electromagnetic absorption; high-frequency propagation
1870,Choose the correct answer: What is the SI base unit of time and how is it defined? among the listed options.,"The SI base unit of time is the second, which is defined by measuring the electronic transition frequency of caesium atoms.",Metrology,SI base units; caesium atom transition; time measurement; international system units
1871,Choose the correct answer: What is radiometric dating? among the listed options.,"Radiometric dating is a technique of measuring geological time using radioactive decay, discovered in the early 20th century.",Geochronology,radiometric dating; radioactive decay; geological time; isotope analysis
1872,Which of the following is correct? What is the reason for the formation of stars exclusively within molecular clouds? among the listed options.,"The low temperatures and high densities of molecular clouds cause the gravitational force to exceed the internal pressures that are acting ""outward"" to prevent a collapse.",Astrophysics,stellar formation; molecular clouds; gravitational collapse; hydrostatic equilibrium
1873,Select the most accurate option: Which mathematical function is commonly used to characterize linear time-invariant structures? among the listed options.,Transfer function,Control Systems Engineering,linear time-invariant; transfer function; system dynamics; signal processing
1874,Select the most accurate option: What is Modified Newtonian Dynamics (MOND)? based on the given context.,MOND is a hypothesis that proposes a modification of Newton's law of universal gravitation to account for observed properties of galaxies. It is an alternative to the hypothesis of dark matter in terms of explaining why galaxies do not appear to obey the currently understood laws of physics.,Astrophysics,Modified Newtonian Dynamics; dark matter; universal gravitation; general relativity
1875,Choose the correct answer: What is the relationship between Coordinated Universal Time (UTC) and Universal Time (UT1)? based on the given context.,"UTC is an atomic time scale designed to approximate Universal Time (UT1), but it differs from UT1 by an integral number of seconds. UTC is kept within 0.9 second of UT1 by the introduction of one-second steps to UTC, the ""leap second"".",Chronometry,Coordinated Universal Time; Universal Time; leap second; atomic time scale
1876,Determine the correct option: What is the second law of thermodynamics? from the following choices.,The second law of thermodynamics is a physical law based on universal experience concerning heat and energy interconversions. It establishes the concept of entropy as a physical property of a thermodynamic mechanism and can be used to predict whether processes are forbidden despite obeying the requirement of conservation of energy as expressed in the first law of thermodynamics.,Thermodynamics,second law of thermodynamics; heat energy interconversions; internal energy; cyclic process; conservation of energy
1877,What is the significance of the speed of light in vacuum?,The speed of light in vacuum is independent of the motion of the wave source and the observer's inertial frame of reference.,Special Relativity,speed of light; inertial frame of reference; wave source; vacuum constant
1878,What is the main focus of cryogenic and noble liquid detectors in dark matter experiments?,Distinguishing background particles from dark matter particles by detecting the heat produced when a particle hits an atom in a crystal absorber or the scintillation produced by a particle collision in liquid xenon or argon.,Particle Physics,cryogenic detectors; noble liquid detectors; scintillation; interaction cross section; dark matter detection
1879,Choose the correct answer: What is the Kutta condition? based on the given context.,"The Kutta condition is a physical requirement that the fluid moving along the lower and upper surfaces of an airfoil meet smoothly, with no fluid moving around the trailing edge of the airfoil.",Fluid Dynamics,Kutta condition; airfoil aerodynamics; circulation; Kutta-Joukowski theorem
1880,Pick the best possible answer: What is linear frame dragging? carefully.,"Linear frame dragging is the effect of the general principle of relativity applied to linear momentum, which is similarly inevitable to the rotational effect. It is a tiny effect that is difficult to confirm experimentally and often omitted from articles on frame-dragging.",General Relativity,linear frame dragging; rotational momentum; general principle of relativity; spacetime curvature
1881,Identify the correct statement: What is the Droste effect? among the listed options.,"The Droste effect is a recursive image effect in which a picture appears within itself in a place where a similar picture would realistically be expected to appear. This creates a loop that can continue as far as the image's resolution allows, and is named after a Dutch brand of cocoa.",Visual Arts & Optics,Droste effect; recursive imagery; self-referential images; optical illusion
1882,Which of the following is correct? What is the definition of anatomy?,Anatomy is a branch of morphology that deals with the structure of organisms.,Biological Sciences,morphology; structural biology; organismal structure; anatomical definition
1883,Choose the correct answer: What is the relation between the three moment theorem and the bending moments at three successive supports of a continuous beam? carefully.,"The three moment theorem describes the relationship between bending moments at three successive supports of a continuous beam, subject to a loading on two adjacent spans with or without settlement of the supports.",Structural Engineering,three moment theorem; bending moments; continuous beam; deflection curve; support settlement
1884,Choose the correct answer: What is a trophic level in an ecological pyramid? carefully.,A group of organisms that acquire most of their energy from the level below them in the pyramid.,Ecology,trophic level; ecological pyramid; energy flow; ecostructure
1885,Determine the correct option: What is the metallicity of Kapteyn's star estimated to be? from the following choices.,8 times less than the Sun,Astrophysics,metallicity; Kapteyn's star; stellar composition; stellar evolution
1886,Which of the following is correct? What is water hammer?,"Water hammer is a loud banging noise resembling a hammering sound that occurs when moving water is suddenly stopped, causing a rise in pressure and resulting shock wave.",Fluid Dynamics,water hammer; pressure surge; shock wave; hydraulic transients
1887,Determine the correct option: What is the 'reactive Leidenfrost effect' observed in non-volatile materials? based on the given context.,"The 'reactive Leidenfrost effect' is a phenomenon where solid particles float above hot surfaces and move erratically, observed in non-volatile materials.",Thermodynamics,reactive Leidenfrost effect; non-volatile materials; surface phenomena; particle dynamics
1888,Determine the correct option: What happens to an initially inhomogeneous physical mechanism that is isolated by a thermodynamic operation? based on the given context.,It will generally change its internal state over time.,Thermodynamics,inhomogeneous physical mechanism; thermodynamic operation; internal state; submechanisms; isolated system
1889,Pick the best possible answer: What are the Navier-Stokes equations? among the listed options.,"The Navier-Stokes equations are partial differential equations that describe the motion of viscous fluid substances, expressing momentum balance and conservation of mass for Newtonian fluids.",Fluid Dynamics,Navier-Stokes equations; partial differential equations; momentum balance; conservation of mass; Newtonian fluids
1890,Choose the correct answer: What is the evidence for the existence of a supermassive black hole at the center of the Milky Way galaxy? carefully.,"The star S2 follows an elliptical orbit with a period of 15.2 years and a pericenter of 17 light-hours from the center of the central object. From the motion of star S2, the object's mass can be estimated as 4.0 million M☉, or about 7.96×1036 kg. The radius of the central object must be less than 17 light-hours, because otherwise S2 would collide with it. Observations of the star S14 indicate that the radius is no more than 6.25 light-hours, about the diameter of Uranus' orbit. No known astronomical object other than a black hole can contain 4.0 million M☉ in this volume of space.",Astrophysics,supermassive black hole; Sagittarius A*; stellar orbits; solar mass; orbital mechanics
1891,"Choose the correct answer: What is the butterfly effect, as defined by Lorenz in his book ""The Essence of Chaos""? among the listed options.","The butterfly effect is the phenomenon that a small change in the initial conditions of a dynamical framework can cause significant distinctions in subsequent states, as defined by Lorenz in his book ""The Essence of Chaos.""",Chaos Theory,butterfly effect; initial conditions; dynamical systems; sensitive dependence
1892,Determine the correct option: What is the Optical Signal-to-Noise Ratio (OSNR)? among the listed options.,"The Optical Signal-to-Noise Ratio (OSNR) is the ratio between the signal power and the noise power in a given bandwidth, used to describe the signal quality without taking the receiver into account.",Optical Engineering,Optical Signal-to-Noise Ratio; signal power; noise power; dynamic range; bandwidth
1893,"Determine the correct option: What is the concept of simultaneity in Einstein's book, Relativity? from the following choices.","Simultaneity is relative, meaning that two events that appear simultaneous to an observer in a particular inertial reference frame need not be judged as simultaneous by a second observer in a different inertial frame of reference.",Theoretical Physics,relativity of simultaneity; inertial reference frame; special relativity; spacetime physics
1894,Identify the correct statement: What is the mechanism of FTIR? from the following choices.,"The mechanism of FTIR is called evanescent-wave coupling, which is a good analog to visualize quantum tunneling.",Analytical Chemistry,FTIR; evanescent-wave coupling; quantum tunneling; frustrated TIR; total internal reflection microscopy
1895,Identify the correct statement: What is the revised view of the atmosphere's nature based on the time-varying multistability that is associated with the modulation of large-scale processes and aggregated feedback of small-scale processes? from the following choices.,"The atmosphere possesses both chaos and order, including emerging organized frameworks and time-varying forcing from recurrent seasons.",Atmospheric Science,time-varying multistability; aggregated feedback; large-scale processes; chaotic dynamics
1896,Which mathematical function is commonly used to characterize linear time-invariant systems?,Transfer function,Control Systems Engineering,linear time-invariant systems; transfer function; system dynamics; signal processing
1897,Which of the following is correct? What is the fate of a carbocation formed in crystalline naphthalene?,"The carbocation gains an electron from surrounding molecules, becoming an electrically neutral radical.",Organic Chemistry,carbocation; crystalline naphthalene; ion stability; chemical decay
1898,What is classical mechanics?,"Classical mechanics is the branch of physics that describes the motion of macroscopic objects using concepts such as mass, acceleration, and force. It is based on a three-dimensional Euclidean space with fixed axes, and utilises many equations and mathematical concepts to relate physical quantities to one another.",Theoretical Physics,classical mechanics; macroscopic motion; Euclidean space; wave-particle duality; quantum mechanics
1899,Pick the best possible answer: What is the information loss paradox in black holes? carefully.,"Black holes have only a few internal parameters, so most of the information about the matter that went into forming the black hole is lost. Regardless of the type of matter which goes into a black hole, it appears that only information concerning the total mass, charge, and angular momentum are conserved. As black holes evaporate by emitting Hawking radiation, the information is lost forever.",Theoretical Physics,information loss paradox; Hawking radiation; black hole evaporation; quantum mechanics
1900,Identify the correct statement: What is the significance of the change in slope of the pinched hysteresis curves in ReRAM and other forms of two-terminal resistance memory? among the listed options.,"The change in slope of the pinched hysteresis curves demonstrates switching between different resistance states, which is a phenomenon central to ReRAM and other forms of two-terminal resistance memory.",Neuromorphic Engineering,ReRAM; pinched hysteresis curves; memristor; resistance memory; two-terminal devices
1901,Determine the correct option: What is Lorentz symmetry or Lorentz invariance in relativistic physics? among the listed options.,Lorentz symmetry or Lorentz invariance is an equivalence of observation or observational symmetry due to special relativity implying that the laws of physics stay the same for all observers that are moving with respect to one another within an inertial frame.,Theoretical Physics,Lorentz invariance; spacetime manifold; Lorentz group; special relativity; four-vectors
1902,Select the most accurate option: What is the reason for recycling rare metals according to the United Nations? among the listed options.,"The demand for rare metals will quickly exceed the consumed tonnage in 2013, and recycling rare metals with a worldwide production lower than 100 000 t/year is urgent and priority should be placed on it in order to conserve natural resources and energy.",Resource Economics,rare metal recycling; resource conservation; production tonnage; sustainable development
1903,Choose the correct answer: What is a phageome? from the following choices.,"A community of bacteriophages and their metagenomes localized in a particular environment, similar to a microbiome.",Microbial Ecology,phageome; metagenomics; bacteriophages; microbial communities
1904,Determine the correct option: What is the relationship between the amplitude of a sound wave and its loudness?,The amplitude of a sound wave is related to its loudness.,Acoustics,sound wave amplitude; loudness proportionality; wave mechanics; acoustic properties
1905,Determine the correct option: What is geometric quantization in mathematical physics? among the listed options.,Geometric quantization is a mathematical approach to defining a quantum framework corresponding to a given classical framework. It attempts to carry out quantization in such a way that certain analogies between the classical framework and the quantum framework remain manifest.,Mathematical Physics,geometric quantization; classical principle; quantum principle; mathematical framework
1906,Select the most accurate option: What was Isaac Newton's explanation for rectilinear propagation of light? from the following choices.,"Isaac Newton rejected the wave principle of light and proposed that light consists of corpuscles that are subject to a force acting perpendicular to the interface. In this model, the critical angle was the angle of incidence at which the normal velocity of the approaching corpuscle was just enough to reach the far side of the force field; at more oblique incidence, the corpuscle would be turned back.",Optics,rectilinear propagation; corpuscular theory; critical angle; Newton's optics
1907,"Pick the best possible answer: What is the butterfly effect, as defined by Lorenz in his book ""The Essence of Chaos""? from the following choices.","The butterfly effect is the phenomenon that a small change in the initial conditions of a dynamical structure can cause significant distinctions in subsequent states, as defined by Lorenz in his book ""The Essence of Chaos.""",Chaos Theory,butterfly effect; initial conditions; dynamical systems; sensitive dependence
1908,Determine the correct option: What is the Heisenberg uncertainty principle and how does it relate to angular momentum in quantum mechanics?,"The Heisenberg uncertainty principle states that at any given time, only one projection of angular momentum can be measured with definite precision, while the other two remain uncertain. This is because angular momentum, like other quantities in quantum mechanics, is expressed as an operator with quantized eigenvalues.",Quantum Mechanics,Heisenberg uncertainty principle; angular momentum; tensorial operator; quantized eigenvalues; spin
1909,Choose the correct answer: What was Pierre de Fermat's solution to the problem of refraction?,"Fermat supposed that light took the path of least resistance, and that different media offered different resistances. His eventual solution, described in a letter to La Chambre dated 1 January 1662, construed ""resistance"" as inversely proportional to speed, so that light took the path of least time. That premise yielded the ordinary law of refraction, provided that light traveled more slowly in the optically denser medium.",Optics,Fermat's principle; law of refraction; principle of least time; optical density
1910,Choose the correct answer: What is the significance of the speed of light in vacuum? carefully.,The speed of light in vacuum is independent of the motion of the wave source and the observer's inertial frame of reference.,Special Relativity,speed of light; inertial frame of reference; wave source; vacuum constant
1911,Choose the correct answer: What is Minkowski space? based on the given context.,Minkowski space is a mathematical model that combines inertial space and time manifolds with a non-inertial reference frame of space and time into a four-dimensional model relating a position to the field.,Theoretical Physics,Minkowski space; spacetime manifold; four-dimensional model; non-inertial reference frame
1912,Identify the correct statement: What is the most popular explanation for the shower-curtain effect? based on the given context.,Bernoulli's principle,Fluid Dynamics,Bernoulli's principle; pressure differential; fluid mechanics; velocity-pressure relationship
1913,Determine the correct option: What is the Ramsauer-Townsend effect? among the listed options.,The Ramsauer-Townsend effect is a physical phenomenon that involves the scattering of low-energy electrons by atoms of a noble gas. It requires the wave principle of quantum mechanics to be explained.,Quantum Mechanics,Ramsauer-Townsend effect; electron scattering; wave principle; noble gas interaction
1914,"Pick the best possible answer: What is the purpose of expressing a map's scale as a ratio, such as 1:10,000? from the following choices.",To indicate the relationship between the size of the map and the size of the area being represented.,Cartography,representative fraction; map scale; spatial representation; geographic projection
1915,Identify the correct statement: What is Minkowski space? based on the given context.,Minkowski space is a mathematical model that combines inertial space and time manifolds with a non-inertial reference frame of space and time into a four-dimensional model relating a position to the field.,Theoretical Physics,Minkowski space; spacetime manifold; four-dimensional model; non-inertial reference frame
1916,Select the most accurate option: What is the Heisenberg uncertainty principle and how does it relate to angular momentum in quantum mechanics? among the listed options.,"The Heisenberg uncertainty principle states that at any given time, only one projection of angular momentum can be measured with definite precision, while the other two remain uncertain. This is because angular momentum, like other quantities in quantum mechanics, is expressed as an operator with quantized eigenvalues.",Quantum Mechanics,Heisenberg uncertainty principle; angular momentum; tensorial operator; quantized eigenvalues; spin
1917,Select the most accurate option: What happens to an initially inhomogeneous physical framework that is isolated by a thermodynamic operation?,It will generally change its internal state over time.,Thermodynamics,inhomogeneous physical framework; thermodynamic operation; internal state; substructures; isolated systems
1918,Which of the following is correct? What is the reason behind the largest externally observed electrical effects when two conductors are separated by the smallest distance without touching? carefully.,"The surface charge on a conductor depends on the magnitude of the electric field, which in turn depends on the distance between the surfaces.",Electromagnetism,surface charge; electric field; conductor proximity; electrostatic interaction
1919,Select the most accurate option: What is geometric quantization in mathematical physics?,Geometric quantization is a mathematical approach to defining a quantum principle corresponding to a given classical principle. It attempts to carry out quantization in such a way that certain analogies between the classical principle and the quantum principle remain manifest.,Mathematical Physics,geometric quantization; classical framework; quantum framework; mathematical physics; quantization theory
1920,Which of the following is correct? What is the Minkowski diagram used for?,The Minkowski diagram is used to define concepts and demonstrate properties of Lorentz transformations and to provide geometrical interpretation to the generalization of Newtonian mechanics to relativistic mechanics.,Theoretical Physics,Minkowski diagram; Lorentz transformations; special relativity; relativistic mechanics
1921,Choose the correct answer: What is the gravitomagnetic interaction? based on the given context.,"The gravitomagnetic interaction is a new force of nature generated by rotating matter, whose intensity is proportional to the rate of spin, according to the general principle of relativity.",General Relativity,gravitomagnetic interaction; rotating matter; general principle of relativity; gravitational permeability
1922,Pick the best possible answer: What is the relationship between the Cauchy momentum equation and the Navier-Stokes equation? carefully.,"The Navier-Stokes equation can be derived from the Cauchy momentum equation by specifying the stress tensor through a constitutive relation, expressing the shear tensor in terms of viscosity and fluid velocity, and assuming constant density and viscosity.",Fluid Dynamics,Cauchy momentum equation; Navier-Stokes equation; constitutive relation; stress tensor; fluid viscosity
1923,Identify the correct statement: How many crystallographic point groups are there in three-dimensional space? from the following choices.,32,Crystallography,crystallographic point groups; three-dimensional space; symmetry operations; crystal systems
1924,Select the most accurate option: What is the Josephson effect? among the listed options.,"The Josephson effect is a phenomenon exploited by superconducting devices such as SQUIDs. It is used in the most accurate available measurements of the magnetic flux quantum Φ0 = h/(2e), where h is the Planck constant.",Quantum Physics,Josephson effect; SQUIDs; magnetic flux quantum; Planck constant; superconductivity
1925,Which of the following is correct? What is the Einstein@Home project? based on the given context.,The Einstein@Home project is a distributed computing project that aims to detect simple gravitational waves with constant frequency. It takes data from LIGO and GEO and sends it out in little pieces to thousands of volunteers for parallel analysis on their home computers.,Astrophysics,gravitational waves; distributed computing; binary black holes; LIGO; parallel analysis
1926,Identify the correct statement: What is the propagation constant in sinusoidal waves? among the listed options.,The propagation constant is a complex number that varies with distance due to the phase change in the sinusoidal wave.,Wave Physics,propagation constant; sinusoidal waves; phase change; complex numbers
1927,Choose the correct answer: What is the De Haas-Van Alphen effect? based on the given context.,"The oscillation of the differential susceptibility as a function of 1/H in metals under strong magnetic fields, which relates the period of the susceptibility with the Fermi surface of the material.",Condensed Matter Physics,De Haas-Van Alphen effect; differential susceptibility; Fermi surface; magnetic field oscillations
1928,Choose the correct answer: What is magnetic susceptibility? based on the given context.,"Magnetic susceptibility is a measure of how much a material will become magnetized in an applied magnetic field. It is the ratio of magnetization to the applied magnetizing field intensity, allowing for a simple classification of most materials' responses to an applied magnetic field.",Magnetism,magnetic susceptibility; magnetization; magnetizing field intensity; material classification
1929,Pick the best possible answer: What is the origin of the radio emission observed from supernova remnants? from the following choices.,The radio emission from supernova remnants originates from high-velocity electrons oscillating within magnetic fields. This emission is a form of non-thermal emission called synchrotron emission.,Astrophysics,supernova remnants; synchrotron emission; non-thermal emission; magnetic fields; high-velocity electrons
1930,Pick the best possible answer: What is the reason that Newton's second law cannot be used to calculate the development of a physical framework in quantum mechanics? based on the given context.,"The existence of particle spin, which is angular momentum that cannot be described by the cumulative effect of point-like motions in space.",Quantum Mechanics,Newton's second law; particle spin; angular momentum; point-like motions
1931,Identify the correct statement: What is the Einstein@Home project?,The Einstein@Home project is a distributed computing project that aims to detect simple gravitational waves with constant frequency. It takes data from LIGO and GEO and sends it out in little pieces to thousands of volunteers for parallel analysis on their home computers.,Computational Astrophysics,distributed computing; gravitational waves; binary black holes; parallel analysis; LIGO data
1932,"Choose the correct answer: What is the ""ultraviolet catastrophe""?",It is the misbehavior of a formula for higher frequencies.,Quantum Physics,ultraviolet catastrophe; classical physics; electromagnetic radiation; energy distribution
1933,Select the most accurate option: What is the main sequence in astronomy? from the following choices.,The main sequence is a continuous and distinctive band of stars that appears on plots of stellar color versus brightness. Stars on this band are known as main-sequence stars or dwarf stars.,Astrophysics,main sequence; stellar evolution; Hertzsprung-Russell diagram; stellar luminosity
1934,Choose the correct answer: What did Fresnel predict and verify with regards to total internal reflections? based on the given context.,"Fresnel predicted and verified that four total internal reflections at 68°27' would give a precise circular polarization if two of the reflections had water as the external medium while the other two had air, but not if the reflecting surfaces were all wet or all dry.",Optical Physics,total internal reflection; circular polarization; Fresnel equations; refractive indices
1935,What is the mechanism of FTIR?,"The mechanism of FTIR is called evanescent-wave coupling, which is a good analog to visualize quantum tunneling.",Optical Physics,FTIR; frustrated TIR; evanescent-wave coupling; total internal reflection; quantum tunneling
1936,Identify the correct statement: What is the identity operation in symmetry groups? from the following choices.,The identity operation leaves the molecule unchanged and forms the identity element in the symmetry group.,Molecular Symmetry,identity operation; symmetry groups; point group theory; molecular geometry
1937,Which of the following is correct? What is the origin of the radio emission observed from supernova remnants? from the following choices.,The radio emission from supernova remnants originates from high-velocity electrons oscillating within magnetic fields. This emission is a form of non-thermal emission called synchrotron emission.,Astrophysics,supernova remnants; synchrotron emission; non-thermal emission; magnetic fields; high-velocity electrons
1938,Determine the correct option: What is resistivity? from the following choices.,Resistivity is an intrinsic property of a material that describes how difficult it is to make electrical current flow through it. It is measured in ohm-meters and is independent of the material's shape and size.,Electrical Engineering,resistivity; intrinsic property; ohm-meters; electrical current flow
1939,Select the most accurate option: What is a planetary mechanism? carefully.,Any set of gravitationally bound non-stellar objects in or out of orbit around a star or star mechanism.,Planetary Science,planetary mechanism; gravitationally bound; non-stellar objects; orbital dynamics
1940,Pick the best possible answer: What is the butterfly effect? among the listed options.,The butterfly effect is a phenomenon that highlights the contrast between the application of the notion of causality in physics and a more general use of causality as represented by Mackie's INUS conditions.,Chaos Theory,butterfly effect; distributed causality; INUS conditions; unstable equilibrium; Newtonian physics
1941,Which of the following is correct? What is the role of methane in Fischer-Tropsch processes? from the following choices.,Methane is partially converted to carbon monoxide for utilization in Fischer-Tropsch processes.,Chemical Engineering,Fischer-Tropsch process; methane conversion; carbon monoxide synthesis; catalytic chemistry
1942,Select the most accurate option: What is the relationship between the complete electromagnetic Hamiltonian of a molecule and the parity operation?,"The complete electromagnetic Hamiltonian of any molecule is invariant to the parity operation, and its eigenvalues can be given the parity symmetry label + or - depending on whether they are even or odd, respectively.",Quantum Chemistry,electromagnetic Hamiltonian; parity operation; symmetry labels; molecular eigenvalues
1943,Choose the correct answer: What is the significance of probability amplitudes in quantum mechanics? among the listed options.,"Probability amplitudes act as the equivalent of conventional probabilities in quantum mechanics, with many analogous laws.",Quantum Mechanics,probability amplitudes; wave function; quantum state; superposition principles
1944,"Identify the correct statement: Which hand should be used to apply the right-hand rule when tightening or loosening nuts, screws, bolts, bottle caps, and jar lids? from the following choices.",The right hand,Mechanical Engineering,right-hand rule; torque application; fastener mechanics; mechanical assembly
1945,Choose the correct answer: What is a planetary mechanism? based on the given context.,Any set of gravitationally bound non-stellar objects in or out of orbit around a star or star structure.,Astronomy,planetary mechanism; gravitationally bound; non-stellar objects; orbital dynamics
1946,Pick the best possible answer: What is the significance of the change in slope of the pinched hysteresis curves in ReRAM and other forms of two-terminal resistance memory? from the following choices.,"The change in slope of the pinched hysteresis curves demonstrates switching between different resistance states, which is a phenomenon central to ReRAM and other forms of two-terminal resistance memory.",Neuromorphic Engineering,ReRAM; pinched hysteresis curves; memristor; resistance memory; two-terminal devices
1947,Which of the following is correct? What is the Erlangen program? based on the given context.,"The Erlangen program is a procedure of characterizing geometries based on group framework and projective geometry, published by Felix Klein in 1872 as Vergleichende Betrachtungen über neuere geometrische Forschungen.",Mathematics,Erlangen program; group framework; projective geometry; Felix Klein
1948,Select the most accurate option: What is a planetary mechanism? based on the given context.,Any set of gravitationally bound non-stellar objects in or out of orbit around a star or star mechanism.,Astronomy,planetary mechanism; gravitationally bound; non-stellar objects; orbital dynamics
1949,Which of the following is correct? What is resistivity? carefully.,Resistivity is an intrinsic property of a material that describes how difficult it is to make electrical current flow through it. It is measured in ohm-meters and is independent of the material's shape and size.,Electrical Engineering,resistivity; intrinsic property; ohm-meters; electrical current flow
1950,Choose the correct answer: What is the reason for the stochastic nature of all observed resistance-switching processes? based on the given context.,"The device is subjected to random thermal fluctuations, which trigger the switching event, but it is impossible to predict when it will occur.",Neuromorphic Engineering,resistance-switching processes; stochasticity; free-energy barriers; thermal fluctuations; memristive devices
1951,"Select the most accurate option: What is the meaning of the term ""horror vacui""? among the listed options.",The commonly held view that nature abhorred a vacuum.,Philosophy Of Science,horror vacui; Cartesian metaphysics; spatial-corporeal component; vacuum theory
1952,"Select the most accurate option: Who proposed the concept of ""maximal acceleration""? among the listed options.",Eduardo R. Caianiello,Theoretical Physics,maximal acceleration; quantum gravity; Caianiello's theory; spacetime geometry
1953,Pick the best possible answer: How many crystallographic point groups are there in three-dimensional space? among the listed options.,32,Crystallography,crystallographic point groups; three-dimensional space; symmetry operations; crystal systems
1954,Determine the correct option: What are some models that attempt to account for all observations without invoking supplemental non-baryonic matter?,"Modified Newtonian dynamics, tensor–vector–scalar gravity, or entropic gravity.",Theoretical Physics,Modified Newtonian dynamics; tensor–vector–scalar gravity; entropic gravity; non-baryonic matter
1955,Choose the correct answer: Which of the following statements accurately describes the blocking temperature of an antiferromagnetic layer in a spin valve? based on the given context.,The blocking temperature of an antiferromagnetic layer in a spin valve is the temperature at or above which the layer ceases to prevent the orientation of an adjacent ferromagnetic layer. The blocking temperature is typically lower than the Néel temperature.,Spintronics,antiferromagnetic layer; spin valve; blocking temperature; Néel temperature; magnetic pinning
1956,Determine the correct option: What is the gravitomagnetic interaction? based on the given context.,"The gravitomagnetic interaction is a new force of nature generated by rotating matter, whose intensity is proportional to the rate of spin, according to the general principle of relativity.",General Relativity,gravitomagnetic interaction; rotating matter; general principle of relativity; gravitational permeability
1957,What are the Navier-Stokes equations?,"The Navier-Stokes equations are partial differential equations that describe the motion of viscous fluid substances, expressing momentum balance and conservation of mass for Newtonian fluids.",Fluid Dynamics,Navier-Stokes equations; partial differential equations; momentum balance; conservation of mass; Newtonian fluids
1958,"What is the meaning of the term ""horror vacui""?",The commonly held view that nature abhorred a vacuum.,Philosophy Of Science,horror vacui; Cartesian metaphysics; spatial-corporeal component; vacuum theory
1959,"Select the most accurate option: Who proposed the concept of ""maximal acceleration""?",Eduardo R. Caianiello,Theoretical Physics,maximal acceleration; quantum gravity; Caianiello's theory; spacetime geometry
1960,Determine the correct option: What is Hesse's principle of transfer in geometry? among the listed options.,"Hesse's principle of transfer is a concept in geometry that states that if the points of the projective line P1 are depicted by a rational normal curve in Pn, then the group of the projective transformations of Pn that preserve the curve is isomorphic to the group of the projective transformations of P1.",Projective Geometry,Hesse's principle of transfer; rational normal curve; projective transformations; isomorphic groups
1961,Determine the correct option: What is the Optical Signal-to-Noise Ratio (OSNR)? from the following choices.,"The Optical Signal-to-Noise Ratio (OSNR) is the ratio between the signal power and the noise power in a given bandwidth, used to describe the signal quality without taking the receiver into account.",Optical Engineering,Optical Signal-to-Noise Ratio; signal power; noise power; dynamic range; bandwidth
1962,What is water hammer?,"Water hammer is a loud banging noise resembling a hammering sound that occurs when moving water is suddenly stopped, causing a rise in pressure and resulting shock wave.",Fluid Dynamics,water hammer; pressure surge; shock wave; hydraulic transients; plumbing systems
1963,Choose the correct answer: What is the main sequence in astronomy? based on the given context.,The main sequence is a continuous and distinctive band of stars that appears on plots of stellar color versus brightness. Stars on this band are known as main-sequence stars or dwarf stars.,Astrophysics,main sequence; stellar evolution; Hertzsprung-Russell diagram; dwarf stars
1964,Pick the best possible answer: What is the Maxwell's Demon thought experiment? based on the given context.,"A thought experiment in which a demon guards a microscopic trapdoor in a wall separating two parts of a container filled with the same gas at equal temperatures. The demon selectively allows faster-than-average molecules to pass from one side to the other, causing a lower in temperature in one part and an enhance in temperature in the other, contrary to the second law of thermodynamics.",Thermodynamics,Maxwell's Demon; second law of thermodynamics; entropy; statistical mechanics
1965,Identify the correct statement: Who was Giordano Bruno?,An Italian philosopher who supported the Copernican concept that Earth and other planets orbit the Sun and believed that fixed stars are similar to the Sun and have planets orbiting them.,History Of Science,Giordano Bruno; Copernican concept; heliocentrism; astronomical philosophy
1966,Determine the correct option: What was the aim of the Gravity Probe B (GP-B) mission? based on the given context.,"To measure spacetime curvature near Earth, with particular emphasis on gravitomagnetism.",General Relativity,Gravity Probe B; gravitomagnetism; spacetime curvature; geodetic effect; de Sitter precession
1967,"Determine the correct option: What is a ""coffee ring"" in physics? from the following choices.","A pattern left by a particle-laden liquid after it evaporates, named for the characteristic ring-like deposit along the perimeter of a spill of coffee or red wine.",Fluid Dynamics,coffee ring effect; evaporation dynamics; particle-laden liquid; surface tension; deposition patterns
1968,Select the most accurate option: What is the explanation for the effective supersymmetry in quark-diquark models?,"Two different color charges close together appear as the corresponding anti-color under coarse resolution, which makes a diquark cluster viewed with coarse resolution effectively appear as an antiquark. Therefore, a baryon containing 3 valence quarks, of which two tend to cluster together as a diquark, behaves like a meson.",Particle Physics,quark-diquark models; effective supersymmetry; color charges; baryon structure
1969,Determine the correct option: What is the order parameter that breaks the electromagnetic gauge symmetry in superconductors? among the listed options.,A condensed-matter collective field ψ.,Condensed Matter Physics,order parameter; electromagnetic gauge symmetry; superconductors; collective field
1970,"What is the purpose of expressing a map's scale as a ratio, such as 1:10,000?",To indicate the relationship between the size of the map and the size of the area being represented.,Cartography,representative fraction; map scale; spatial representation; geographic projection
1971,Determine the correct option: How many crystallographic point groups are there in three-dimensional space? from the following choices.,32,Crystallography,crystallographic point groups; three-dimensional space; symmetry operations; crystal systems
1972,Which of the following is correct? What is the Maxwell's Demon thought experiment?,"A thought experiment in which a demon guards a microscopic trapdoor in a wall separating two parts of a container filled with the same gas at equal temperatures. The demon selectively allows faster-than-average molecules to pass from one side to the other, causing a reduce in temperature in one part and an enhance in temperature in the other, contrary to the second law of thermodynamics.",Thermodynamics,Maxwell's Demon; second law of thermodynamics; statistical mechanics; entropy; kinetic theory
1973,Identify the correct statement: What does Earnshaw's theorem state? from the following choices.,A collection of point charges cannot be maintained in a stable stationary equilibrium configuration solely by the electrostatic interaction of the charges.,Electromagnetism,Earnshaw's theorem; electrostatic interaction; stable equilibrium; point charges
1974,Determine the correct option: What is reciprocal length or inverse length? carefully.,"Reciprocal length or inverse length is a quantity or measurement used in several branches of science and mathematics. It is the reciprocal of length, and common units used for this measurement include the reciprocal metre or inverse metre (symbol: m−1), the reciprocal centimetre or inverse centimetre (symbol: cm−1).",Dimensional Analysis,reciprocal length; inverse units; dimensional quantities; unit conversion
1975,Choose the correct answer: What is a regular polytope?,A regular polytope is a geometric shape whose symmetry group is transitive on its flags.,Geometry,regular polytope; symmetry group; flag-transitivity; geometric shapes
1976,Which of the following is correct? What is the relation between the three moment theorem and the bending moments at three successive supports of a continuous beam?,"The three moment theorem describes the relationship between bending moments at three successive supports of a continuous beam, subject to a loading on two adjacent spans with or without settlement of the supports.",Structural Engineering,three moment theorem; bending moments; continuous beam; deflection curve; support settlement
1977,Choose the correct answer: What is the Landau-Lifshitz-Gilbert equation used for in physics? from the following choices.,"The Landau-Lifshitz-Gilbert equation is a differential equation used to describe the precessional motion of magnetization M in a solid, and is commonly used in micromagnetics to model the effects of a magnetic field on ferromagnetic materials.",Magnetism Physics,Landau-Lifshitz-Gilbert equation; precessional motion; micromagnetics; ferromagnetic materials
1978,Choose the correct answer: What is the significance of the change in slope of the pinched hysteresis curves in ReRAM and other forms of two-terminal resistance memory?,"The change in slope of the pinched hysteresis curves demonstrates switching between different resistance states, which is a phenomenon central to ReRAM and other forms of two-terminal resistance memory.",Neuromorphic Engineering,ReRAM; pinched hysteresis curves; memristor; two-terminal resistance memory; switching resistance states
1979,"Which of the following is correct? What is the reason behind the designation of Class L dwarfs, and what is their color and composition? from the following choices.","Class L dwarfs are cooler than M stars and are designated L because L is the remaining letter alphabetically closest to M. They are dark red in color and are brightest in infrared. Their atmosphere is cool enough to allow metal hydrides and alkali metals to be prominent in their spectra. Some of these objects have masses large enough to support hydrogen fusion and are therefore stars, but most are of substellar mass and are therefore brown dwarfs.",Astrophysics,Class L dwarfs; substellar mass; brown dwarfs; metal hydrides; hydrogen fusion
1980,"Choose the correct answer: Which of the following statements accurately depicts the relationship between Gauss's law, electric flux, electric field, and symmetry in electric fields? from the following choices.","Gauss's law holds in all cases, but it is most useful for calculations involving symmetric electric fields, like those with spherical or cylindrical symmetry, as they allow for simpler algebraic manipulations. Electric flux is not affected by distant charges outside the closed surface, whereas the net electric field, E, can be influenced by any charges positioned outside of the closed surface. In SI base units, the electric flux is expressed as kg·m3·s−3·A−1.",Electromagnetism,Gauss's law; electric flux; spherical symmetry; cylindrical symmetry; closed surface
1981,Identify the correct statement: What is one of the examples of the models proposed by cosmologists and theoretical physicists without the cosmological or Copernican principles that can be used to address specific issues in the Lambda-CDM model and distinguish between current models and other possible models? based on the given context.,"Inhomogeneous cosmology, which models the universe as an extremely large, low-density void, instead of using the concept of dark energy. According to the model, this principle can match the observed accelerating universe and cosmological constant, but it contradicts the Copernican principle.",Cosmology,Lambda-CDM model; Copernican principle; inhomogeneous cosmology; isotropic universe; theoretical physics
1982,Pick the best possible answer: What was Isaac Newton's explanation for rectilinear propagation of light? among the listed options.,"Isaac Newton rejected the wave framework of light and proposed that light consists of corpuscles that are subject to a force acting perpendicular to the interface. In this model, the critical angle was the angle of incidence at which the normal velocity of the approaching corpuscle was just enough to reach the far side of the force field; at more oblique incidence, the corpuscle would be turned back.",Optics,rectilinear propagation; corpuscular theory; critical angle; Newton's optics
1983,Pick the best possible answer: What is the function of mammary glands in mammals? based on the given context.,Mammary glands produce milk to feed the young.,Mammalian Physiology,mammary glands; lactation; reproductive biology; mammalian anatomy
1984,Identify the correct statement: What is the role of methane in Fischer-Tropsch processes? carefully.,Methane is partially converted to carbon monoxide for utilization in Fischer-Tropsch processes.,Chemical Engineering,Fischer-Tropsch process; methane conversion; carbon monoxide synthesis; catalytic chemistry
1985,Identify the correct statement: What is geometric quantization in mathematical physics? from the following choices.,Geometric quantization is a mathematical approach to defining a quantum concept corresponding to a given classical concept. It attempts to carry out quantization in such a way that certain analogies between the classical concept and the quantum concept remain manifest.,Mathematical Physics,geometric quantization; classical principle; quantum principle; mathematical framework
1986,What is the identity operation in symmetry groups?,The identity operation leaves the molecule unchanged and forms the identity element in the symmetry group.,Molecular Symmetry,identity operation; symmetry groups; center of mass; center of inversion; plane of symmetry
1987,Choose the correct answer: What is classical mechanics? from the following choices.,"Classical mechanics is the branch of physics that describes the motion of macroscopic objects using concepts such as mass, acceleration, and force. It is based on a three-dimensional Euclidean space with fixed axes, and utilises many equations and mathematical concepts to relate physical quantities to one another.",Classical Mechanics,macroscopic objects; Euclidean space; physical quantities; motion dynamics
1988,Pick the best possible answer: What is the application of Memristor? from the following choices.,"Memristor has applications in programmable logic signal processing, Super-resolution imaging, physical neural networks, control mechanisms, reconfigurable computing, in-memory computing, brain–computer interfaces and RFID.",Neuromorphic Engineering,memristor; in-memory computing; physical neural networks; reconfigurable computing; brain–computer interfaces
1989,Pick the best possible answer: What is bollard pull primarily used for measuring?,The strength of tugboats,Marine Engineering,bollard pull; maritime propulsion; tugboat capacity; towing force
1990,Select the most accurate option: What is reciprocal length or inverse length?,"Reciprocal length or inverse length is a quantity or measurement used in several branches of science and mathematics. It is the reciprocal of length, and common units used for this measurement include the reciprocal metre or inverse metre (symbol: m−1), the reciprocal centimetre or inverse centimetre (symbol: cm−1).",Dimensional Analysis,reciprocal length; inverse units; dimensional quantities; unit conversion
1991,Pick the best possible answer: What is the Erlangen program? from the following choices.,"The Erlangen program is a approach of characterizing geometries based on group framework and projective geometry, published by Felix Klein in 1872 as Vergleichende Betrachtungen über neuere geometrische Forschungen.",Geometry Theory,Erlangen program; group framework; projective geometry; Felix Klein
1992,Which of the following is correct? What is a trophic level in an ecological pyramid? from the following choices.,A group of organisms that acquire most of their energy from the level below them in the pyramid.,Ecology,trophic level; ecological pyramid; energy flow; ecostructure
1993,Identify the correct statement: What is the second law of thermodynamics? based on the given context.,The second law of thermodynamics is a physical law based on universal experience concerning heat and energy interconversions. It establishes the concept of entropy as a physical property of a thermodynamic mechanism and can be used to predict whether processes are forbidden despite obeying the requirement of conservation of energy as expressed in the first law of thermodynamics.,Thermodynamics,second law of thermodynamics; heat energy interconversions; internal energy; cyclic process; conservation of energy
1994,Select the most accurate option: What is the Josephson effect? carefully.,"The Josephson effect is a phenomenon exploited by superconducting devices such as SQUIDs. It is used in the most accurate available measurements of the magnetic flux quantum Φ0 = h/(2e), where h is the Planck constant.",Quantum Physics,Josephson effect; SQUIDs; magnetic flux quantum; superconductivity; Planck constant
1995,Select the most accurate option: What is the Kutta condition? among the listed options.,"The Kutta condition is a physical requirement that the fluid moving along the lower and upper surfaces of an airfoil meet smoothly, with no fluid moving around the trailing edge of the airfoil.",Fluid Dynamics,Kutta condition; airfoil aerodynamics; circulation; Kutta-Joukowski theorem
1996,What is the piezoelectric strain coefficient for AT-cut quartz crystals?,d = 3.1·10‑12 m/V,Materials Science,piezoelectric strain coefficient; AT-cut quartz; crystal lattice; electromechanical coupling
1997,Identify the correct statement: What is the synapstor or synapse transistor? based on the given context.,A device used to demonstrate a neuro-inspired circuit that shows long-term potentiation for learning and inactivity-based forgetting.,Neuromorphic Engineering,synapse transistor; short-term potentiation; neuro-inspired circuit; inactivity-based forgetting
1998,Determine the correct option: What does Earnshaw's theorem state? from the following choices.,A collection of point charges cannot be maintained in a stable stationary equilibrium configuration solely by the electrostatic interaction of the charges.,Electromagnetism,Earnshaw's theorem; electrostatic interaction; stable equilibrium; point charges
1999,Identify the correct statement: What is the revised view of the atmosphere's nature based on the time-varying multistability that is associated with the modulation of large-scale processes and aggregated feedback of small-scale processes? from the following choices.,"The atmosphere possesses both chaos and order, including emerging organized mechanisms and time-varying forcing from recurrent seasons.",Atmospheric Science,time-varying multistability; aggregated feedback; large-scale processes; emerging organized mechanisms
2000,Pick the best possible answer: Which of the following statements accurately describes the characteristics of gravitational waves? carefully.,"Gravitational waves have an amplitude denoted by h, which represents the size of the wave. The amplitude varies with time according to Einstein's quadrupole formula. Gravitational waves also have a frequency denoted by f, which is the frequency of the wave's oscillation, and a wavelength denoted by λ, which is the distance between points of maximum stretch or squeeze.",General Relativity,gravitational waves; quadrupole formula; wave amplitude; spacetime oscillation
