arxiv_category,keyword_group,query,requested_cap,n_fetched,timestamp
physics.hist-ph,"Copernican principle, Giordano Bruno, celestial mechanics, astronomical philosophy, heliocentrism","cat:physics.hist-ph AND (all:""Copernican principle"" OR all:""Giordano Bruno"" OR all:""celestial mechanics"" OR all:""astronomical philosophy"" OR all:""heliocentrism"")",18,18,2026-07-03T12:57:05.170500+0000
physics.hist-ph,"gravitational force, centripetal force, Hooke-Newton correspondence, Newtonian mechanics","cat:physics.hist-ph AND (all:""gravitational force"" OR all:""centripetal force"" OR all:""Hooke-Newton correspondence"" OR all:""Newtonian mechanics"")",18,18,2026-07-03T12:57:09.310066+0000
physics.hist-ph,"Copernican principle, Giordano Bruno, Copernican concept, Renaissance philosophy, heliocentrism","cat:physics.hist-ph AND (all:""Copernican principle"" OR all:""Giordano Bruno"" OR all:""Copernican concept"" OR all:""Renaissance philosophy"" OR all:""heliocentrism"")",18,18,2026-07-03T12:57:13.441794+0000
physics.hist-ph,"celestial mechanics, Giordano Bruno, Copernican framework, astronomical philosophy","cat:physics.hist-ph AND (all:""celestial mechanics"" OR all:""Giordano Bruno"" OR all:""Copernican framework"" OR all:""astronomical philosophy"")",18,16,2026-07-03T12:57:17.296582+0000
physics.hist-ph,"classical mechanics history, gravitational force, centripetal force, Newton-Hooke correspondence","cat:physics.hist-ph AND (all:""classical mechanics history"" OR all:""gravitational force"" OR all:""centripetal force"" OR all:""Newton-Hooke correspondence"")",18,8,2026-07-03T12:57:20.899085+0000
physics.hist-ph,"radially directed force, Newton's manuscripts, inverse square law, tangential motion, linear inertia","cat:physics.hist-ph AND (all:""radially directed force"" OR all:""Newton's manuscripts"" OR all:""inverse square law"" OR all:""tangential motion"" OR all:""linear inertia"")",18,7,2026-07-03T12:57:24.665346+0000
physics.hist-ph,"Isaac Newton, centripetal force, scientific correspondence, Robert Hooke, gravitational theory","cat:physics.hist-ph AND (all:""Isaac Newton"" OR all:""centripetal force"" OR all:""scientific correspondence"" OR all:""Robert Hooke"" OR all:""gravitational theory"")",18,18,2026-07-03T12:57:28.774964+0000
physics.hist-ph,"astronomical philosophy, Copernican framework, Giordano Bruno, heliocentrism, Copernican concept","cat:physics.hist-ph AND (all:""astronomical philosophy"" OR all:""Copernican framework"" OR all:""Giordano Bruno"" OR all:""heliocentrism"" OR all:""Copernican concept"")",18,18,2026-07-03T12:57:32.694514+0000
cond-mat.mtrl-sci,"electrical resistance, lattice vibrations, metallic conductivity, ionic impurities","cat:cond-mat.mtrl-sci AND (all:""electrical resistance"" OR all:""lattice vibrations"" OR all:""metallic conductivity"" OR all:""ionic impurities"")",13,13,2026-07-03T12:57:37.252533+0000
cond-mat.mtrl-sci,"transformation temperature, base metal solidification, eutectoid level, microstructure, proeutectoid","cat:cond-mat.mtrl-sci AND (all:""transformation temperature"" OR all:""base metal solidification"" OR all:""eutectoid level"" OR all:""microstructure"" OR all:""proeutectoid"")",13,13,2026-07-03T12:57:41.859004+0000
cond-mat.mtrl-sci,"amorphous ferromagnetic metallic alloys, electrical resistivity, high permeability, hysteresis loss, low coercivity","cat:cond-mat.mtrl-sci AND (all:""amorphous ferromagnetic metallic alloys"" OR all:""electrical resistivity"" OR all:""high permeability"" OR all:""hysteresis loss"" OR all:""low coercivity"")",13,13,2026-07-03T12:57:46.229123+0000
cond-mat.mtrl-sci,"upper critical temperature, mechanical properties, tensile strength, grain growth, metallurgy","cat:cond-mat.mtrl-sci AND (all:""upper critical temperature"" OR all:""mechanical properties"" OR all:""tensile strength"" OR all:""grain growth"" OR all:""metallurgy"")",13,13,2026-07-03T12:57:50.614117+0000
cond-mat.mtrl-sci,"electrical resistance, lattice vibrations, thermal vibration, metallic purity, ionic irregularities","cat:cond-mat.mtrl-sci AND (all:""electrical resistance"" OR all:""lattice vibrations"" OR all:""thermal vibration"" OR all:""metallic purity"" OR all:""ionic irregularities"")",13,13,2026-07-03T12:57:55.042183+0000
cond-mat.mtrl-sci,"electromagnetic absorption, high-frequency refraction, material transparency, dielectric loss, optical transparency","cat:cond-mat.mtrl-sci AND (all:""electromagnetic absorption"" OR all:""high-frequency refraction"" OR all:""material transparency"" OR all:""dielectric loss"" OR all:""optical transparency"")",13,13,2026-07-03T12:57:59.356280+0000
cond-mat.mtrl-sci,"electromagnetic absorption, high-frequency propagation, dielectric loss, material transparency","cat:cond-mat.mtrl-sci AND (all:""electromagnetic absorption"" OR all:""high-frequency propagation"" OR all:""dielectric loss"" OR all:""material transparency"")",13,13,2026-07-03T12:58:04.080437+0000
cond-mat.mtrl-sci,"crystal oscillators, piezoelectric strain coefficient, electromechanical coupling, AT-cut quartz, crystal lattice","cat:cond-mat.mtrl-sci AND (all:""crystal oscillators"" OR all:""piezoelectric strain coefficient"" OR all:""electromechanical coupling"" OR all:""AT-cut quartz"" OR all:""crystal lattice"")",13,13,2026-07-03T12:58:08.990601+0000
cond-mat.mtrl-sci,"inversion point, mirror plane, improper rotation, symmetry elements, rotation axis","cat:cond-mat.mtrl-sci AND (all:""inversion point"" OR all:""mirror plane"" OR all:""improper rotation"" OR all:""symmetry elements"" OR all:""rotation axis"")",13,13,2026-07-03T12:58:13.509531+0000
cond-mat.mtrl-sci,"three-dimensional space, crystallographic point groups, crystal systems, symmetry operations","cat:cond-mat.mtrl-sci AND (all:""three-dimensional space"" OR all:""crystallographic point groups"" OR all:""crystal systems"" OR all:""symmetry operations"")",13,13,2026-07-03T12:58:18.439922+0000
cond-mat.mtrl-sci,"NMR frequency, magnetic susceptibility, crystal susceptibility, magnetic field distortion, Evans balance","cat:cond-mat.mtrl-sci AND (all:""NMR frequency"" OR all:""magnetic susceptibility"" OR all:""crystal susceptibility"" OR all:""magnetic field distortion"" OR all:""Evans balance"")",13,13,2026-07-03T12:58:26.866578+0000
nlin.AO,"Ilya Prigogine, complexity from noise, dissipative structures, non-equilibrium thermodynamics","cat:nlin.AO AND (all:""Ilya Prigogine"" OR all:""complexity from noise"" OR all:""dissipative structures"" OR all:""non-equilibrium thermodynamics"")",150,19,2026-07-03T12:58:30.934245+0000
physics.ao-ph,"emerging organized systems, large-scale processes, emerging organized structures, aggregated feedback, time-varying multistability","cat:physics.ao-ph AND (all:""emerging organized systems"" OR all:""large-scale processes"" OR all:""emerging organized structures"" OR all:""aggregated feedback"" OR all:""time-varying multistability"")",37,6,2026-07-03T12:58:34.704274+0000
physics.ao-ph,"large-scale processes, organized frameworks, aggregated feedback, time-varying multistability, chaotic dynamics","cat:physics.ao-ph AND (all:""large-scale processes"" OR all:""organized frameworks"" OR all:""aggregated feedback"" OR all:""time-varying multistability"" OR all:""chaotic dynamics"")",37,37,2026-07-03T12:58:39.355686+0000
physics.ao-ph,"emerging organized frameworks, large-scale processes, aggregated feedback, time-varying multistability, emerging organized mechanisms","cat:physics.ao-ph AND (all:""emerging organized frameworks"" OR all:""large-scale processes"" OR all:""aggregated feedback"" OR all:""time-varying multistability"" OR all:""emerging organized mechanisms"")",37,6,2026-07-03T12:58:43.100991+0000
physics.ao-ph,"atmospheric refraction, light wavelength, spectral absorption, Rayleigh scattering","cat:physics.ao-ph AND (all:""atmospheric refraction"" OR all:""light wavelength"" OR all:""spectral absorption"" OR all:""Rayleigh scattering"")",37,18,2026-07-03T12:58:46.932109+0000
math.PR,"probability mass function, probability density function, continuous vs discrete distributions, random variables","cat:math.PR AND (all:""probability mass function"" OR all:""probability density function"" OR all:""continuous vs discrete distributions"" OR all:""random variables"")",150,150,2026-07-03T12:58:56.326550+0000
cond-mat.str-el,"magnetic fields, De Haas-Van Alphen effect, magnetization, Fermi surface, differential susceptibility","cat:cond-mat.str-el AND (all:""magnetic fields"" OR all:""De Haas-Van Alphen effect"" OR all:""magnetization"" OR all:""Fermi surface"" OR all:""differential susceptibility"")",13,13,2026-07-03T12:59:01.552417+0000
cond-mat.str-el,"electromagnetic phenomena, quantum mechanics, magnetic field, superconductor, spin axis","cat:cond-mat.str-el AND (all:""electromagnetic phenomena"" OR all:""quantum mechanics"" OR all:""magnetic field"" OR all:""superconductor"" OR all:""spin axis"")",13,13,2026-07-03T12:59:06.872326+0000
cond-mat.str-el,"density of states, metallic conductivity, electronic entropy, Fermi level, insulator properties","cat:cond-mat.str-el AND (all:""density of states"" OR all:""metallic conductivity"" OR all:""electronic entropy"" OR all:""Fermi level"" OR all:""insulator properties"")",13,13,2026-07-03T12:59:11.673935+0000
cond-mat.str-el,"microscopic length scales, wavevector dependence, material parameters, spatial dispersion, continuous media","cat:cond-mat.str-el AND (all:""microscopic length scales"" OR all:""wavevector dependence"" OR all:""material parameters"" OR all:""spatial dispersion"" OR all:""continuous media"")",13,13,2026-07-03T12:59:16.605892+0000
cond-mat.str-el,"density of states, solid-state physics, electronic entropy, Fermi level, insulators and metals","cat:cond-mat.str-el AND (all:""density of states"" OR all:""solid-state physics"" OR all:""electronic entropy"" OR all:""Fermi level"" OR all:""insulators and metals"")",13,13,2026-07-03T12:59:21.807585+0000
cond-mat.str-el,"physical structure, physical systems, phase transitions, symmetry breaking, order parameter","cat:cond-mat.str-el AND (all:""physical structure"" OR all:""physical systems"" OR all:""phase transitions"" OR all:""symmetry breaking"" OR all:""order parameter"")",13,13,2026-07-03T12:59:27.334076+0000
cond-mat.str-el,"physical framework, physical mechanisms, phase transitions, symmetry breaking, order parameter","cat:cond-mat.str-el AND (all:""physical framework"" OR all:""physical mechanisms"" OR all:""phase transitions"" OR all:""symmetry breaking"" OR all:""order parameter"")",13,13,2026-07-03T12:59:32.527764+0000
cond-mat.str-el,"magnetic field oscillations, AC permeability, De Haas-Van Alphen effect, Fermi surface, differential susceptibility","cat:cond-mat.str-el AND (all:""magnetic field oscillations"" OR all:""AC permeability"" OR all:""De Haas-Van Alphen effect"" OR all:""Fermi surface"" OR all:""differential susceptibility"")",13,13,2026-07-03T12:59:37.745067+0000
cond-mat.str-el,"collective field, electromagnetic gauge symmetry, superconductors, order parameter","cat:cond-mat.str-el AND (all:""collective field"" OR all:""electromagnetic gauge symmetry"" OR all:""superconductors"" OR all:""order parameter"")",13,13,2026-07-03T12:59:41.995653+0000
cond-mat.str-el,"magnetization dynamics, precessional motion, Landau-Lifshitz-Gilbert equation, ferromagnetic materials, micromagnetics","cat:cond-mat.str-el AND (all:""magnetization dynamics"" OR all:""precessional motion"" OR all:""Landau-Lifshitz-Gilbert equation"" OR all:""ferromagnetic materials"" OR all:""micromagnetics"")",13,13,2026-07-03T12:59:46.447647+0000
cond-mat.str-el,"unpaired electrons, dipole interaction, thermal agitation, magnetic dipoles, permanent moment","cat:cond-mat.str-el AND (all:""unpaired electrons"" OR all:""dipole interaction"" OR all:""thermal agitation"" OR all:""magnetic dipoles"" OR all:""permanent moment"")",13,13,2026-07-03T12:59:50.955988+0000
astro-ph.GA,"molecular clouds, internal pressure, stellar formation, interstellar medium, gravitational collapse","cat:astro-ph.GA AND (all:""molecular clouds"" OR all:""internal pressure"" OR all:""stellar formation"" OR all:""interstellar medium"" OR all:""gravitational collapse"")",5,5,2026-07-03T12:59:55.652003+0000
astro-ph.GA,"gravitationally bound, orbital mechanics, non-stellar objects, planetary structure","cat:astro-ph.GA AND (all:""gravitationally bound"" OR all:""orbital mechanics"" OR all:""non-stellar objects"" OR all:""planetary structure"")",5,5,2026-07-03T13:00:00.410194+0000
astro-ph.GA,"astronomical spectroscopy, stellar velocity, Doppler effect, Fraunhofer lines","cat:astro-ph.GA AND (all:""astronomical spectroscopy"" OR all:""stellar velocity"" OR all:""Doppler effect"" OR all:""Fraunhofer lines"")",5,5,2026-07-03T13:00:07.997518+0000
astro-ph.GA,"energy shifts, radiation field, blueshifting, redshifting, light-matter interactions","cat:astro-ph.GA AND (all:""energy shifts"" OR all:""radiation field"" OR all:""blueshifting"" OR all:""redshifting"" OR all:""light-matter interactions"")",5,5,2026-07-03T13:00:13.125620+0000
astro-ph.GA,"cosmic rays, galactic gas, ionic and molecular matter, interstellar medium","cat:astro-ph.GA AND (all:""cosmic rays"" OR all:""galactic gas"" OR all:""ionic and molecular matter"" OR all:""interstellar medium"")",5,5,2026-07-03T13:00:19.457047+0000
astro-ph.GA,"gravitational disintegration, celestial mechanics, orbital dynamics, tidal forces, Roche limit","cat:astro-ph.GA AND (all:""gravitational disintegration"" OR all:""celestial mechanics"" OR all:""orbital dynamics"" OR all:""tidal forces"" OR all:""Roche limit"")",5,5,2026-07-03T13:00:25.149789+0000
astro-ph.GA,"supermassive black hole, Sagittarius A*, stellar orbits, solar mass units","cat:astro-ph.GA AND (all:""supermassive black hole"" OR all:""Sagittarius A*"" OR all:""stellar orbits"" OR all:""solar mass units"")",5,5,2026-07-03T13:00:31.641444+0000
astro-ph.GA,"rotating neutron star, stellar evolution, pulsar astronomy, compact objects, Crab pulsar","cat:astro-ph.GA AND (all:""rotating neutron star"" OR all:""stellar evolution"" OR all:""pulsar astronomy"" OR all:""compact objects"" OR all:""Crab pulsar"")",5,5,2026-07-03T13:00:38.711756+0000
astro-ph.GA,"ionic gas, galactic matter, cosmic rays, galactic framework, interstellar medium","cat:astro-ph.GA AND (all:""ionic gas"" OR all:""galactic matter"" OR all:""cosmic rays"" OR all:""galactic framework"" OR all:""interstellar medium"")",5,5,2026-07-03T13:00:46.927100+0000
astro-ph.GA,"stellar velocity, Doppler effect, redshift, observational astronomy, astronomical observation","cat:astro-ph.GA AND (all:""stellar velocity"" OR all:""Doppler effect"" OR all:""redshift"" OR all:""observational astronomy"" OR all:""astronomical observation"")",5,5,2026-07-03T13:01:13.435742+0000
astro-ph.GA,"astronomical measurements, stellar magnitude, apparent brightness, astronomical measurement, logarithmic scale","cat:astro-ph.GA AND (all:""astronomical measurements"" OR all:""stellar magnitude"" OR all:""apparent brightness"" OR all:""astronomical measurement"" OR all:""logarithmic scale"")",5,5,2026-07-03T13:01:25.429826+0000
astro-ph.GA,"Modified Newtonian Dynamics, baryonic mass, velocity dispersions, galaxy clusters","cat:astro-ph.GA AND (all:""Modified Newtonian Dynamics"" OR all:""baryonic mass"" OR all:""velocity dispersions"" OR all:""galaxy clusters"")",5,5,2026-07-03T13:01:34.602674+0000
astro-ph.GA,"light travel time, celestial observation, orbital mechanics, light-travel time, planetary motion","cat:astro-ph.GA AND (all:""light travel time"" OR all:""celestial observation"" OR all:""orbital mechanics"" OR all:""light-travel time"" OR all:""planetary motion"")",5,5,2026-07-03T13:01:40.325758+0000
astro-ph.GA,"ionic gas, cosmic rays, interstellar medium, galactic structures, intergalactic space","cat:astro-ph.GA AND (all:""ionic gas"" OR all:""cosmic rays"" OR all:""interstellar medium"" OR all:""galactic structures"" OR all:""intergalactic space"")",5,5,2026-07-03T13:01:50.605843+0000
astro-ph.GA,"astronomical distance, astronomical measurements, stellar metallicity, stellar composition, Kapteyn's star","cat:astro-ph.GA AND (all:""astronomical distance"" OR all:""astronomical measurements"" OR all:""stellar metallicity"" OR all:""stellar composition"" OR all:""Kapteyn's star"")",5,5,2026-07-03T13:01:56.336821+0000
astro-ph.GA,"supernova types, progenitor star, stellar metallicity, stellar evolution, progenitor stars","cat:astro-ph.GA AND (all:""supernova types"" OR all:""progenitor star"" OR all:""stellar metallicity"" OR all:""stellar evolution"" OR all:""progenitor stars"")",5,5,2026-07-03T13:02:01.608980+0000
astro-ph.GA,"spectral analysis, ultraviolet absorption, interstellar medium, atomic hydrogen, Lyman-alpha transition","cat:astro-ph.GA AND (all:""spectral analysis"" OR all:""ultraviolet absorption"" OR all:""interstellar medium"" OR all:""atomic hydrogen"" OR all:""Lyman-alpha transition"")",5,5,2026-07-03T13:02:06.281456+0000
astro-ph.GA,"Preon stars, WIMPs, MACHOs, axions, cold dark matter","cat:astro-ph.GA AND (all:""Preon stars"" OR all:""WIMPs"" OR all:""MACHOs"" OR all:""axions"" OR all:""cold dark matter"")",5,5,2026-07-03T13:02:11.893000+0000
astro-ph.GA,"Penrose process, black hole dynamics, rotational energy, ergosphere","cat:astro-ph.GA AND (all:""Penrose process"" OR all:""black hole dynamics"" OR all:""rotational energy"" OR all:""ergosphere"")",5,5,2026-07-03T13:02:16.594169+0000
astro-ph.GA,"hydrostatic equilibrium, molecular clouds, stellar formation, gravitational collapse","cat:astro-ph.GA AND (all:""hydrostatic equilibrium"" OR all:""molecular clouds"" OR all:""stellar formation"" OR all:""gravitational collapse"")",5,5,2026-07-03T13:02:21.097560+0000
astro-ph.GA,"galactic dynamics, dark matter, Modified Newtonian Dynamics, general relativity, universal gravitation","cat:astro-ph.GA AND (all:""galactic dynamics"" OR all:""dark matter"" OR all:""Modified Newtonian Dynamics"" OR all:""general relativity"" OR all:""universal gravitation"")",5,5,2026-07-03T13:02:25.792818+0000
astro-ph.GA,"stellar evolution, stellar composition, metallicity, Kapteyn's star, solar abundance","cat:astro-ph.GA AND (all:""stellar evolution"" OR all:""stellar composition"" OR all:""metallicity"" OR all:""Kapteyn's star"" OR all:""solar abundance"")",5,5,2026-07-03T13:02:30.528460+0000
astro-ph.GA,"supermassive black hole, orbital mechanics, Sagittarius A*, stellar orbits, solar masses","cat:astro-ph.GA AND (all:""supermassive black hole"" OR all:""orbital mechanics"" OR all:""Sagittarius A*"" OR all:""stellar orbits"" OR all:""solar masses"")",5,5,2026-07-03T13:02:35.983421+0000
astro-ph.GA,"distributed computing, gravitational waves, binary black holes, parallel analysis, Einstein@Home","cat:astro-ph.GA AND (all:""distributed computing"" OR all:""gravitational waves"" OR all:""binary black holes"" OR all:""parallel analysis"" OR all:""Einstein@Home"")",5,5,2026-07-03T13:02:40.876133+0000
astro-ph.GA,"high-velocity electrons, synchrotron emission, supernova remnants, magnetic fields, ionized gas","cat:astro-ph.GA AND (all:""high-velocity electrons"" OR all:""synchrotron emission"" OR all:""supernova remnants"" OR all:""magnetic fields"" OR all:""ionized gas"")",5,5,2026-07-03T13:02:46.602496+0000
astro-ph.GA,"stellar luminosity, Hertzsprung-Russell diagram, stellar evolution, dwarf stars, main sequence","cat:astro-ph.GA AND (all:""stellar luminosity"" OR all:""Hertzsprung-Russell diagram"" OR all:""stellar evolution"" OR all:""dwarf stars"" OR all:""main sequence"")",5,5,2026-07-03T13:02:51.891866+0000
astro-ph.GA,"substellar mass, Class L dwarfs, metal hydrides, hydrogen fusion, brown dwarfs","cat:astro-ph.GA AND (all:""substellar mass"" OR all:""Class L dwarfs"" OR all:""metal hydrides"" OR all:""hydrogen fusion"" OR all:""brown dwarfs"")",5,5,2026-07-03T13:02:57.009927+0000
astro-ph.GA,"interstellar chemistry, organic molecules, Stardust mission, molecular ices, cometary chemistry","cat:astro-ph.GA AND (all:""interstellar chemistry"" OR all:""organic molecules"" OR all:""Stardust mission"" OR all:""molecular ices"" OR all:""cometary chemistry"")",5,5,2026-07-03T13:03:01.485523+0000
astro-ph.GA,"galactic morphology, surface brightness, isophotal diameter, observational astronomy","cat:astro-ph.GA AND (all:""galactic morphology"" OR all:""surface brightness"" OR all:""isophotal diameter"" OR all:""observational astronomy"")",5,5,2026-07-03T13:03:06.383380+0000
astro-ph.GA,"observational cosmology, apparent surface brightness, galactic morphology, isophotal diameter, observational astronomy","cat:astro-ph.GA AND (all:""observational cosmology"" OR all:""apparent surface brightness"" OR all:""galactic morphology"" OR all:""isophotal diameter"" OR all:""observational astronomy"")",5,5,2026-07-03T13:03:11.256380+0000
math.DG,"degrees of freedom, mathematical dimension, intrinsic property, coordinate systems, extrinsic property","cat:math.DG AND (all:""degrees of freedom"" OR all:""mathematical dimension"" OR all:""intrinsic property"" OR all:""coordinate systems"" OR all:""extrinsic property"")",50,50,2026-07-03T13:03:15.770090+0000
math.DG,"degrees of freedom, mathematical dimension, independent parameters, spatial embedding, extrinsic property","cat:math.DG AND (all:""degrees of freedom"" OR all:""mathematical dimension"" OR all:""independent parameters"" OR all:""spatial embedding"" OR all:""extrinsic property"")",50,50,2026-07-03T13:03:20.327453+0000
math.DG,"geometric shapes, regular polytope, geometric symmetry, symmetry group, flag-transitivity","cat:math.DG AND (all:""geometric shapes"" OR all:""regular polytope"" OR all:""geometric symmetry"" OR all:""symmetry group"" OR all:""flag-transitivity"")",50,50,2026-07-03T13:03:25.223941+0000
astro-ph.HE,"molecular clouds, internal pressure, stellar formation, interstellar medium, gravitational collapse","cat:astro-ph.HE AND (all:""molecular clouds"" OR all:""internal pressure"" OR all:""stellar formation"" OR all:""interstellar medium"" OR all:""gravitational collapse"")",5,5,2026-07-03T13:03:31.993522+0000
astro-ph.HE,"gravitationally bound, orbital mechanics, non-stellar objects, planetary structure","cat:astro-ph.HE AND (all:""gravitationally bound"" OR all:""orbital mechanics"" OR all:""non-stellar objects"" OR all:""planetary structure"")",5,5,2026-07-03T13:03:37.701721+0000
astro-ph.HE,"astronomical spectroscopy, stellar velocity, Doppler effect, Fraunhofer lines","cat:astro-ph.HE AND (all:""astronomical spectroscopy"" OR all:""stellar velocity"" OR all:""Doppler effect"" OR all:""Fraunhofer lines"")",5,5,2026-07-03T13:03:42.212554+0000
astro-ph.HE,"energy shifts, radiation field, blueshifting, redshifting, light-matter interactions","cat:astro-ph.HE AND (all:""energy shifts"" OR all:""radiation field"" OR all:""blueshifting"" OR all:""redshifting"" OR all:""light-matter interactions"")",5,5,2026-07-03T13:03:47.527227+0000
astro-ph.HE,"cosmic rays, galactic gas, ionic and molecular matter, interstellar medium","cat:astro-ph.HE AND (all:""cosmic rays"" OR all:""galactic gas"" OR all:""ionic and molecular matter"" OR all:""interstellar medium"")",5,5,2026-07-03T13:03:52.379588+0000
astro-ph.HE,"gravitational disintegration, celestial mechanics, orbital dynamics, tidal forces, Roche limit","cat:astro-ph.HE AND (all:""gravitational disintegration"" OR all:""celestial mechanics"" OR all:""orbital dynamics"" OR all:""tidal forces"" OR all:""Roche limit"")",5,5,2026-07-03T13:03:56.897371+0000
astro-ph.HE,"supermassive black hole, Sagittarius A*, stellar orbits, solar mass units","cat:astro-ph.HE AND (all:""supermassive black hole"" OR all:""Sagittarius A*"" OR all:""stellar orbits"" OR all:""solar mass units"")",5,5,2026-07-03T13:04:01.651647+0000
astro-ph.HE,"rotating neutron star, stellar evolution, pulsar astronomy, compact objects, Crab pulsar","cat:astro-ph.HE AND (all:""rotating neutron star"" OR all:""stellar evolution"" OR all:""pulsar astronomy"" OR all:""compact objects"" OR all:""Crab pulsar"")",5,5,2026-07-03T13:04:06.175269+0000
astro-ph.HE,"ionic gas, galactic matter, cosmic rays, galactic framework, interstellar medium","cat:astro-ph.HE AND (all:""ionic gas"" OR all:""galactic matter"" OR all:""cosmic rays"" OR all:""galactic framework"" OR all:""interstellar medium"")",5,5,2026-07-03T13:04:11.036585+0000
astro-ph.HE,"stellar velocity, Doppler effect, redshift, observational astronomy, astronomical observation","cat:astro-ph.HE AND (all:""stellar velocity"" OR all:""Doppler effect"" OR all:""redshift"" OR all:""observational astronomy"" OR all:""astronomical observation"")",5,5,2026-07-03T13:04:15.828522+0000
astro-ph.HE,"astronomical measurements, stellar magnitude, apparent brightness, astronomical measurement, logarithmic scale","cat:astro-ph.HE AND (all:""astronomical measurements"" OR all:""stellar magnitude"" OR all:""apparent brightness"" OR all:""astronomical measurement"" OR all:""logarithmic scale"")",5,5,2026-07-03T13:04:19.872162+0000
astro-ph.HE,"Modified Newtonian Dynamics, baryonic mass, velocity dispersions, galaxy clusters","cat:astro-ph.HE AND (all:""Modified Newtonian Dynamics"" OR all:""baryonic mass"" OR all:""velocity dispersions"" OR all:""galaxy clusters"")",5,5,2026-07-03T13:04:24.465798+0000
astro-ph.HE,"light travel time, celestial observation, orbital mechanics, light-travel time, planetary motion","cat:astro-ph.HE AND (all:""light travel time"" OR all:""celestial observation"" OR all:""orbital mechanics"" OR all:""light-travel time"" OR all:""planetary motion"")",5,5,2026-07-03T13:04:29.175318+0000
astro-ph.HE,"ionic gas, cosmic rays, interstellar medium, galactic structures, intergalactic space","cat:astro-ph.HE AND (all:""ionic gas"" OR all:""cosmic rays"" OR all:""interstellar medium"" OR all:""galactic structures"" OR all:""intergalactic space"")",5,5,2026-07-03T13:04:34.165086+0000
astro-ph.HE,"astronomical distance, astronomical measurements, stellar metallicity, stellar composition, Kapteyn's star","cat:astro-ph.HE AND (all:""astronomical distance"" OR all:""astronomical measurements"" OR all:""stellar metallicity"" OR all:""stellar composition"" OR all:""Kapteyn's star"")",5,5,2026-07-03T13:04:38.922177+0000
astro-ph.HE,"supernova types, progenitor star, stellar metallicity, stellar evolution, progenitor stars","cat:astro-ph.HE AND (all:""supernova types"" OR all:""progenitor star"" OR all:""stellar metallicity"" OR all:""stellar evolution"" OR all:""progenitor stars"")",5,5,2026-07-03T13:04:43.873613+0000
astro-ph.HE,"spectral analysis, ultraviolet absorption, interstellar medium, atomic hydrogen, Lyman-alpha transition","cat:astro-ph.HE AND (all:""spectral analysis"" OR all:""ultraviolet absorption"" OR all:""interstellar medium"" OR all:""atomic hydrogen"" OR all:""Lyman-alpha transition"")",5,5,2026-07-03T13:04:49.793280+0000
astro-ph.HE,"Preon stars, WIMPs, MACHOs, axions, cold dark matter","cat:astro-ph.HE AND (all:""Preon stars"" OR all:""WIMPs"" OR all:""MACHOs"" OR all:""axions"" OR all:""cold dark matter"")",5,5,2026-07-03T13:04:54.642518+0000
astro-ph.HE,"Penrose process, black hole dynamics, rotational energy, ergosphere","cat:astro-ph.HE AND (all:""Penrose process"" OR all:""black hole dynamics"" OR all:""rotational energy"" OR all:""ergosphere"")",5,5,2026-07-03T13:04:59.157660+0000
astro-ph.HE,"hydrostatic equilibrium, molecular clouds, stellar formation, gravitational collapse","cat:astro-ph.HE AND (all:""hydrostatic equilibrium"" OR all:""molecular clouds"" OR all:""stellar formation"" OR all:""gravitational collapse"")",5,5,2026-07-03T13:05:03.876629+0000
astro-ph.HE,"galactic dynamics, dark matter, Modified Newtonian Dynamics, general relativity, universal gravitation","cat:astro-ph.HE AND (all:""galactic dynamics"" OR all:""dark matter"" OR all:""Modified Newtonian Dynamics"" OR all:""general relativity"" OR all:""universal gravitation"")",5,5,2026-07-03T13:05:08.565569+0000
astro-ph.HE,"stellar evolution, stellar composition, metallicity, Kapteyn's star, solar abundance","cat:astro-ph.HE AND (all:""stellar evolution"" OR all:""stellar composition"" OR all:""metallicity"" OR all:""Kapteyn's star"" OR all:""solar abundance"")",5,5,2026-07-03T13:05:13.733206+0000
astro-ph.HE,"supermassive black hole, orbital mechanics, Sagittarius A*, stellar orbits, solar masses","cat:astro-ph.HE AND (all:""supermassive black hole"" OR all:""orbital mechanics"" OR all:""Sagittarius A*"" OR all:""stellar orbits"" OR all:""solar masses"")",5,5,2026-07-03T13:05:19.857517+0000
astro-ph.HE,"distributed computing, gravitational waves, binary black holes, parallel analysis, Einstein@Home","cat:astro-ph.HE AND (all:""distributed computing"" OR all:""gravitational waves"" OR all:""binary black holes"" OR all:""parallel analysis"" OR all:""Einstein@Home"")",5,5,2026-07-03T13:06:33.071797+0000
astro-ph.HE,"high-velocity electrons, synchrotron emission, supernova remnants, magnetic fields, ionized gas","cat:astro-ph.HE AND (all:""high-velocity electrons"" OR all:""synchrotron emission"" OR all:""supernova remnants"" OR all:""magnetic fields"" OR all:""ionized gas"")",5,5,2026-07-03T13:07:35.610070+0000
astro-ph.HE,"stellar luminosity, Hertzsprung-Russell diagram, stellar evolution, dwarf stars, main sequence","cat:astro-ph.HE AND (all:""stellar luminosity"" OR all:""Hertzsprung-Russell diagram"" OR all:""stellar evolution"" OR all:""dwarf stars"" OR all:""main sequence"")",5,5,2026-07-03T13:07:47.350493+0000
astro-ph.HE,"substellar mass, Class L dwarfs, metal hydrides, hydrogen fusion, brown dwarfs","cat:astro-ph.HE AND (all:""substellar mass"" OR all:""Class L dwarfs"" OR all:""metal hydrides"" OR all:""hydrogen fusion"" OR all:""brown dwarfs"")",5,5,2026-07-03T13:07:54.856985+0000
cond-mat.supr-con,"magnetic fields, De Haas-Van Alphen effect, magnetization, Fermi surface, differential susceptibility","cat:cond-mat.supr-con AND (all:""magnetic fields"" OR all:""De Haas-Van Alphen effect"" OR all:""magnetization"" OR all:""Fermi surface"" OR all:""differential susceptibility"")",16,16,2026-07-03T13:08:00.372866+0000
cond-mat.supr-con,"electromagnetic phenomena, quantum mechanics, magnetic field, superconductor, spin axis","cat:cond-mat.supr-con AND (all:""electromagnetic phenomena"" OR all:""quantum mechanics"" OR all:""magnetic field"" OR all:""superconductor"" OR all:""spin axis"")",16,16,2026-07-03T13:08:04.956120+0000
cond-mat.supr-con,"density of states, metallic conductivity, electronic entropy, Fermi level, insulator properties","cat:cond-mat.supr-con AND (all:""density of states"" OR all:""metallic conductivity"" OR all:""electronic entropy"" OR all:""Fermi level"" OR all:""insulator properties"")",16,16,2026-07-03T13:08:09.799025+0000
cond-mat.supr-con,"microscopic length scales, wavevector dependence, material parameters, spatial dispersion, continuous media","cat:cond-mat.supr-con AND (all:""microscopic length scales"" OR all:""wavevector dependence"" OR all:""material parameters"" OR all:""spatial dispersion"" OR all:""continuous media"")",16,16,2026-07-03T13:08:14.796106+0000
cond-mat.supr-con,"density of states, solid-state physics, electronic entropy, Fermi level, insulators and metals","cat:cond-mat.supr-con AND (all:""density of states"" OR all:""solid-state physics"" OR all:""electronic entropy"" OR all:""Fermi level"" OR all:""insulators and metals"")",16,16,2026-07-03T13:08:20.126620+0000
cond-mat.supr-con,"physical structure, physical systems, phase transitions, symmetry breaking, order parameter","cat:cond-mat.supr-con AND (all:""physical structure"" OR all:""physical systems"" OR all:""phase transitions"" OR all:""symmetry breaking"" OR all:""order parameter"")",16,16,2026-07-03T13:08:25.160391+0000
cond-mat.supr-con,"physical framework, physical mechanisms, phase transitions, symmetry breaking, order parameter","cat:cond-mat.supr-con AND (all:""physical framework"" OR all:""physical mechanisms"" OR all:""phase transitions"" OR all:""symmetry breaking"" OR all:""order parameter"")",16,16,2026-07-03T13:08:29.613687+0000
cond-mat.supr-con,"magnetic field oscillations, AC permeability, De Haas-Van Alphen effect, Fermi surface, differential susceptibility","cat:cond-mat.supr-con AND (all:""magnetic field oscillations"" OR all:""AC permeability"" OR all:""De Haas-Van Alphen effect"" OR all:""Fermi surface"" OR all:""differential susceptibility"")",16,16,2026-07-03T13:08:34.516964+0000
cond-mat.supr-con,"collective field, electromagnetic gauge symmetry, superconductors, order parameter","cat:cond-mat.supr-con AND (all:""collective field"" OR all:""electromagnetic gauge symmetry"" OR all:""superconductors"" OR all:""order parameter"")",16,16,2026-07-03T13:08:38.901319+0000
cond-mat.stat-mech,"density displacement, buoyancy-driven flow, natural convection, fluid dynamics, heat transfer","cat:cond-mat.stat-mech AND (all:""density displacement"" OR all:""buoyancy-driven flow"" OR all:""natural convection"" OR all:""fluid dynamics"" OR all:""heat transfer"")",8,8,2026-07-03T13:08:43.944494+0000
cond-mat.stat-mech,"internal state, thermodynamic operation, inhomogeneous physical structure, equilibrium dynamics, substructures","cat:cond-mat.stat-mech AND (all:""internal state"" OR all:""thermodynamic operation"" OR all:""inhomogeneous physical structure"" OR all:""equilibrium dynamics"" OR all:""substructures"")",8,8,2026-07-03T13:08:48.976052+0000
cond-mat.stat-mech,"internal state, thermodynamic operation, inhomogeneous physical system, subsystem isolation","cat:cond-mat.stat-mech AND (all:""internal state"" OR all:""thermodynamic operation"" OR all:""inhomogeneous physical system"" OR all:""subsystem isolation"")",8,8,2026-07-03T13:08:53.528199+0000
cond-mat.stat-mech,"isolated system, inhomogeneous physical framework, internal state, thermodynamic operation, subframeworks","cat:cond-mat.stat-mech AND (all:""isolated system"" OR all:""inhomogeneous physical framework"" OR all:""internal state"" OR all:""thermodynamic operation"" OR all:""subframeworks"")",8,8,2026-07-03T13:08:59.467482+0000
cond-mat.stat-mech,"grey bodies, emissivity, Stefan-Boltzmann law, radiative behavior, black-body radiation","cat:cond-mat.stat-mech AND (all:""grey bodies"" OR all:""emissivity"" OR all:""Stefan-Boltzmann law"" OR all:""radiative behavior"" OR all:""black-body radiation"")",8,8,2026-07-03T13:09:04.567390+0000
cond-mat.stat-mech,"internal state, thermodynamic operation, inhomogeneous physical framework, substructure equilibrium","cat:cond-mat.stat-mech AND (all:""internal state"" OR all:""thermodynamic operation"" OR all:""inhomogeneous physical framework"" OR all:""substructure equilibrium"")",8,8,2026-07-03T13:09:09.063060+0000
cond-mat.stat-mech,"refrigeration cycle, throttling process, flow resistance, fluid dynamics, pressure drop","cat:cond-mat.stat-mech AND (all:""refrigeration cycle"" OR all:""throttling process"" OR all:""flow resistance"" OR all:""fluid dynamics"" OR all:""pressure drop"")",8,8,2026-07-03T13:09:13.606860+0000
cond-mat.stat-mech,"quasi-static process, thermal reservoirs, Carnot engine, heat engine efficiency","cat:cond-mat.stat-mech AND (all:""quasi-static process"" OR all:""thermal reservoirs"" OR all:""Carnot engine"" OR all:""heat engine efficiency"")",8,8,2026-07-03T13:09:18.277273+0000
cond-mat.stat-mech,"heat transfer, surface properties, radiative heat transfer, emissivity, thermal radiation","cat:cond-mat.stat-mech AND (all:""heat transfer"" OR all:""surface properties"" OR all:""radiative heat transfer"" OR all:""emissivity"" OR all:""thermal radiation"")",8,8,2026-07-03T13:09:23.044931+0000
cond-mat.stat-mech,"surface phenomena, non-volatile materials, particle dynamics, reactive Leidenfrost effect","cat:cond-mat.stat-mech AND (all:""surface phenomena"" OR all:""non-volatile materials"" OR all:""particle dynamics"" OR all:""reactive Leidenfrost effect"")",8,8,2026-07-03T13:09:27.813563+0000
cond-mat.stat-mech,"isolated system, submechanisms, inhomogeneous physical mechanism, internal state, thermodynamic operation","cat:cond-mat.stat-mech AND (all:""isolated system"" OR all:""submechanisms"" OR all:""inhomogeneous physical mechanism"" OR all:""internal state"" OR all:""thermodynamic operation"")",8,8,2026-07-03T13:09:32.641588+0000
cond-mat.stat-mech,"inhomogeneous physical mechanism, thermodynamic operation, isolated systems, internal state, submechanisms","cat:cond-mat.stat-mech AND (all:""inhomogeneous physical mechanism"" OR all:""thermodynamic operation"" OR all:""isolated systems"" OR all:""internal state"" OR all:""submechanisms"")",8,8,2026-07-03T13:09:37.532509+0000
cond-mat.stat-mech,"statistical mechanics, kinetic theory, entropy, Maxwell's Demon, second law of thermodynamics","cat:cond-mat.stat-mech AND (all:""statistical mechanics"" OR all:""kinetic theory"" OR all:""entropy"" OR all:""Maxwell's Demon"" OR all:""second law of thermodynamics"")",8,8,2026-07-03T13:09:42.737973+0000
cond-mat.stat-mech,"cyclic process, internal energy, heat energy interconversions, second law of thermodynamics, conservation of energy","cat:cond-mat.stat-mech AND (all:""cyclic process"" OR all:""internal energy"" OR all:""heat energy interconversions"" OR all:""second law of thermodynamics"" OR all:""conservation of energy"")",8,8,2026-07-03T13:09:47.947932+0000
cond-mat.stat-mech,"time-dependent frameworks, self-similar mechanisms, stochastic variables, dynamic scaling, time-dependent snapshots","cat:cond-mat.stat-mech AND (all:""time-dependent frameworks"" OR all:""self-similar mechanisms"" OR all:""stochastic variables"" OR all:""dynamic scaling"" OR all:""time-dependent snapshots"")",8,8,2026-07-03T13:09:52.706861+0000
cond-mat.stat-mech,"dynamic scaling, stochastic variables, time-dependent evolution, self-similar systems","cat:cond-mat.stat-mech AND (all:""dynamic scaling"" OR all:""stochastic variables"" OR all:""time-dependent evolution"" OR all:""self-similar systems"")",8,8,2026-07-03T13:09:57.137325+0000
cond-mat.stat-mech,"dynamic scaling, time-dependent evolution, self-similar structures, stochastic variables, self-similar frameworks","cat:cond-mat.stat-mech AND (all:""dynamic scaling"" OR all:""time-dependent evolution"" OR all:""self-similar structures"" OR all:""stochastic variables"" OR all:""self-similar frameworks"")",8,8,2026-07-03T13:10:01.603303+0000
hep-ph,"early universe, baryogenesis, matter asymmetry, quark-antiquark pairs","cat:hep-ph AND (all:""early universe"" OR all:""baryogenesis"" OR all:""matter asymmetry"" OR all:""quark-antiquark pairs"")",16,16,2026-07-03T13:10:06.261493+0000
hep-ph,"quarks, antiquarks, particle density, quantum chromodynamics, chemical potential","cat:hep-ph AND (all:""quarks"" OR all:""antiquarks"" OR all:""particle density"" OR all:""quantum chromodynamics"" OR all:""chemical potential"")",16,16,2026-07-03T13:10:10.992473+0000
hep-ph,"early universe, baryogenesis, quark-antiquark pairs, matter-antimatter asymmetry, baryon asymmetry","cat:hep-ph AND (all:""early universe"" OR all:""baryogenesis"" OR all:""quark-antiquark pairs"" OR all:""matter-antimatter asymmetry"" OR all:""baryon asymmetry"")",16,16,2026-07-03T13:10:16.647266+0000
hep-ph,"mass generation, elementary particles, Higgs boson, gauge bosons, Standard Model","cat:hep-ph AND (all:""mass generation"" OR all:""elementary particles"" OR all:""Higgs boson"" OR all:""gauge bosons"" OR all:""Standard Model"")",16,16,2026-07-03T13:10:21.592614+0000
hep-ph,"proximity-focusing, photon detector plane, Cherenkov radiation, Cherenkov emission, RICH detector","cat:hep-ph AND (all:""proximity-focusing"" OR all:""photon detector plane"" OR all:""Cherenkov radiation"" OR all:""Cherenkov emission"" OR all:""RICH detector"")",16,16,2026-07-03T13:10:28.099077+0000
hep-ph,"magnetic monopole, electromagnetism, elementary particle, isolated magnetic pole","cat:hep-ph AND (all:""magnetic monopole"" OR all:""electromagnetism"" OR all:""elementary particle"" OR all:""isolated magnetic pole"")",16,16,2026-07-03T13:10:33.530383+0000
hep-ph,"CP symmetry, weak interactions, Nobel Prize physics, Kobayashi-Maskawa matrix, Standard Model","cat:hep-ph AND (all:""CP symmetry"" OR all:""weak interactions"" OR all:""Nobel Prize physics"" OR all:""Kobayashi-Maskawa matrix"" OR all:""Standard Model"")",16,16,2026-07-03T13:10:40.224764+0000
hep-ph,"interaction cross section, dark matter experiments, noble liquid detectors, scintillation, cryogenic detectors","cat:hep-ph AND (all:""interaction cross section"" OR all:""dark matter experiments"" OR all:""noble liquid detectors"" OR all:""scintillation"" OR all:""cryogenic detectors"")",16,16,2026-07-03T13:10:46.407575+0000
hep-ph,"baryon structure, color charges, quark-diquark models, effective supersymmetry","cat:hep-ph AND (all:""baryon structure"" OR all:""color charges"" OR all:""quark-diquark models"" OR all:""effective supersymmetry"")",16,16,2026-07-03T13:10:52.107831+0000
astro-ph.SR,"molecular clouds, internal pressure, stellar formation, interstellar medium, gravitational collapse","cat:astro-ph.SR AND (all:""molecular clouds"" OR all:""internal pressure"" OR all:""stellar formation"" OR all:""interstellar medium"" OR all:""gravitational collapse"")",5,5,2026-07-03T13:11:00.098003+0000
astro-ph.SR,"gravitationally bound, orbital mechanics, non-stellar objects, planetary structure","cat:astro-ph.SR AND (all:""gravitationally bound"" OR all:""orbital mechanics"" OR all:""non-stellar objects"" OR all:""planetary structure"")",5,5,2026-07-03T13:11:05.326053+0000
astro-ph.SR,"astronomical spectroscopy, stellar velocity, Doppler effect, Fraunhofer lines","cat:astro-ph.SR AND (all:""astronomical spectroscopy"" OR all:""stellar velocity"" OR all:""Doppler effect"" OR all:""Fraunhofer lines"")",5,5,2026-07-03T13:11:10.216523+0000
astro-ph.SR,"energy shifts, radiation field, blueshifting, redshifting, light-matter interactions","cat:astro-ph.SR AND (all:""energy shifts"" OR all:""radiation field"" OR all:""blueshifting"" OR all:""redshifting"" OR all:""light-matter interactions"")",5,5,2026-07-03T13:11:16.653975+0000
astro-ph.SR,"cosmic rays, galactic gas, ionic and molecular matter, interstellar medium","cat:astro-ph.SR AND (all:""cosmic rays"" OR all:""galactic gas"" OR all:""ionic and molecular matter"" OR all:""interstellar medium"")",5,5,2026-07-03T13:11:21.793438+0000
astro-ph.SR,"gravitational disintegration, celestial mechanics, orbital dynamics, tidal forces, Roche limit","cat:astro-ph.SR AND (all:""gravitational disintegration"" OR all:""celestial mechanics"" OR all:""orbital dynamics"" OR all:""tidal forces"" OR all:""Roche limit"")",5,5,2026-07-03T13:11:26.621467+0000
astro-ph.SR,"supermassive black hole, Sagittarius A*, stellar orbits, solar mass units","cat:astro-ph.SR AND (all:""supermassive black hole"" OR all:""Sagittarius A*"" OR all:""stellar orbits"" OR all:""solar mass units"")",5,5,2026-07-03T13:11:31.900670+0000
astro-ph.SR,"rotating neutron star, stellar evolution, pulsar astronomy, compact objects, Crab pulsar","cat:astro-ph.SR AND (all:""rotating neutron star"" OR all:""stellar evolution"" OR all:""pulsar astronomy"" OR all:""compact objects"" OR all:""Crab pulsar"")",5,5,2026-07-03T13:11:36.969360+0000
astro-ph.SR,"ionic gas, galactic matter, cosmic rays, galactic framework, interstellar medium","cat:astro-ph.SR AND (all:""ionic gas"" OR all:""galactic matter"" OR all:""cosmic rays"" OR all:""galactic framework"" OR all:""interstellar medium"")",5,5,2026-07-03T13:11:42.014200+0000
astro-ph.SR,"stellar velocity, Doppler effect, redshift, observational astronomy, astronomical observation","cat:astro-ph.SR AND (all:""stellar velocity"" OR all:""Doppler effect"" OR all:""redshift"" OR all:""observational astronomy"" OR all:""astronomical observation"")",5,5,2026-07-03T13:11:49.249690+0000
astro-ph.SR,"astronomical measurements, stellar magnitude, apparent brightness, astronomical measurement, logarithmic scale","cat:astro-ph.SR AND (all:""astronomical measurements"" OR all:""stellar magnitude"" OR all:""apparent brightness"" OR all:""astronomical measurement"" OR all:""logarithmic scale"")",5,5,2026-07-03T13:11:54.087769+0000
astro-ph.SR,"Modified Newtonian Dynamics, baryonic mass, velocity dispersions, galaxy clusters","cat:astro-ph.SR AND (all:""Modified Newtonian Dynamics"" OR all:""baryonic mass"" OR all:""velocity dispersions"" OR all:""galaxy clusters"")",5,5,2026-07-03T13:11:59.946072+0000
astro-ph.SR,"light travel time, celestial observation, orbital mechanics, light-travel time, planetary motion","cat:astro-ph.SR AND (all:""light travel time"" OR all:""celestial observation"" OR all:""orbital mechanics"" OR all:""light-travel time"" OR all:""planetary motion"")",5,5,2026-07-03T13:12:05.827520+0000
astro-ph.SR,"ionic gas, cosmic rays, interstellar medium, galactic structures, intergalactic space","cat:astro-ph.SR AND (all:""ionic gas"" OR all:""cosmic rays"" OR all:""interstellar medium"" OR all:""galactic structures"" OR all:""intergalactic space"")",5,5,2026-07-03T13:12:10.765588+0000
astro-ph.SR,"astronomical distance, astronomical measurements, stellar metallicity, stellar composition, Kapteyn's star","cat:astro-ph.SR AND (all:""astronomical distance"" OR all:""astronomical measurements"" OR all:""stellar metallicity"" OR all:""stellar composition"" OR all:""Kapteyn's star"")",5,5,2026-07-03T13:12:15.469107+0000
astro-ph.SR,"supernova types, progenitor star, stellar metallicity, stellar evolution, progenitor stars","cat:astro-ph.SR AND (all:""supernova types"" OR all:""progenitor star"" OR all:""stellar metallicity"" OR all:""stellar evolution"" OR all:""progenitor stars"")",5,5,2026-07-03T13:12:20.809027+0000
astro-ph.SR,"spectral analysis, ultraviolet absorption, interstellar medium, atomic hydrogen, Lyman-alpha transition","cat:astro-ph.SR AND (all:""spectral analysis"" OR all:""ultraviolet absorption"" OR all:""interstellar medium"" OR all:""atomic hydrogen"" OR all:""Lyman-alpha transition"")",5,5,2026-07-03T13:12:25.730234+0000
astro-ph.SR,"Preon stars, WIMPs, MACHOs, axions, cold dark matter","cat:astro-ph.SR AND (all:""Preon stars"" OR all:""WIMPs"" OR all:""MACHOs"" OR all:""axions"" OR all:""cold dark matter"")",5,5,2026-07-03T13:12:30.494749+0000
astro-ph.SR,"Penrose process, black hole dynamics, rotational energy, ergosphere","cat:astro-ph.SR AND (all:""Penrose process"" OR all:""black hole dynamics"" OR all:""rotational energy"" OR all:""ergosphere"")",5,5,2026-07-03T13:12:35.777105+0000
astro-ph.SR,"hydrostatic equilibrium, molecular clouds, stellar formation, gravitational collapse","cat:astro-ph.SR AND (all:""hydrostatic equilibrium"" OR all:""molecular clouds"" OR all:""stellar formation"" OR all:""gravitational collapse"")",5,5,2026-07-03T13:12:40.345071+0000
astro-ph.SR,"galactic dynamics, dark matter, Modified Newtonian Dynamics, general relativity, universal gravitation","cat:astro-ph.SR AND (all:""galactic dynamics"" OR all:""dark matter"" OR all:""Modified Newtonian Dynamics"" OR all:""general relativity"" OR all:""universal gravitation"")",5,5,2026-07-03T13:12:44.996708+0000
astro-ph.SR,"stellar evolution, stellar composition, metallicity, Kapteyn's star, solar abundance","cat:astro-ph.SR AND (all:""stellar evolution"" OR all:""stellar composition"" OR all:""metallicity"" OR all:""Kapteyn's star"" OR all:""solar abundance"")",5,5,2026-07-03T13:12:50.087437+0000
astro-ph.SR,"supermassive black hole, orbital mechanics, Sagittarius A*, stellar orbits, solar masses","cat:astro-ph.SR AND (all:""supermassive black hole"" OR all:""orbital mechanics"" OR all:""Sagittarius A*"" OR all:""stellar orbits"" OR all:""solar masses"")",5,5,2026-07-03T13:12:55.216262+0000
astro-ph.SR,"distributed computing, gravitational waves, binary black holes, parallel analysis, Einstein@Home","cat:astro-ph.SR AND (all:""distributed computing"" OR all:""gravitational waves"" OR all:""binary black holes"" OR all:""parallel analysis"" OR all:""Einstein@Home"")",5,5,2026-07-03T13:13:00.088004+0000
astro-ph.SR,"high-velocity electrons, synchrotron emission, supernova remnants, magnetic fields, ionized gas","cat:astro-ph.SR AND (all:""high-velocity electrons"" OR all:""synchrotron emission"" OR all:""supernova remnants"" OR all:""magnetic fields"" OR all:""ionized gas"")",5,5,2026-07-03T13:13:04.591759+0000
astro-ph.SR,"stellar luminosity, Hertzsprung-Russell diagram, stellar evolution, dwarf stars, main sequence","cat:astro-ph.SR AND (all:""stellar luminosity"" OR all:""Hertzsprung-Russell diagram"" OR all:""stellar evolution"" OR all:""dwarf stars"" OR all:""main sequence"")",5,5,2026-07-03T13:13:09.377660+0000
astro-ph.SR,"substellar mass, Class L dwarfs, metal hydrides, hydrogen fusion, brown dwarfs","cat:astro-ph.SR AND (all:""substellar mass"" OR all:""Class L dwarfs"" OR all:""metal hydrides"" OR all:""hydrogen fusion"" OR all:""brown dwarfs"")",5,5,2026-07-03T13:13:15.232490+0000
quant-ph,"wave function, Hilbert space, quantum framework, complex vector space, quantum state vector","cat:quant-ph AND (all:""wave function"" OR all:""Hilbert space"" OR all:""quantum framework"" OR all:""complex vector space"" OR all:""quantum state vector"")",7,7,2026-07-03T13:13:20.311375+0000
quant-ph,"quantum mechanical structure, Hilbert space, quantum mechanics, complex vector space, state vector","cat:quant-ph AND (all:""quantum mechanical structure"" OR all:""Hilbert space"" OR all:""quantum mechanics"" OR all:""complex vector space"" OR all:""state vector"")",7,7,2026-07-03T13:13:25.267722+0000
quant-ph,"Hamiltonians, partner Hamiltonians, energy spectra, eigenstates, supersymmetric quantum mechanics","cat:quant-ph AND (all:""Hamiltonians"" OR all:""partner Hamiltonians"" OR all:""energy spectra"" OR all:""eigenstates"" OR all:""supersymmetric quantum mechanics"")",7,7,2026-07-03T13:13:29.962587+0000
quant-ph,"Ramsauer-Townsend effect, electron scattering, quantum mechanics, wave framework, noble gas","cat:quant-ph AND (all:""Ramsauer-Townsend effect"" OR all:""electron scattering"" OR all:""quantum mechanics"" OR all:""wave framework"" OR all:""noble gas"")",7,7,2026-07-03T13:13:35.206213+0000
quant-ph,"linear momentum, quantum framework, particle spin, angular momentum, quantum dynamics","cat:quant-ph AND (all:""linear momentum"" OR all:""quantum framework"" OR all:""particle spin"" OR all:""angular momentum"" OR all:""quantum dynamics"")",7,7,2026-07-03T13:13:39.923754+0000
quant-ph,"quantum mechanical mechanism, Hilbert space, quantum framework, complex vector space, state vector","cat:quant-ph AND (all:""quantum mechanical mechanism"" OR all:""Hilbert space"" OR all:""quantum framework"" OR all:""complex vector space"" OR all:""state vector"")",7,7,2026-07-03T13:13:44.569487+0000
quant-ph,"wave framework, Ramsauer-Townsend effect, noble gas interaction, wave theory, electron scattering","cat:quant-ph AND (all:""wave framework"" OR all:""Ramsauer-Townsend effect"" OR all:""noble gas interaction"" OR all:""wave theory"" OR all:""electron scattering"")",7,7,2026-07-03T13:13:49.423996+0000
quant-ph,"quantum mechanical framework, Hilbert space, complex vector space, state vector, quantum state","cat:quant-ph AND (all:""quantum mechanical framework"" OR all:""Hilbert space"" OR all:""complex vector space"" OR all:""state vector"" OR all:""quantum state"")",7,7,2026-07-03T13:13:54.336622+0000
quant-ph,"probability amplitudes, wave function, classical analogy, quantum state","cat:quant-ph AND (all:""probability amplitudes"" OR all:""wave function"" OR all:""classical analogy"" OR all:""quantum state"")",7,7,2026-07-03T13:13:59.873083+0000
quant-ph,"spin quantum number, elementary particles, reduced Planck constant, angular momentum","cat:quant-ph AND (all:""spin quantum number"" OR all:""elementary particles"" OR all:""reduced Planck constant"" OR all:""angular momentum"")",7,7,2026-07-03T13:14:04.573380+0000
quant-ph,"physical framework, point-like motions, quantum mechanics, angular momentum, particle spin","cat:quant-ph AND (all:""physical framework"" OR all:""point-like motions"" OR all:""quantum mechanics"" OR all:""angular momentum"" OR all:""particle spin"")",7,7,2026-07-03T13:14:09.272251+0000
quant-ph,"Hamiltonians, energy degeneracy, eigenstates, supersymmetric quantum mechanics","cat:quant-ph AND (all:""Hamiltonians"" OR all:""energy degeneracy"" OR all:""eigenstates"" OR all:""supersymmetric quantum mechanics"")",7,7,2026-07-03T13:14:14.808152+0000
quant-ph,"quasiprobability distribution, phase space, quantum-mechanical interference, Liouville density","cat:quant-ph AND (all:""quasiprobability distribution"" OR all:""phase space"" OR all:""quantum-mechanical interference"" OR all:""Liouville density"")",7,7,2026-07-03T13:14:22.258095+0000
quant-ph,"Wigner function, phase-space integral, Wigner transform, Moyal bracket, density matrix operator","cat:quant-ph AND (all:""Wigner function"" OR all:""phase-space integral"" OR all:""Wigner transform"" OR all:""Moyal bracket"" OR all:""density matrix operator"")",7,7,2026-07-03T13:14:26.792868+0000
quant-ph,"Ramsauer-Townsend effect, noble gas interaction, wave principle, electron scattering","cat:quant-ph AND (all:""Ramsauer-Townsend effect"" OR all:""noble gas interaction"" OR all:""wave principle"" OR all:""electron scattering"")",7,7,2026-07-03T13:14:31.627036+0000
quant-ph,"quantized eigenvalues, Heisenberg uncertainty principle, spin, tensorial operator, angular momentum","cat:quant-ph AND (all:""quantized eigenvalues"" OR all:""Heisenberg uncertainty principle"" OR all:""spin"" OR all:""tensorial operator"" OR all:""angular momentum"")",7,7,2026-07-03T13:14:36.561993+0000
quant-ph,"particle spin, Newton's second law, angular momentum, point-like motions","cat:quant-ph AND (all:""particle spin"" OR all:""Newton's second law"" OR all:""angular momentum"" OR all:""point-like motions"")",7,7,2026-07-03T13:14:41.386816+0000
quant-ph,"superposition principle, probability amplitudes, wave function, superposition principles, quantum state","cat:quant-ph AND (all:""superposition principle"" OR all:""probability amplitudes"" OR all:""wave function"" OR all:""superposition principles"" OR all:""quantum state"")",7,7,2026-07-03T13:14:46.060775+0000
quant-ph,"observable effects, particle physics, virtual particles, quantum field theory","cat:quant-ph AND (all:""observable effects"" OR all:""particle physics"" OR all:""virtual particles"" OR all:""quantum field theory"")",7,7,2026-07-03T13:14:51.232529+0000
quant-ph,"energy distribution, ultraviolet catastrophe, electromagnetic radiation, classical physics","cat:quant-ph AND (all:""energy distribution"" OR all:""ultraviolet catastrophe"" OR all:""electromagnetic radiation"" OR all:""classical physics"")",7,7,2026-07-03T13:14:55.765331+0000
quant-ph,"superconductivity, Planck constant, magnetic flux quantum, Josephson effect, SQUIDs","cat:quant-ph AND (all:""superconductivity"" OR all:""Planck constant"" OR all:""magnetic flux quantum"" OR all:""Josephson effect"" OR all:""SQUIDs"")",7,7,2026-07-03T13:15:00.367178+0000
math.MG,"degrees of freedom, mathematical dimension, intrinsic property, coordinate systems, extrinsic property","cat:math.MG AND (all:""degrees of freedom"" OR all:""mathematical dimension"" OR all:""intrinsic property"" OR all:""coordinate systems"" OR all:""extrinsic property"")",37,37,2026-07-03T13:15:04.930639+0000
math.MG,"degrees of freedom, mathematical dimension, independent parameters, spatial embedding, extrinsic property","cat:math.MG AND (all:""degrees of freedom"" OR all:""mathematical dimension"" OR all:""independent parameters"" OR all:""spatial embedding"" OR all:""extrinsic property"")",37,25,2026-07-03T13:15:09.031886+0000
math.MG,"geometric shapes, regular polytope, geometric symmetry, symmetry group, flag-transitivity","cat:math.MG AND (all:""geometric shapes"" OR all:""regular polytope"" OR all:""geometric symmetry"" OR all:""symmetry group"" OR all:""flag-transitivity"")",37,37,2026-07-03T13:15:14.391322+0000
math.MG,"hyperbolic plane, isogonal, vertex-transitive, tessellation, uniform tiling","cat:math.MG AND (all:""hyperbolic plane"" OR all:""isogonal"" OR all:""vertex-transitive"" OR all:""tessellation"" OR all:""uniform tiling"")",37,37,2026-07-03T13:15:19.126949+0000
math.AG,"rational normal curve, projective transformations, group isomorphism, isomorphic groups, Hesse's principle of transfer","cat:math.AG AND (all:""rational normal curve"" OR all:""projective transformations"" OR all:""group isomorphism"" OR all:""isomorphic groups"" OR all:""Hesse's principle of transfer"")",150,150,2026-07-03T13:15:28.516952+0000
physics.chem-ph,"permutation-inversion groups, symmetry operations, molecular geometry, identical nuclei, center of mass","cat:physics.chem-ph AND (all:""permutation-inversion groups"" OR all:""symmetry operations"" OR all:""molecular geometry"" OR all:""identical nuclei"" OR all:""center of mass"")",15,15,2026-07-03T13:15:33.694083+0000
physics.chem-ph,"identity operation, point group theory, molecular geometry, symmetry groups","cat:physics.chem-ph AND (all:""identity operation"" OR all:""point group theory"" OR all:""molecular geometry"" OR all:""symmetry groups"")",15,15,2026-07-03T13:15:38.405541+0000
physics.chem-ph,"center of inversion, identity operation, symmetry groups, plane of symmetry, inversion center","cat:physics.chem-ph AND (all:""center of inversion"" OR all:""identity operation"" OR all:""symmetry groups"" OR all:""plane of symmetry"" OR all:""inversion center"")",15,15,2026-07-03T13:15:43.046492+0000
physics.chem-ph,"interstellar chemistry, organic molecules, Stardust mission, molecular ices, cometary chemistry","cat:physics.chem-ph AND (all:""interstellar chemistry"" OR all:""organic molecules"" OR all:""Stardust mission"" OR all:""molecular ices"" OR all:""cometary chemistry"")",15,15,2026-07-03T13:15:47.656913+0000
physics.chem-ph,"molecular eigenvalues, electromagnetic Hamiltonian, symmetry labels, parity operation","cat:physics.chem-ph AND (all:""molecular eigenvalues"" OR all:""electromagnetic Hamiltonian"" OR all:""symmetry labels"" OR all:""parity operation"")",15,3,2026-07-03T13:15:51.404712+0000
physics.chem-ph,"NMR frequency, magnetic susceptibility, magnetic field distortion, Evans balance","cat:physics.chem-ph AND (all:""NMR frequency"" OR all:""magnetic susceptibility"" OR all:""magnetic field distortion"" OR all:""Evans balance"")",15,15,2026-07-03T13:15:55.554692+0000
physics.chem-ph,"NMR frequency, magnetic susceptibility, crystal susceptibility, magnetic field distortion, Evans balance","cat:physics.chem-ph AND (all:""NMR frequency"" OR all:""magnetic susceptibility"" OR all:""crystal susceptibility"" OR all:""magnetic field distortion"" OR all:""Evans balance"")",15,15,2026-07-03T13:16:00.065392+0000
physics.chem-ph,"crossover experiment, reaction mechanisms, intramolecular mechanisms, intermolecular pathways","cat:physics.chem-ph AND (all:""crossover experiment"" OR all:""reaction mechanisms"" OR all:""intramolecular mechanisms"" OR all:""intermolecular pathways"")",15,15,2026-07-03T13:16:05.009963+0000
physics.chem-ph,"crossover experiment, reaction mechanism analysis, intermolecular mechanism, intramolecular mechanism","cat:physics.chem-ph AND (all:""crossover experiment"" OR all:""reaction mechanism analysis"" OR all:""intermolecular mechanism"" OR all:""intramolecular mechanism"")",15,1,2026-07-03T13:16:08.612753+0000
physics.chem-ph,"intermolecular mechanism, crossover experiment, reaction mechanisms, reaction kinetics, intramolecular mechanism","cat:physics.chem-ph AND (all:""intermolecular mechanism"" OR all:""crossover experiment"" OR all:""reaction mechanisms"" OR all:""reaction kinetics"" OR all:""intramolecular mechanism"")",15,15,2026-07-03T13:16:13.224662+0000
math.HO,"group principle, projective geometry, Erlangen program, Felix Klein","cat:math.HO AND (all:""group principle"" OR all:""projective geometry"" OR all:""Erlangen program"" OR all:""Felix Klein"")",75,40,2026-07-03T13:16:17.424339+0000
math.HO,"geometric characterization, projective geometry, Erlangen program, group framework, Felix Klein","cat:math.HO AND (all:""geometric characterization"" OR all:""projective geometry"" OR all:""Erlangen program"" OR all:""group framework"" OR all:""Felix Klein"")",75,41,2026-07-03T13:16:21.569061+0000
math.LO,"deductive rules, proof framework, formal framework, axioms, theorems","cat:math.LO AND (all:""deductive rules"" OR all:""proof framework"" OR all:""formal framework"" OR all:""axioms"" OR all:""theorems"")",37,37,2026-07-03T13:16:26.296988+0000
math.LO,"proof principle, deductive rules, formal principle, theorem derivation, axioms","cat:math.LO AND (all:""proof principle"" OR all:""deductive rules"" OR all:""formal principle"" OR all:""theorem derivation"" OR all:""axioms"")",37,37,2026-07-03T13:16:30.884305+0000
math.LO,"theorem derivation, formal framework, proof principle, deductive rules, axioms","cat:math.LO AND (all:""theorem derivation"" OR all:""formal framework"" OR all:""proof principle"" OR all:""deductive rules"" OR all:""axioms"")",37,37,2026-07-03T13:16:35.290233+0000
math.LO,"proof principle, deductive rules, formal concept, axioms, theorems","cat:math.LO AND (all:""proof principle"" OR all:""deductive rules"" OR all:""formal concept"" OR all:""axioms"" OR all:""theorems"")",37,37,2026-07-03T13:16:55.158471+0000
nlin.CD,"butterfly effect, dynamical systems, sensitive dependence, initial conditions","cat:nlin.CD AND (all:""butterfly effect"" OR all:""dynamical systems"" OR all:""sensitive dependence"" OR all:""initial conditions"")",75,75,2026-07-03T13:16:59.511956+0000
nlin.CD,"butterfly effect, INUS conditions, unstable equilibrium, Newtonian physics, distributed causality","cat:nlin.CD AND (all:""butterfly effect"" OR all:""INUS conditions"" OR all:""unstable equilibrium"" OR all:""Newtonian physics"" OR all:""distributed causality"")",75,38,2026-07-03T13:17:03.740812+0000
q-bio.PE,"mutualistic symbiosis, myrmecophytes, mycorrhiza, coevolutionary dynamics","cat:q-bio.PE AND (all:""mutualistic symbiosis"" OR all:""myrmecophytes"" OR all:""mycorrhiza"" OR all:""coevolutionary dynamics"")",150,27,2026-07-03T13:17:07.709537+0000
nucl-ex,"high-voltage transformer, particle kinetic energies, heavy-ion fusion, accelerator-based light-ion fusion","cat:nucl-ex AND (all:""high-voltage transformer"" OR all:""particle kinetic energies"" OR all:""heavy-ion fusion"" OR all:""accelerator-based light-ion fusion"")",30,30,2026-07-03T13:17:12.708604+0000
nucl-ex,"particle kinetic energy, high-voltage transformer, light-ion fusion, accelerator-based fusion","cat:nucl-ex AND (all:""particle kinetic energy"" OR all:""high-voltage transformer"" OR all:""light-ion fusion"" OR all:""accelerator-based fusion"")",30,6,2026-07-03T13:17:16.359646+0000
nucl-ex,"nuclear transmutation, free neutron decay, mass defect, decay energy","cat:nucl-ex AND (all:""nuclear transmutation"" OR all:""free neutron decay"" OR all:""mass defect"" OR all:""decay energy"")",30,30,2026-07-03T13:17:20.875243+0000
nucl-ex,"nuclear transmutation, beta decay, free neutron decay, MeV units, decay energy","cat:nucl-ex AND (all:""nuclear transmutation"" OR all:""beta decay"" OR all:""free neutron decay"" OR all:""MeV units"" OR all:""decay energy"")",30,30,2026-07-03T13:17:25.393910+0000
nucl-ex,"transient condensation cloud, atmospheric physics, nuclear detonation, rarefaction, Wilson cloud","cat:nucl-ex AND (all:""transient condensation cloud"" OR all:""atmospheric physics"" OR all:""nuclear detonation"" OR all:""rarefaction"" OR all:""Wilson cloud"")",30,9,2026-07-03T13:17:29.116195+0000
physics.med-ph,"superconducting quantum interference devices, magnetization measurement, ultra-low field MRI, Larmor precession, T1 relaxation","cat:physics.med-ph AND (all:""superconducting quantum interference devices"" OR all:""magnetization measurement"" OR all:""ultra-low field MRI"" OR all:""Larmor precession"" OR all:""T1 relaxation"")",150,30,2026-07-03T13:17:33.143826+0000
physics.optics,"Fresnel equations, circular polarization, wave optics, total internal reflection","cat:physics.optics AND (all:""Fresnel equations"" OR all:""circular polarization"" OR all:""wave optics"" OR all:""total internal reflection"")",10,10,2026-07-03T13:17:37.636185+0000
physics.optics,"principle of least time, law of refraction, Fermat's principle, optical density","cat:physics.optics AND (all:""principle of least time"" OR all:""law of refraction"" OR all:""Fermat's principle"" OR all:""optical density"")",10,10,2026-07-03T13:17:42.329636+0000
physics.optics,"wave theory of light, corpuscular theory, rectilinear propagation, critical angle, Newton's optics","cat:physics.optics AND (all:""wave theory of light"" OR all:""corpuscular theory"" OR all:""rectilinear propagation"" OR all:""critical angle"" OR all:""Newton's optics"")",10,10,2026-07-03T13:17:47.015377+0000
physics.optics,"temperature gradient, light absorption, particle migration, indirect photophoresis, thermophoresis","cat:physics.optics AND (all:""temperature gradient"" OR all:""light absorption"" OR all:""particle migration"" OR all:""indirect photophoresis"" OR all:""thermophoresis"")",10,10,2026-07-03T13:17:51.766183+0000
physics.optics,"temperature gradient, particle migration, radiative forces, indirect photophoresis, incident light absorption","cat:physics.optics AND (all:""temperature gradient"" OR all:""particle migration"" OR all:""radiative forces"" OR all:""indirect photophoresis"" OR all:""incident light absorption"")",10,10,2026-07-03T13:17:56.483828+0000
physics.optics,"linear polarization, Fresnel equations, total internal reflection, circular polarization","cat:physics.optics AND (all:""linear polarization"" OR all:""Fresnel equations"" OR all:""total internal reflection"" OR all:""circular polarization"")",10,10,2026-07-03T13:18:00.945125+0000
physics.optics,"Fresnel equations, circular polarization, total internal reflection, refractive indices, wave optics","cat:physics.optics AND (all:""Fresnel equations"" OR all:""circular polarization"" OR all:""total internal reflection"" OR all:""refractive indices"" OR all:""wave optics"")",10,10,2026-07-03T13:18:05.668071+0000
physics.optics,"frustrated TIR, evanescent-wave coupling, quantum tunneling, total internal reflection, FTIR","cat:physics.optics AND (all:""frustrated TIR"" OR all:""evanescent-wave coupling"" OR all:""quantum tunneling"" OR all:""total internal reflection"" OR all:""FTIR"")",10,10,2026-07-03T13:18:10.564408+0000
physics.optics,"wave interference, diffraction pattern, optical physics, angular spacing","cat:physics.optics AND (all:""wave interference"" OR all:""diffraction pattern"" OR all:""optical physics"" OR all:""angular spacing"")",10,10,2026-07-03T13:18:14.863976+0000
physics.optics,"Young's double-slit interferometer, optical interference, spatial coherence, visibility, wave interference","cat:physics.optics AND (all:""Young's double-slit interferometer"" OR all:""optical interference"" OR all:""spatial coherence"" OR all:""visibility"" OR all:""wave interference"")",10,10,2026-07-03T13:18:19.664341+0000
physics.optics,"Optical Signal-to-Noise Ratio, signal power, noise power, bandwidth, dynamic range","cat:physics.optics AND (all:""Optical Signal-to-Noise Ratio"" OR all:""signal power"" OR all:""noise power"" OR all:""bandwidth"" OR all:""dynamic range"")",10,10,2026-07-03T13:18:24.306941+0000
physics.optics,"atmospheric refraction, light wavelength, spectral absorption, Rayleigh scattering","cat:physics.optics AND (all:""atmospheric refraction"" OR all:""light wavelength"" OR all:""spectral absorption"" OR all:""Rayleigh scattering"")",10,10,2026-07-03T13:18:28.575316+0000
physics.optics,"surface radiation, radiant flux, optical physics, radiosity","cat:physics.optics AND (all:""surface radiation"" OR all:""radiant flux"" OR all:""optical physics"" OR all:""radiosity"")",10,10,2026-07-03T13:18:33.118367+0000
physics.optics,"corpuscular theory, rectilinear propagation, critical angle, Newton's optics","cat:physics.optics AND (all:""corpuscular theory"" OR all:""rectilinear propagation"" OR all:""critical angle"" OR all:""Newton's optics"")",10,10,2026-07-03T13:18:37.679674+0000
math.GR,"group principle, projective geometry, Erlangen program, Felix Klein","cat:math.GR AND (all:""group principle"" OR all:""projective geometry"" OR all:""Erlangen program"" OR all:""Felix Klein"")",75,23,2026-07-03T13:18:41.499361+0000
math.GR,"geometric characterization, projective geometry, Erlangen program, group framework, Felix Klein","cat:math.GR AND (all:""geometric characterization"" OR all:""projective geometry"" OR all:""Erlangen program"" OR all:""group framework"" OR all:""Felix Klein"")",75,50,2026-07-03T13:18:45.730452+0000
gr-qc,"butterfly effect, INUS conditions, unstable equilibrium, Newtonian physics, distributed causality","cat:gr-qc AND (all:""butterfly effect"" OR all:""INUS conditions"" OR all:""unstable equilibrium"" OR all:""Newtonian physics"" OR all:""distributed causality"")",5,5,2026-07-03T13:18:51.435464+0000
gr-qc,"coordinate framework, gravitational waves, speed of gravity, general relativity","cat:gr-qc AND (all:""coordinate framework"" OR all:""gravitational waves"" OR all:""speed of gravity"" OR all:""general relativity"")",5,5,2026-07-03T13:18:55.914406+0000
gr-qc,"coordinate systems, gravitational waves, propagation speed, general relativity","cat:gr-qc AND (all:""coordinate systems"" OR all:""gravitational waves"" OR all:""propagation speed"" OR all:""general relativity"")",5,5,2026-07-03T13:19:01.775110+0000
gr-qc,"equations of motion, symmetry groups, explicit symmetry breaking, theoretical framework","cat:gr-qc AND (all:""equations of motion"" OR all:""symmetry groups"" OR all:""explicit symmetry breaking"" OR all:""theoretical framework"")",5,5,2026-07-03T13:19:06.845674+0000
gr-qc,"regularization, mass-energy, singularities, renormalization, quantum field theory","cat:gr-qc AND (all:""regularization"" OR all:""mass-energy"" OR all:""singularities"" OR all:""renormalization"" OR all:""quantum field theory"")",5,5,2026-07-03T13:19:11.996348+0000
gr-qc,"theoretical frameworks, equations of motion, symmetry principles, explicit symmetry breaking, theoretical mechanics","cat:gr-qc AND (all:""theoretical frameworks"" OR all:""equations of motion"" OR all:""symmetry principles"" OR all:""explicit symmetry breaking"" OR all:""theoretical mechanics"")",5,5,2026-07-03T13:19:18.408806+0000
gr-qc,"angular momentum formalism, Noether charge, rotational invariance, differential forms","cat:gr-qc AND (all:""angular momentum formalism"" OR all:""Noether charge"" OR all:""rotational invariance"" OR all:""differential forms"")",5,5,2026-07-03T13:19:22.873349+0000
gr-qc,"phase space continuity, stochastic differential equations, kinematic dynamo, supersymmetry","cat:gr-qc AND (all:""phase space continuity"" OR all:""stochastic differential equations"" OR all:""kinematic dynamo"" OR all:""supersymmetry"")",5,5,2026-07-03T13:19:27.876098+0000
gr-qc,"Maxwell's equations, classical mechanics, classical electrodynamics, electromagnetism, unified field theory","cat:gr-qc AND (all:""Maxwell's equations"" OR all:""classical mechanics"" OR all:""classical electrodynamics"" OR all:""electromagnetism"" OR all:""unified field theory"")",5,5,2026-07-03T13:19:32.677637+0000
gr-qc,"spontaneous symmetry breaking, local operator, quantum field theory, vacuum expectation value, gauge symmetry","cat:gr-qc AND (all:""spontaneous symmetry breaking"" OR all:""local operator"" OR all:""quantum field theory"" OR all:""vacuum expectation value"" OR all:""gauge symmetry"")",5,5,2026-07-03T13:19:37.555979+0000
gr-qc,"stochastic supersymmetric principle, hydromagnetic dynamo, deterministic chaos, kinematic approximation, induction equation","cat:gr-qc AND (all:""stochastic supersymmetric principle"" OR all:""hydromagnetic dynamo"" OR all:""deterministic chaos"" OR all:""kinematic approximation"" OR all:""induction equation"")",5,5,2026-07-03T13:19:41.707308+0000
gr-qc,"subatomic physics, parity violation, mirror asymmetry, time invariance, Ozma Problem","cat:gr-qc AND (all:""subatomic physics"" OR all:""parity violation"" OR all:""mirror asymmetry"" OR all:""time invariance"" OR all:""Ozma Problem"")",5,5,2026-07-03T13:19:46.836523+0000
gr-qc,"Euler-Lagrange equations, canonical quantization, Hamiltonian mechanics, action principle, quotient algebra","cat:gr-qc AND (all:""Euler-Lagrange equations"" OR all:""canonical quantization"" OR all:""Hamiltonian mechanics"" OR all:""action principle"" OR all:""quotient algebra"")",5,5,2026-07-03T13:19:51.311307+0000
gr-qc,"approximate symmetry, equations of motion, explicit symmetry breaking, symmetry principles","cat:gr-qc AND (all:""approximate symmetry"" OR all:""equations of motion"" OR all:""explicit symmetry breaking"" OR all:""symmetry principles"")",5,5,2026-07-03T13:19:55.990878+0000
gr-qc,"special relativity, spacetime physics, inertial reference frame, relativity of simultaneity","cat:gr-qc AND (all:""special relativity"" OR all:""spacetime physics"" OR all:""inertial reference frame"" OR all:""relativity of simultaneity"")",5,5,2026-07-03T13:20:00.637207+0000
gr-qc,"classical mechanics, wave-particle duality, Euclidean space, macroscopic motion, quantum mechanics","cat:gr-qc AND (all:""classical mechanics"" OR all:""wave-particle duality"" OR all:""Euclidean space"" OR all:""macroscopic motion"" OR all:""quantum mechanics"")",5,5,2026-07-03T13:20:05.471443+0000
gr-qc,"information loss paradox, black hole evaporation, Hawking radiation, quantum mechanics","cat:gr-qc AND (all:""information loss paradox"" OR all:""black hole evaporation"" OR all:""Hawking radiation"" OR all:""quantum mechanics"")",5,5,2026-07-03T13:20:09.941573+0000
gr-qc,"special relativity, Lorentz invariance, spacetime manifold, boost velocity, four-tensors","cat:gr-qc AND (all:""special relativity"" OR all:""Lorentz invariance"" OR all:""spacetime manifold"" OR all:""boost velocity"" OR all:""four-tensors"")",5,5,2026-07-03T13:20:14.805856+0000
gr-qc,"special relativity, four-dimensional model, Minkowski space, non-inertial reference frame, spacetime manifold","cat:gr-qc AND (all:""special relativity"" OR all:""four-dimensional model"" OR all:""Minkowski space"" OR all:""non-inertial reference frame"" OR all:""spacetime manifold"")",5,5,2026-07-03T13:20:19.938646+0000
gr-qc,"special relativity, Minkowski diagram, Lorentz transformations, relativistic mechanics","cat:gr-qc AND (all:""special relativity"" OR all:""Minkowski diagram"" OR all:""Lorentz transformations"" OR all:""relativistic mechanics"")",5,5,2026-07-03T13:20:24.505971+0000
gr-qc,"Modified Newtonian dynamics, non-baryonic matter, entropic gravity, tensor–vector–scalar gravity","cat:gr-qc AND (all:""Modified Newtonian dynamics"" OR all:""non-baryonic matter"" OR all:""entropic gravity"" OR all:""tensor–vector–scalar gravity"")",5,5,2026-07-03T13:20:29.849519+0000
gr-qc,"maximal acceleration, spacetime geometry, Caianiello's theory, quantum gravity","cat:gr-qc AND (all:""maximal acceleration"" OR all:""spacetime geometry"" OR all:""Caianiello's theory"" OR all:""quantum gravity"")",5,5,2026-07-03T13:20:35.530650+0000
gr-qc,"linear momentum, general principle of relativity, frame dragging, rotational momentum, spacetime curvature","cat:gr-qc AND (all:""linear momentum"" OR all:""general principle of relativity"" OR all:""frame dragging"" OR all:""rotational momentum"" OR all:""spacetime curvature"")",5,5,2026-07-03T13:20:40.346593+0000
gr-qc,"speed of gravity, gravitational waves, Einstein's field equations, coordinate mechanism","cat:gr-qc AND (all:""speed of gravity"" OR all:""gravitational waves"" OR all:""Einstein's field equations"" OR all:""coordinate mechanism"")",5,5,2026-07-03T13:20:45.195521+0000
gr-qc,"Schwarzschild black hole, angular momentum, spherical symmetry, Birkhoff's theorem","cat:gr-qc AND (all:""Schwarzschild black hole"" OR all:""angular momentum"" OR all:""spherical symmetry"" OR all:""Birkhoff's theorem"")",5,5,2026-07-03T13:20:49.676089+0000
gr-qc,"coordinate framework, speed of gravity, gravitational waves, coordinate mechanism, Einsteinian physics","cat:gr-qc AND (all:""coordinate framework"" OR all:""speed of gravity"" OR all:""gravitational waves"" OR all:""coordinate mechanism"" OR all:""Einsteinian physics"")",5,5,2026-07-03T13:20:54.480791+0000
gr-qc,"general principle of relativity, gravitomagnetic interaction, gravitational permeability, Meissner effect analogue, rotating matter","cat:gr-qc AND (all:""general principle of relativity"" OR all:""gravitomagnetic interaction"" OR all:""gravitational permeability"" OR all:""Meissner effect analogue"" OR all:""rotating matter"")",5,5,2026-07-03T13:20:58.743670+0000
gr-qc,"Gravity Probe B, geodetic effect, gravitomagnetism, spacetime curvature, de Sitter precession","cat:gr-qc AND (all:""Gravity Probe B"" OR all:""geodetic effect"" OR all:""gravitomagnetism"" OR all:""spacetime curvature"" OR all:""de Sitter precession"")",5,5,2026-07-03T13:21:03.447063+0000
gr-qc,"quadrupole formula, gravitational waves, wave amplitude, spacetime oscillation","cat:gr-qc AND (all:""quadrupole formula"" OR all:""gravitational waves"" OR all:""wave amplitude"" OR all:""spacetime oscillation"")",5,5,2026-07-03T13:21:07.837890+0000
gr-qc,"LIGO data, parallel analysis, gravitational waves, binary black holes, distributed computing","cat:gr-qc AND (all:""LIGO data"" OR all:""parallel analysis"" OR all:""gravitational waves"" OR all:""binary black holes"" OR all:""distributed computing"")",5,5,2026-07-03T13:21:13.523566+0000
astro-ph.CO,"matter-antimatter imbalance, quark-antiquark pairs, baryon asymmetry, early universe","cat:astro-ph.CO AND (all:""matter-antimatter imbalance"" OR all:""quark-antiquark pairs"" OR all:""baryon asymmetry"" OR all:""early universe"")",16,16,2026-07-03T13:21:18.211339+0000
astro-ph.CO,"expansion history, galactic observation, galactic observations, redshift-distance relationship, matter and energy content","cat:astro-ph.CO AND (all:""expansion history"" OR all:""galactic observation"" OR all:""galactic observations"" OR all:""redshift-distance relationship"" OR all:""matter and energy content"")",16,16,2026-07-03T13:21:23.355715+0000
astro-ph.CO,"light-years, gigaparsecs, proper distance, redshift, expansion of the universe","cat:astro-ph.CO AND (all:""light-years"" OR all:""gigaparsecs"" OR all:""proper distance"" OR all:""redshift"" OR all:""expansion of the universe"")",16,16,2026-07-03T13:21:28.008045+0000
astro-ph.CO,"scale factor, Doppler effect, cosmological redshift, expansion of the universe","cat:astro-ph.CO AND (all:""scale factor"" OR all:""Doppler effect"" OR all:""cosmological redshift"" OR all:""expansion of the universe"")",16,16,2026-07-03T13:21:33.237445+0000
astro-ph.CO,"galaxy distribution, preferred length scale, Baryon Acoustic Oscillations, cosmic microwave background","cat:astro-ph.CO AND (all:""galaxy distribution"" OR all:""preferred length scale"" OR all:""Baryon Acoustic Oscillations"" OR all:""cosmic microwave background"")",16,16,2026-07-03T13:21:37.913407+0000
astro-ph.CO,"primordial symmetry, cosmological evolution, baryogenesis, symmetry breaking, matter-antimatter asymmetry","cat:astro-ph.CO AND (all:""primordial symmetry"" OR all:""cosmological evolution"" OR all:""baryogenesis"" OR all:""symmetry breaking"" OR all:""matter-antimatter asymmetry"")",16,16,2026-07-03T13:21:42.881793+0000
astro-ph.CO,"cosmic inflation, metric expansion, inflaton field, conformal cyclic cosmology","cat:astro-ph.CO AND (all:""cosmic inflation"" OR all:""metric expansion"" OR all:""inflaton field"" OR all:""conformal cyclic cosmology"")",16,16,2026-07-03T13:21:47.463649+0000
astro-ph.CO,"inhomogeneous cosmology, Copernican principle, theoretical physics, isotropic universe, dark energy models","cat:astro-ph.CO AND (all:""inhomogeneous cosmology"" OR all:""Copernican principle"" OR all:""theoretical physics"" OR all:""isotropic universe"" OR all:""dark energy models"")",16,16,2026-07-03T13:21:52.122599+0000
astro-ph.CO,"James Webb Space Telescope, redshift, Big Bang chronology, high-redshift galaxy","cat:astro-ph.CO AND (all:""James Webb Space Telescope"" OR all:""redshift"" OR all:""Big Bang chronology"" OR all:""high-redshift galaxy"")",16,16,2026-07-03T13:21:56.919418+0000
physics.space-ph,"plasma dynamics, magnetosphere, solar wind, Kelvin-Helmholtz instability, magnetic reconnection","cat:physics.space-ph AND (all:""plasma dynamics"" OR all:""magnetosphere"" OR all:""solar wind"" OR all:""Kelvin-Helmholtz instability"" OR all:""magnetic reconnection"")",75,75,2026-07-03T13:22:01.917281+0000
physics.space-ph,"round-trip transit time, Deep Space Network, Lunar Laser Ranging, deep space network, radar astronomy","cat:physics.space-ph AND (all:""round-trip transit time"" OR all:""Deep Space Network"" OR all:""Lunar Laser Ranging"" OR all:""deep space network"" OR all:""radar astronomy"")",75,20,2026-07-03T13:22:05.853636+0000
physics.class-ph,"classical physics, Maxwell's equations, unified field theory, electromagnetic theory","cat:physics.class-ph AND (all:""classical physics"" OR all:""Maxwell's equations"" OR all:""unified field theory"" OR all:""electromagnetic theory"")",10,10,2026-07-03T13:22:10.608197+0000
physics.class-ph,"magnetic susceptibility, material properties, magnetizing field intensity, magnetization, material classification","cat:physics.class-ph AND (all:""magnetic susceptibility"" OR all:""material properties"" OR all:""magnetizing field intensity"" OR all:""magnetization"" OR all:""material classification"")",10,10,2026-07-03T13:22:15.641795+0000
physics.class-ph,"electric field, surface charge, conductor proximity, electrostatic interaction","cat:physics.class-ph AND (all:""electric field"" OR all:""surface charge"" OR all:""conductor proximity"" OR all:""electrostatic interaction"")",10,10,2026-07-03T13:22:20.008429+0000
physics.class-ph,"SI fundamental quantities, cylindrical symmetry, closed surface, electric flux, Gauss's law","cat:physics.class-ph AND (all:""SI fundamental quantities"" OR all:""cylindrical symmetry"" OR all:""closed surface"" OR all:""electric flux"" OR all:""Gauss's law"")",10,10,2026-07-03T13:22:23.947088+0000
physics.class-ph,"stable equilibrium, point charges, Earnshaw's theorem, electrostatic interaction","cat:physics.class-ph AND (all:""stable equilibrium"" OR all:""point charges"" OR all:""Earnshaw's theorem"" OR all:""electrostatic interaction"")",10,10,2026-07-03T13:22:28.226975+0000
physics.class-ph,"macroscopic objects, kinematics, Euclidean space, Newtonian physics, physical quantities","cat:physics.class-ph AND (all:""macroscopic objects"" OR all:""kinematics"" OR all:""Euclidean space"" OR all:""Newtonian physics"" OR all:""physical quantities"")",10,10,2026-07-03T13:22:32.957794+0000
physics.class-ph,"Newton's laws of motion, force-mass-acceleration, inertial property, constant velocity, F=ma formula","cat:physics.class-ph AND (all:""Newton's laws of motion"" OR all:""force-mass-acceleration"" OR all:""inertial property"" OR all:""constant velocity"" OR all:""F=ma formula"")",10,10,2026-07-03T13:22:37.217833+0000
physics.class-ph,"macroscopic objects, Euclidean space, motion dynamics, physical quantities","cat:physics.class-ph AND (all:""macroscopic objects"" OR all:""Euclidean space"" OR all:""motion dynamics"" OR all:""physical quantities"")",10,10,2026-07-03T13:22:41.928326+0000
physics.class-ph,"dimensional quantities, unit conversion, reciprocal length, inverse units","cat:physics.class-ph AND (all:""dimensional quantities"" OR all:""unit conversion"" OR all:""reciprocal length"" OR all:""inverse units"")",10,4,2026-07-03T13:22:45.579286+0000
physics.class-ph,"sound wave amplitude, acoustic physics, loudness perception, wave properties","cat:physics.class-ph AND (all:""sound wave amplitude"" OR all:""acoustic physics"" OR all:""loudness perception"" OR all:""wave properties"")",10,7,2026-07-03T13:22:49.257632+0000
physics.class-ph,"loudness proportionality, frequency relationship, sound wave amplitude, wave mechanics","cat:physics.class-ph AND (all:""loudness proportionality"" OR all:""frequency relationship"" OR all:""sound wave amplitude"" OR all:""wave mechanics"")",10,10,2026-07-03T13:22:53.054492+0000
physics.class-ph,"loudness proportionality, wave mechanics, acoustic properties, sound wave amplitude, loudness perception","cat:physics.class-ph AND (all:""loudness proportionality"" OR all:""wave mechanics"" OR all:""acoustic properties"" OR all:""sound wave amplitude"" OR all:""loudness perception"")",10,10,2026-07-03T13:22:57.515356+0000
physics.class-ph,"propagation constant, complex numbers, sinusoidal waves, phase change","cat:physics.class-ph AND (all:""propagation constant"" OR all:""complex numbers"" OR all:""sinusoidal waves"" OR all:""phase change"")",10,10,2026-07-03T13:23:01.740610+0000
physics.class-ph,"dimensional analysis, SI units, unit conversion, physical quantities","cat:physics.class-ph AND (all:""dimensional analysis"" OR all:""SI units"" OR all:""unit conversion"" OR all:""physical quantities"")",10,10,2026-07-03T13:23:06.399844+0000
physics.class-ph,"Earth rotation irregularities, Coordinated Universal Time, leap second, atomic time scale, Earth rotation","cat:physics.class-ph AND (all:""Earth rotation irregularities"" OR all:""Coordinated Universal Time"" OR all:""leap second"" OR all:""atomic time scale"" OR all:""Earth rotation"")",10,10,2026-07-03T13:23:10.295354+0000
math.AT,"discrete set boundary, dimension theory, critical points, cell complex, n-skeleton","cat:math.AT AND (all:""discrete set boundary"" OR all:""dimension theory"" OR all:""critical points"" OR all:""cell complex"" OR all:""n-skeleton"")",150,150,2026-07-03T13:23:20.039874+0000
math-ph,"quantum theory, geometric quantization, classical theory, mathematical approach","cat:math-ph AND (all:""quantum theory"" OR all:""geometric quantization"" OR all:""classical theory"" OR all:""mathematical approach"")",50,50,2026-07-03T13:23:24.759710+0000
math-ph,"geometric quantization, quantum framework, quantization theory, mathematical physics, classical framework","cat:math-ph AND (all:""geometric quantization"" OR all:""quantum framework"" OR all:""quantization theory"" OR all:""mathematical physics"" OR all:""classical framework"")",50,50,2026-07-03T13:23:30.563191+0000
math-ph,"geometric quantization, mathematical framework, classical principle, quantum principle","cat:math-ph AND (all:""geometric quantization"" OR all:""mathematical framework"" OR all:""classical principle"" OR all:""quantum principle"")",50,50,2026-07-03T13:23:35.313968+0000
q-bio.CB,"osmosis, electrochemical gradient, active transport, cellular energetics, passive transport","cat:q-bio.CB AND (all:""osmosis"" OR all:""electrochemical gradient"" OR all:""active transport"" OR all:""cellular energetics"" OR all:""passive transport"")",150,15,2026-07-03T13:23:39.173008+0000
physics.ed-ph,"dimensional quantities, unit conversion, reciprocal length, inverse units","cat:physics.ed-ph AND (all:""dimensional quantities"" OR all:""unit conversion"" OR all:""reciprocal length"" OR all:""inverse units"")",75,1,2026-07-03T13:23:42.775190+0000
physics.ed-ph,"dimensional analysis, SI units, unit conversion, physical quantities","cat:physics.ed-ph AND (all:""dimensional analysis"" OR all:""SI units"" OR all:""unit conversion"" OR all:""physical quantities"")",75,46,2026-07-03T13:23:48.033902+0000
physics.ins-det,"international system of units, caesium frequency standard, time measurement, caesium atom transition, SI base units","cat:physics.ins-det AND (all:""international system of units"" OR all:""caesium frequency standard"" OR all:""time measurement"" OR all:""caesium atom transition"" OR all:""SI base units"")",75,75,2026-07-03T13:23:52.987169+0000
physics.ins-det,"surface radiation, radiant flux, optical physics, radiosity","cat:physics.ins-det AND (all:""surface radiation"" OR all:""radiant flux"" OR all:""optical physics"" OR all:""radiosity"")",75,20,2026-07-03T13:23:56.895828+0000
hep-th,"butterfly effect, INUS conditions, unstable equilibrium, Newtonian physics, distributed causality","cat:hep-th AND (all:""butterfly effect"" OR all:""INUS conditions"" OR all:""unstable equilibrium"" OR all:""Newtonian physics"" OR all:""distributed causality"")",6,6,2026-07-03T13:24:01.338259+0000
hep-th,"coordinate framework, gravitational waves, speed of gravity, general relativity","cat:hep-th AND (all:""coordinate framework"" OR all:""gravitational waves"" OR all:""speed of gravity"" OR all:""general relativity"")",6,6,2026-07-03T13:24:06.176746+0000
hep-th,"coordinate systems, gravitational waves, propagation speed, general relativity","cat:hep-th AND (all:""coordinate systems"" OR all:""gravitational waves"" OR all:""propagation speed"" OR all:""general relativity"")",6,6,2026-07-03T13:24:10.911942+0000
hep-th,"equations of motion, symmetry groups, explicit symmetry breaking, theoretical framework","cat:hep-th AND (all:""equations of motion"" OR all:""symmetry groups"" OR all:""explicit symmetry breaking"" OR all:""theoretical framework"")",6,6,2026-07-03T13:24:15.534760+0000
hep-th,"regularization, mass-energy, singularities, renormalization, quantum field theory","cat:hep-th AND (all:""regularization"" OR all:""mass-energy"" OR all:""singularities"" OR all:""renormalization"" OR all:""quantum field theory"")",6,6,2026-07-03T13:24:20.010526+0000
hep-th,"INUS condition, distributed causality, Newtonian physics, unstable equilibrium","cat:hep-th AND (all:""INUS condition"" OR all:""distributed causality"" OR all:""Newtonian physics"" OR all:""unstable equilibrium"")",6,6,2026-07-03T13:24:24.326880+0000
hep-th,"theoretical frameworks, equations of motion, symmetry principles, explicit symmetry breaking, theoretical mechanics","cat:hep-th AND (all:""theoretical frameworks"" OR all:""equations of motion"" OR all:""symmetry principles"" OR all:""explicit symmetry breaking"" OR all:""theoretical mechanics"")",6,6,2026-07-03T13:24:29.004785+0000
hep-th,"angular momentum formalism, Noether charge, rotational invariance, differential forms","cat:hep-th AND (all:""angular momentum formalism"" OR all:""Noether charge"" OR all:""rotational invariance"" OR all:""differential forms"")",6,6,2026-07-03T13:24:33.348883+0000
hep-th,"phase space continuity, stochastic differential equations, kinematic dynamo, supersymmetry","cat:hep-th AND (all:""phase space continuity"" OR all:""stochastic differential equations"" OR all:""kinematic dynamo"" OR all:""supersymmetry"")",6,6,2026-07-03T13:24:38.142425+0000
hep-th,"Maxwell's equations, classical mechanics, classical electrodynamics, electromagnetism, unified field theory","cat:hep-th AND (all:""Maxwell's equations"" OR all:""classical mechanics"" OR all:""classical electrodynamics"" OR all:""electromagnetism"" OR all:""unified field theory"")",6,6,2026-07-03T13:24:42.875185+0000
hep-th,"spontaneous symmetry breaking, local operator, quantum field theory, vacuum expectation value, gauge symmetry","cat:hep-th AND (all:""spontaneous symmetry breaking"" OR all:""local operator"" OR all:""quantum field theory"" OR all:""vacuum expectation value"" OR all:""gauge symmetry"")",6,6,2026-07-03T13:24:47.725857+0000
hep-th,"stochastic supersymmetric principle, hydromagnetic dynamo, deterministic chaos, kinematic approximation, induction equation","cat:hep-th AND (all:""stochastic supersymmetric principle"" OR all:""hydromagnetic dynamo"" OR all:""deterministic chaos"" OR all:""kinematic approximation"" OR all:""induction equation"")",6,6,2026-07-03T13:24:51.544072+0000
hep-th,"subatomic physics, parity violation, mirror asymmetry, time invariance, Ozma Problem","cat:hep-th AND (all:""subatomic physics"" OR all:""parity violation"" OR all:""mirror asymmetry"" OR all:""time invariance"" OR all:""Ozma Problem"")",6,6,2026-07-03T13:24:56.585154+0000
hep-th,"Euler-Lagrange equations, canonical quantization, Hamiltonian mechanics, action principle, quotient algebra","cat:hep-th AND (all:""Euler-Lagrange equations"" OR all:""canonical quantization"" OR all:""Hamiltonian mechanics"" OR all:""action principle"" OR all:""quotient algebra"")",6,6,2026-07-03T13:25:01.375765+0000
hep-th,"approximate symmetry, equations of motion, explicit symmetry breaking, symmetry principles","cat:hep-th AND (all:""approximate symmetry"" OR all:""equations of motion"" OR all:""explicit symmetry breaking"" OR all:""symmetry principles"")",6,6,2026-07-03T13:25:05.975322+0000
hep-th,"special relativity, spacetime physics, inertial reference frame, relativity of simultaneity","cat:hep-th AND (all:""special relativity"" OR all:""spacetime physics"" OR all:""inertial reference frame"" OR all:""relativity of simultaneity"")",6,6,2026-07-03T13:25:11.126231+0000
hep-th,"classical mechanics, wave-particle duality, Euclidean space, macroscopic motion, quantum mechanics","cat:hep-th AND (all:""classical mechanics"" OR all:""wave-particle duality"" OR all:""Euclidean space"" OR all:""macroscopic motion"" OR all:""quantum mechanics"")",6,6,2026-07-03T13:25:16.369968+0000
hep-th,"information loss paradox, black hole evaporation, Hawking radiation, quantum mechanics","cat:hep-th AND (all:""information loss paradox"" OR all:""black hole evaporation"" OR all:""Hawking radiation"" OR all:""quantum mechanics"")",6,6,2026-07-03T13:25:21.237981+0000
hep-th,"special relativity, Lorentz invariance, spacetime manifold, boost velocity, four-tensors","cat:hep-th AND (all:""special relativity"" OR all:""Lorentz invariance"" OR all:""spacetime manifold"" OR all:""boost velocity"" OR all:""four-tensors"")",6,6,2026-07-03T13:25:26.155752+0000
hep-th,"special relativity, four-dimensional model, Minkowski space, non-inertial reference frame, spacetime manifold","cat:hep-th AND (all:""special relativity"" OR all:""four-dimensional model"" OR all:""Minkowski space"" OR all:""non-inertial reference frame"" OR all:""spacetime manifold"")",6,6,2026-07-03T13:25:32.084647+0000
hep-th,"special relativity, Minkowski diagram, Lorentz transformations, relativistic mechanics","cat:hep-th AND (all:""special relativity"" OR all:""Minkowski diagram"" OR all:""Lorentz transformations"" OR all:""relativistic mechanics"")",6,6,2026-07-03T13:25:37.153323+0000
hep-th,"Modified Newtonian dynamics, non-baryonic matter, entropic gravity, tensor–vector–scalar gravity","cat:hep-th AND (all:""Modified Newtonian dynamics"" OR all:""non-baryonic matter"" OR all:""entropic gravity"" OR all:""tensor–vector–scalar gravity"")",6,6,2026-07-03T13:25:42.011774+0000
hep-th,"maximal acceleration, spacetime geometry, Caianiello's theory, quantum gravity","cat:hep-th AND (all:""maximal acceleration"" OR all:""spacetime geometry"" OR all:""Caianiello's theory"" OR all:""quantum gravity"")",6,6,2026-07-03T13:25:46.863307+0000
math.GT,"hyperbolic plane, isogonal, vertex-transitive, tessellation, uniform tiling","cat:math.GT AND (all:""hyperbolic plane"" OR all:""isogonal"" OR all:""vertex-transitive"" OR all:""tessellation"" OR all:""uniform tiling"")",75,75,2026-07-03T13:25:51.521229+0000
math.GT,"rational normal curve, projective transformations, group isomorphism, isomorphic groups, Hesse's principle of transfer","cat:math.GT AND (all:""rational normal curve"" OR all:""projective transformations"" OR all:""group isomorphism"" OR all:""isomorphic groups"" OR all:""Hesse's principle of transfer"")",75,45,2026-07-03T13:25:55.889520+0000
eess.SY,"system dynamics, linear time-invariant, signal processing, transfer function, mathematical modeling","cat:eess.SY AND (all:""system dynamics"" OR all:""linear time-invariant"" OR all:""signal processing"" OR all:""transfer function"" OR all:""mathematical modeling"")",50,50,2026-07-03T13:26:00.612240+0000
eess.SY,"signal processing, linear time-invariant systems, transfer function, system dynamics","cat:eess.SY AND (all:""signal processing"" OR all:""linear time-invariant systems"" OR all:""transfer function"" OR all:""system dynamics"")",50,50,2026-07-03T13:26:05.400893+0000
eess.SY,"resistivity, intrinsic property, electrical current flow, ohm-meters","cat:eess.SY AND (all:""resistivity"" OR all:""intrinsic property"" OR all:""electrical current flow"" OR all:""ohm-meters"")",50,50,2026-07-03T13:26:10.196539+0000
physics.atom-ph,"permutation-inversion groups, symmetry operations, molecular geometry, identical nuclei, center of mass","cat:physics.atom-ph AND (all:""permutation-inversion groups"" OR all:""symmetry operations"" OR all:""molecular geometry"" OR all:""identical nuclei"" OR all:""center of mass"")",37,37,2026-07-03T13:26:14.678900+0000
physics.atom-ph,"identity operation, point group theory, molecular geometry, symmetry groups","cat:physics.atom-ph AND (all:""identity operation"" OR all:""point group theory"" OR all:""molecular geometry"" OR all:""symmetry groups"")",37,26,2026-07-03T13:26:18.718335+0000
physics.atom-ph,"center of inversion, identity operation, symmetry groups, plane of symmetry, inversion center","cat:physics.atom-ph AND (all:""center of inversion"" OR all:""identity operation"" OR all:""symmetry groups"" OR all:""plane of symmetry"" OR all:""inversion center"")",37,14,2026-07-03T13:26:22.504888+0000
physics.atom-ph,"international system of units, caesium frequency standard, time measurement, caesium atom transition, SI base units","cat:physics.atom-ph AND (all:""international system of units"" OR all:""caesium frequency standard"" OR all:""time measurement"" OR all:""caesium atom transition"" OR all:""SI base units"")",37,37,2026-07-03T13:26:26.788876+0000
cond-mat.mes-hall,"memristive network, Type-II non-crossing curve, two-terminal resistance memory, ReRAM, pinched hysteresis curves","cat:cond-mat.mes-hall AND (all:""memristive network"" OR all:""Type-II non-crossing curve"" OR all:""two-terminal resistance memory"" OR all:""ReRAM"" OR all:""pinched hysteresis curves"")",5,5,2026-07-03T13:26:31.012506+0000
cond-mat.mes-hall,"synapse transistor, activity-based forgetting, neuro-inspired circuits, inactivity-based forgetting, short-term potentiation","cat:cond-mat.mes-hall AND (all:""synapse transistor"" OR all:""activity-based forgetting"" OR all:""neuro-inspired circuits"" OR all:""inactivity-based forgetting"" OR all:""short-term potentiation"")",5,3,2026-07-03T13:26:35.096945+0000
cond-mat.mes-hall,"domain dynamics, resistive switching, ferroelectric memristors, piezoelectric field, non-volatile memory","cat:cond-mat.mes-hall AND (all:""domain dynamics"" OR all:""resistive switching"" OR all:""ferroelectric memristors"" OR all:""piezoelectric field"" OR all:""non-volatile memory"")",5,5,2026-07-03T13:26:39.946861+0000
cond-mat.mes-hall,"synapse transistor, synaptic plasticity, neuro-inspired circuits, short-term potentiation","cat:cond-mat.mes-hall AND (all:""synapse transistor"" OR all:""synaptic plasticity"" OR all:""neuro-inspired circuits"" OR all:""short-term potentiation"")",5,5,2026-07-03T13:26:43.803192+0000
cond-mat.mes-hall,"switching mechanism, non-uniform elastic strain, domain dynamics, ferroelectric memristors, piezoelectric field","cat:cond-mat.mes-hall AND (all:""switching mechanism"" OR all:""non-uniform elastic strain"" OR all:""domain dynamics"" OR all:""ferroelectric memristors"" OR all:""piezoelectric field"")",5,5,2026-07-03T13:26:48.274976+0000
cond-mat.mes-hall,"pinched hysteresis curves, two-terminal devices, non-crossing curve, resistance memory, memristor","cat:cond-mat.mes-hall AND (all:""pinched hysteresis curves"" OR all:""two-terminal devices"" OR all:""non-crossing curve"" OR all:""resistance memory"" OR all:""memristor"")",5,5,2026-07-03T13:26:53.189962+0000
cond-mat.mes-hall,"resistance-switching processes, thermal fluctuations, free-energy barriers, memristive devices, stochasticity","cat:cond-mat.mes-hall AND (all:""resistance-switching processes"" OR all:""thermal fluctuations"" OR all:""free-energy barriers"" OR all:""memristive devices"" OR all:""stochasticity"")",5,5,2026-07-03T13:26:58.254897+0000
cond-mat.mes-hall,"two-terminal resistance memory, pinched hysteresis curves, switching states, memristor, ReRAM","cat:cond-mat.mes-hall AND (all:""two-terminal resistance memory"" OR all:""pinched hysteresis curves"" OR all:""switching states"" OR all:""memristor"" OR all:""ReRAM"")",5,5,2026-07-03T13:27:02.785840+0000
cond-mat.mes-hall,"brain–computer interfaces, in-memory computing, physical neural networks, memristor, reconfigurable computing","cat:cond-mat.mes-hall AND (all:""brain–computer interfaces"" OR all:""in-memory computing"" OR all:""physical neural networks"" OR all:""memristor"" OR all:""reconfigurable computing"")",5,5,2026-07-03T13:27:07.605694+0000
cond-mat.mes-hall,"synapse transistor, inactivity-based forgetting, short-term potentiation, neuro-inspired circuit","cat:cond-mat.mes-hall AND (all:""synapse transistor"" OR all:""inactivity-based forgetting"" OR all:""short-term potentiation"" OR all:""neuro-inspired circuit"")",5,3,2026-07-03T13:27:11.346756+0000
cond-mat.mes-hall,"magnetic fields, De Haas-Van Alphen effect, magnetization, Fermi surface, differential susceptibility","cat:cond-mat.mes-hall AND (all:""magnetic fields"" OR all:""De Haas-Van Alphen effect"" OR all:""magnetization"" OR all:""Fermi surface"" OR all:""differential susceptibility"")",5,5,2026-07-03T13:27:15.846838+0000
cond-mat.mes-hall,"electromagnetic phenomena, quantum mechanics, magnetic field, superconductor, spin axis","cat:cond-mat.mes-hall AND (all:""electromagnetic phenomena"" OR all:""quantum mechanics"" OR all:""magnetic field"" OR all:""superconductor"" OR all:""spin axis"")",5,5,2026-07-03T13:27:21.059331+0000
cond-mat.mes-hall,"density of states, metallic conductivity, electronic entropy, Fermi level, insulator properties","cat:cond-mat.mes-hall AND (all:""density of states"" OR all:""metallic conductivity"" OR all:""electronic entropy"" OR all:""Fermi level"" OR all:""insulator properties"")",5,5,2026-07-03T13:27:26.537417+0000
cond-mat.mes-hall,"microscopic length scales, wavevector dependence, material parameters, spatial dispersion, continuous media","cat:cond-mat.mes-hall AND (all:""microscopic length scales"" OR all:""wavevector dependence"" OR all:""material parameters"" OR all:""spatial dispersion"" OR all:""continuous media"")",5,5,2026-07-03T13:27:31.222968+0000
cond-mat.mes-hall,"density of states, solid-state physics, electronic entropy, Fermi level, insulators and metals","cat:cond-mat.mes-hall AND (all:""density of states"" OR all:""solid-state physics"" OR all:""electronic entropy"" OR all:""Fermi level"" OR all:""insulators and metals"")",5,5,2026-07-03T13:27:36.031077+0000
cond-mat.mes-hall,"physical structure, physical systems, phase transitions, symmetry breaking, order parameter","cat:cond-mat.mes-hall AND (all:""physical structure"" OR all:""physical systems"" OR all:""phase transitions"" OR all:""symmetry breaking"" OR all:""order parameter"")",5,5,2026-07-03T13:27:40.502240+0000
cond-mat.mes-hall,"physical framework, physical mechanisms, phase transitions, symmetry breaking, order parameter","cat:cond-mat.mes-hall AND (all:""physical framework"" OR all:""physical mechanisms"" OR all:""phase transitions"" OR all:""symmetry breaking"" OR all:""order parameter"")",5,5,2026-07-03T13:27:45.721051+0000
cond-mat.mes-hall,"magnetic field oscillations, AC permeability, De Haas-Van Alphen effect, Fermi surface, differential susceptibility","cat:cond-mat.mes-hall AND (all:""magnetic field oscillations"" OR all:""AC permeability"" OR all:""De Haas-Van Alphen effect"" OR all:""Fermi surface"" OR all:""differential susceptibility"")",5,5,2026-07-03T13:27:50.083932+0000
cond-mat.mes-hall,"collective field, electromagnetic gauge symmetry, superconductors, order parameter","cat:cond-mat.mes-hall AND (all:""collective field"" OR all:""electromagnetic gauge symmetry"" OR all:""superconductors"" OR all:""order parameter"")",5,5,2026-07-03T13:27:54.652927+0000
cond-mat.mes-hall,"memristive devices, MoOx/MoS2 heterostructure, solution-processing technology, transition metal dichalcogenides, memcapacitive effect","cat:cond-mat.mes-hall AND (all:""memristive devices"" OR all:""MoOx/MoS2 heterostructure"" OR all:""solution-processing technology"" OR all:""transition metal dichalcogenides"" OR all:""memcapacitive effect"")",5,5,2026-07-03T13:28:00.150294+0000
cond-mat.mes-hall,"MoOx/MoS2 heterostructure, transition metal dichalcogenides, memcapacitive effect, Atomristor, memristive behavior","cat:cond-mat.mes-hall AND (all:""MoOx/MoS2 heterostructure"" OR all:""transition metal dichalcogenides"" OR all:""memcapacitive effect"" OR all:""Atomristor"" OR all:""memristive behavior"")",5,5,2026-07-03T13:28:05.113148+0000
cond-mat.mes-hall,"switching mechanism, domain dynamics, ferroelectric memristors, piezoelectric field, elastic strain","cat:cond-mat.mes-hall AND (all:""switching mechanism"" OR all:""domain dynamics"" OR all:""ferroelectric memristors"" OR all:""piezoelectric field"" OR all:""elastic strain"")",5,5,2026-07-03T13:28:10.217692+0000
cond-mat.mes-hall,"memristive devices, MoOx/MoS2 heterostructure, transition metal dichalcogenides, Atomristor, atomically thin nanomaterials","cat:cond-mat.mes-hall AND (all:""memristive devices"" OR all:""MoOx/MoS2 heterostructure"" OR all:""transition metal dichalcogenides"" OR all:""Atomristor"" OR all:""atomically thin nanomaterials"")",5,5,2026-07-03T13:28:14.739472+0000
cond-mat.mes-hall,"spin valve, Néel temperature, blocking temperature, magnetic pinning, antiferromagnetic layer","cat:cond-mat.mes-hall AND (all:""spin valve"" OR all:""Néel temperature"" OR all:""blocking temperature"" OR all:""magnetic pinning"" OR all:""antiferromagnetic layer"")",5,5,2026-07-03T13:28:19.127821+0000
cond-mat.mes-hall,"magnetization dynamics, precessional motion, Landau-Lifshitz-Gilbert equation, ferromagnetic materials, micromagnetics","cat:cond-mat.mes-hall AND (all:""magnetization dynamics"" OR all:""precessional motion"" OR all:""Landau-Lifshitz-Gilbert equation"" OR all:""ferromagnetic materials"" OR all:""micromagnetics"")",5,5,2026-07-03T13:28:23.820554+0000
cond-mat.mes-hall,"magnetic susceptibility, magnetizing field intensity, magnetization, material classification","cat:cond-mat.mes-hall AND (all:""magnetic susceptibility"" OR all:""magnetizing field intensity"" OR all:""magnetization"" OR all:""material classification"")",5,5,2026-07-03T13:28:28.470444+0000
eess.SP,"Optical Signal-to-Noise Ratio, signal power, noise power, bandwidth, dynamic range","cat:eess.SP AND (all:""Optical Signal-to-Noise Ratio"" OR all:""signal power"" OR all:""noise power"" OR all:""bandwidth"" OR all:""dynamic range"")",75,75,2026-07-03T13:28:33.259633+0000
eess.SP,"resistivity, intrinsic property, electrical current flow, ohm-meters","cat:eess.SP AND (all:""resistivity"" OR all:""intrinsic property"" OR all:""electrical current flow"" OR all:""ohm-meters"")",75,75,2026-07-03T13:28:37.744359+0000
astro-ph.EP,"gravitationally bound, planetary framework, orbital mechanics, non-stellar objects, planetary structure","cat:astro-ph.EP AND (all:""gravitationally bound"" OR all:""planetary framework"" OR all:""orbital mechanics"" OR all:""non-stellar objects"" OR all:""planetary structure"")",15,15,2026-07-03T13:28:42.415550+0000
astro-ph.EP,"non-stellar objects, planetary system, gravitationally bound, orbital mechanics","cat:astro-ph.EP AND (all:""non-stellar objects"" OR all:""planetary system"" OR all:""gravitationally bound"" OR all:""orbital mechanics"")",15,15,2026-07-03T13:28:47.133888+0000
astro-ph.EP,"vacuum velocity, light-year, speed of light, astronomical distances, Julian year","cat:astro-ph.EP AND (all:""vacuum velocity"" OR all:""light-year"" OR all:""speed of light"" OR all:""astronomical distances"" OR all:""Julian year"")",15,15,2026-07-03T13:28:52.051294+0000
astro-ph.EP,"gravitationally bound, planetary mechanism, non-stellar objects, orbital dynamics","cat:astro-ph.EP AND (all:""gravitationally bound"" OR all:""planetary mechanism"" OR all:""non-stellar objects"" OR all:""orbital dynamics"")",15,15,2026-07-03T13:28:57.110270+0000
astro-ph.EP,"non-resonant-interacting, hierarchical systems, orbital dynamics, resonant systems","cat:astro-ph.EP AND (all:""non-resonant-interacting"" OR all:""hierarchical systems"" OR all:""orbital dynamics"" OR all:""resonant systems"")",15,15,2026-07-03T13:29:01.417869+0000
astro-ph.EP,"planetary systems, resonant structures, hierarchical frameworks, orbital dynamics","cat:astro-ph.EP AND (all:""planetary systems"" OR all:""resonant structures"" OR all:""hierarchical frameworks"" OR all:""orbital dynamics"")",15,15,2026-07-03T13:29:06.574921+0000
astro-ph.EP,"hierarchical structures, resonant systems, orbital dynamics, resonant mechanisms, planetary frameworks","cat:astro-ph.EP AND (all:""hierarchical structures"" OR all:""resonant systems"" OR all:""orbital dynamics"" OR all:""resonant mechanisms"" OR all:""planetary frameworks"")",15,15,2026-07-03T13:29:11.457157+0000
astro-ph.EP,"hierarchical systems, orbital dynamics, planetary frameworks, resonant structures, planetary mechanisms","cat:astro-ph.EP AND (all:""hierarchical systems"" OR all:""orbital dynamics"" OR all:""planetary frameworks"" OR all:""resonant structures"" OR all:""planetary mechanisms"")",15,15,2026-07-03T13:29:16.305023+0000
astro-ph.EP,"planetary interactions, hierarchical frameworks, orbital dynamics, resonant mechanisms","cat:astro-ph.EP AND (all:""planetary interactions"" OR all:""hierarchical frameworks"" OR all:""orbital dynamics"" OR all:""resonant mechanisms"")",15,15,2026-07-03T13:29:21.712693+0000
astro-ph.EP,"round-trip transit time, Deep Space Network, Lunar Laser Ranging, deep space network, radar astronomy","cat:astro-ph.EP AND (all:""round-trip transit time"" OR all:""Deep Space Network"" OR all:""Lunar Laser Ranging"" OR all:""deep space network"" OR all:""radar astronomy"")",15,15,2026-07-03T13:29:27.189918+0000
astro-ph.IM,"gravitationally bound, planetary framework, orbital mechanics, non-stellar objects, planetary structure","cat:astro-ph.IM AND (all:""gravitationally bound"" OR all:""planetary framework"" OR all:""orbital mechanics"" OR all:""non-stellar objects"" OR all:""planetary structure"")",18,18,2026-07-03T13:29:31.937731+0000
astro-ph.IM,"non-stellar objects, planetary system, gravitationally bound, orbital mechanics","cat:astro-ph.IM AND (all:""non-stellar objects"" OR all:""planetary system"" OR all:""gravitationally bound"" OR all:""orbital mechanics"")",18,18,2026-07-03T13:29:36.440825+0000
astro-ph.IM,"vacuum velocity, light-year, speed of light, astronomical distances, Julian year","cat:astro-ph.IM AND (all:""vacuum velocity"" OR all:""light-year"" OR all:""speed of light"" OR all:""astronomical distances"" OR all:""Julian year"")",18,18,2026-07-03T13:29:41.855755+0000
astro-ph.IM,"gravitationally bound, planetary mechanism, non-stellar objects, orbital dynamics","cat:astro-ph.IM AND (all:""gravitationally bound"" OR all:""planetary mechanism"" OR all:""non-stellar objects"" OR all:""orbital dynamics"")",18,18,2026-07-03T13:29:46.507776+0000
astro-ph.IM,"illuminance, luminous flux, radiometric measurement, luminance, surface radiance","cat:astro-ph.IM AND (all:""illuminance"" OR all:""luminous flux"" OR all:""radiometric measurement"" OR all:""luminance"" OR all:""surface radiance"")",18,18,2026-07-03T13:29:51.012976+0000
astro-ph.IM,"radiometric measurement, surface reflectance, light emission, luminous flux, illuminance","cat:astro-ph.IM AND (all:""radiometric measurement"" OR all:""surface reflectance"" OR all:""light emission"" OR all:""luminous flux"" OR all:""illuminance"")",18,18,2026-07-03T13:29:55.977968+0000
astro-ph.IM,"LIGO data, parallel analysis, gravitational waves, binary black holes, distributed computing","cat:astro-ph.IM AND (all:""LIGO data"" OR all:""parallel analysis"" OR all:""gravitational waves"" OR all:""binary black holes"" OR all:""distributed computing"")",18,18,2026-07-03T13:30:00.531696+0000
astro-ph.IM,"Earth rotation irregularities, Coordinated Universal Time, leap second, atomic time scale, Earth rotation","cat:astro-ph.IM AND (all:""Earth rotation irregularities"" OR all:""Coordinated Universal Time"" OR all:""leap second"" OR all:""atomic time scale"" OR all:""Earth rotation"")",18,18,2026-07-03T13:30:05.364880+0000
nucl-th,"high-voltage transformer, particle kinetic energies, heavy-ion fusion, accelerator-based light-ion fusion","cat:nucl-th AND (all:""high-voltage transformer"" OR all:""particle kinetic energies"" OR all:""heavy-ion fusion"" OR all:""accelerator-based light-ion fusion"")",30,30,2026-07-03T13:30:10.024330+0000
nucl-th,"particle kinetic energy, high-voltage transformer, light-ion fusion, accelerator-based fusion","cat:nucl-th AND (all:""particle kinetic energy"" OR all:""high-voltage transformer"" OR all:""light-ion fusion"" OR all:""accelerator-based fusion"")",30,7,2026-07-03T13:30:16.893707+0000
nucl-th,"nuclear transmutation, free neutron decay, mass defect, decay energy","cat:nucl-th AND (all:""nuclear transmutation"" OR all:""free neutron decay"" OR all:""mass defect"" OR all:""decay energy"")",30,30,2026-07-03T13:30:22.139779+0000
nucl-th,"nuclear transmutation, beta decay, free neutron decay, MeV units, decay energy","cat:nucl-th AND (all:""nuclear transmutation"" OR all:""beta decay"" OR all:""free neutron decay"" OR all:""MeV units"" OR all:""decay energy"")",30,30,2026-07-03T13:30:27.293286+0000
nucl-th,"transient condensation cloud, atmospheric physics, nuclear detonation, rarefaction, Wilson cloud","cat:nucl-th AND (all:""transient condensation cloud"" OR all:""atmospheric physics"" OR all:""nuclear detonation"" OR all:""rarefaction"" OR all:""Wilson cloud"")",30,9,2026-07-03T13:30:31.229411+0000
physics.flu-dyn,"pressure-temperature spike, cavitation bubble, acoustic shock wave, implosion","cat:physics.flu-dyn AND (all:""pressure-temperature spike"" OR all:""cavitation bubble"" OR all:""acoustic shock wave"" OR all:""implosion"")",11,11,2026-07-03T13:30:35.856084+0000
physics.flu-dyn,"thermal energy release, acoustic shock wave, cavitation bubble, vapor pressure, implosion","cat:physics.flu-dyn AND (all:""thermal energy release"" OR all:""acoustic shock wave"" OR all:""cavitation bubble"" OR all:""vapor pressure"" OR all:""implosion"")",11,11,2026-07-03T13:30:40.896601+0000
physics.flu-dyn,"density displacement, buoyancy-driven flow, natural convection, heat transfer, forced convection","cat:physics.flu-dyn AND (all:""density displacement"" OR all:""buoyancy-driven flow"" OR all:""natural convection"" OR all:""heat transfer"" OR all:""forced convection"")",11,11,2026-07-03T13:30:45.488580+0000
physics.flu-dyn,"fluid mechanics, fluid velocity, aerodynamic effects, Bernoulli's principle, pressure differential","cat:physics.flu-dyn AND (all:""fluid mechanics"" OR all:""fluid velocity"" OR all:""aerodynamic effects"" OR all:""Bernoulli's principle"" OR all:""pressure differential"")",11,11,2026-07-03T13:30:50.408870+0000
physics.flu-dyn,"multi-scale motions, time-averaged statistics, coherent turbulent structures, temporal coherence","cat:physics.flu-dyn AND (all:""multi-scale motions"" OR all:""time-averaged statistics"" OR all:""coherent turbulent structures"" OR all:""temporal coherence"")",11,11,2026-07-03T13:30:54.417970+0000
physics.flu-dyn,"vapor pressure, implosion dynamics, cavitation bubble, acoustic shock wave","cat:physics.flu-dyn AND (all:""vapor pressure"" OR all:""implosion dynamics"" OR all:""cavitation bubble"" OR all:""acoustic shock wave"")",11,11,2026-07-03T13:30:58.713452+0000
physics.flu-dyn,"cavitation bubble, vapor implosion, pressure-temperature spikes, acoustic shock wave, pressure enhancement","cat:physics.flu-dyn AND (all:""cavitation bubble"" OR all:""vapor implosion"" OR all:""pressure-temperature spikes"" OR all:""acoustic shock wave"" OR all:""pressure enhancement"")",11,11,2026-07-03T13:31:03.712150+0000
physics.flu-dyn,"Bernoulli's principle, fluid mechanics, velocity-pressure relationship, pressure differential","cat:physics.flu-dyn AND (all:""Bernoulli's principle"" OR all:""fluid mechanics"" OR all:""velocity-pressure relationship"" OR all:""pressure differential"")",11,11,2026-07-03T13:31:11.864249+0000
physics.flu-dyn,"Cauchy momentum equation, constitutive relation, fluid mechanics, stress tensor, viscosity","cat:physics.flu-dyn AND (all:""Cauchy momentum equation"" OR all:""constitutive relation"" OR all:""fluid mechanics"" OR all:""stress tensor"" OR all:""viscosity"")",11,11,2026-07-03T13:31:16.707631+0000
physics.flu-dyn,"partial differential equations, viscous fluid substances, conservation of mass, Newtonian fluids, momentum balance","cat:physics.flu-dyn AND (all:""partial differential equations"" OR all:""viscous fluid substances"" OR all:""conservation of mass"" OR all:""Newtonian fluids"" OR all:""momentum balance"")",11,11,2026-07-03T13:31:22.433587+0000
physics.flu-dyn,"hydraulic transients, plumbing systems, fluid mechanics, pressure surge, water hammer","cat:physics.flu-dyn AND (all:""hydraulic transients"" OR all:""plumbing systems"" OR all:""fluid mechanics"" OR all:""pressure surge"" OR all:""water hammer"")",11,11,2026-07-03T13:31:28.512186+0000
physics.flu-dyn,"particle-laden liquid, evaporation dynamics, deposition patterns, coffee ring effect, surface tension","cat:physics.flu-dyn AND (all:""particle-laden liquid"" OR all:""evaporation dynamics"" OR all:""deposition patterns"" OR all:""coffee ring effect"" OR all:""surface tension"")",11,11,2026-07-03T13:31:33.868160+0000
physics.flu-dyn,"Kutta condition, circulation, Kutta-Joukowski theorem, inviscid flow, airfoil aerodynamics","cat:physics.flu-dyn AND (all:""Kutta condition"" OR all:""circulation"" OR all:""Kutta-Joukowski theorem"" OR all:""inviscid flow"" OR all:""airfoil aerodynamics"")",11,11,2026-07-03T13:31:38.733645+0000
