arxiv_category,keyword_group,query,requested_cap,n_fetched,timestamp
physics.hist-ph,"Copernican principle, Giordano Bruno, celestial mechanics, astronomical philosophy, heliocentrism","cat:physics.hist-ph AND (all:""Copernican principle"" OR all:""Giordano Bruno"" OR all:""celestial mechanics"" OR all:""astronomical philosophy"" OR all:""heliocentrism"")",18,18,2026-07-02T10:44:24.669245+0000
physics.hist-ph,"gravitational force, centripetal force, Hooke-Newton correspondence, Newtonian mechanics","cat:physics.hist-ph AND (all:""gravitational force"" OR all:""centripetal force"" OR all:""Hooke-Newton correspondence"" OR all:""Newtonian mechanics"")",18,18,2026-07-02T10:44:29.093806+0000
physics.hist-ph,"Copernican principle, Giordano Bruno, Copernican concept, Renaissance philosophy, heliocentrism","cat:physics.hist-ph AND (all:""Copernican principle"" OR all:""Giordano Bruno"" OR all:""Copernican concept"" OR all:""Renaissance philosophy"" OR all:""heliocentrism"")",18,18,2026-07-02T10:44:33.204830+0000
physics.hist-ph,"celestial mechanics, Giordano Bruno, Copernican framework, astronomical philosophy","cat:physics.hist-ph AND (all:""celestial mechanics"" OR all:""Giordano Bruno"" OR all:""Copernican framework"" OR all:""astronomical philosophy"")",18,16,2026-07-02T10:44:36.818039+0000
physics.hist-ph,"classical mechanics history, gravitational force, centripetal force, Newton-Hooke correspondence","cat:physics.hist-ph AND (all:""classical mechanics history"" OR all:""gravitational force"" OR all:""centripetal force"" OR all:""Newton-Hooke correspondence"")",18,8,2026-07-02T10:44:40.427868+0000
physics.hist-ph,"inverse square law, tangential motion, radially directed force, Newton's manuscripts, linear inertia, Hooke's work","cat:physics.hist-ph AND (all:""inverse square law"" OR all:""tangential motion"" OR all:""radially directed force"" OR all:""Newton's manuscripts"" OR all:""linear inertia"" OR all:""Hooke's work"")",18,7,2026-07-02T10:44:44.231628+0000
physics.hist-ph,"Isaac Newton, centripetal force, scientific correspondence, Robert Hooke, gravitational theory","cat:physics.hist-ph AND (all:""Isaac Newton"" OR all:""centripetal force"" OR all:""scientific correspondence"" OR all:""Robert Hooke"" OR all:""gravitational theory"")",18,18,2026-07-02T10:44:48.285818+0000
physics.hist-ph,"Giordano Bruno, Copernican concept, Copernican framework, Copernican theory, astronomical philosophy, heliocentrism","cat:physics.hist-ph AND (all:""Giordano Bruno"" OR all:""Copernican concept"" OR all:""Copernican framework"" OR all:""Copernican theory"" OR all:""astronomical philosophy"" OR all:""heliocentrism"")",18,18,2026-07-02T10:45:07.704256+0000
cond-mat.mtrl-sci,"electrical resistance, lattice vibrations, metallic conductivity, ionic impurities","cat:cond-mat.mtrl-sci AND (all:""electrical resistance"" OR all:""lattice vibrations"" OR all:""metallic conductivity"" OR all:""ionic impurities"")",13,13,2026-07-02T10:45:12.015912+0000
cond-mat.mtrl-sci,"transformation temperature, proeutectoid, microstructure, phase transformation, base metal solidification, solidification, eutectoid level","cat:cond-mat.mtrl-sci AND (all:""transformation temperature"" OR all:""proeutectoid"" OR all:""microstructure"" OR all:""phase transformation"" OR all:""base metal solidification"" OR all:""solidification"" OR all:""eutectoid level"")",13,13,2026-07-02T10:45:16.607201+0000
cond-mat.mtrl-sci,"non-crystalline alloys, electrical resistivity, coercivity, low coercivity, hysteresis loss, amorphous ferromagnetic metallic alloys, high permeability","cat:cond-mat.mtrl-sci AND (all:""non-crystalline alloys"" OR all:""electrical resistivity"" OR all:""coercivity"" OR all:""low coercivity"" OR all:""hysteresis loss"" OR all:""amorphous ferromagnetic metallic alloys"" OR all:""high permeability"")",13,13,2026-07-02T10:45:22.600526+0000
cond-mat.mtrl-sci,"shear strength, mechanical properties, metallurgy, upper critical temperature, tensile strength, grain growth","cat:cond-mat.mtrl-sci AND (all:""shear strength"" OR all:""mechanical properties"" OR all:""metallurgy"" OR all:""upper critical temperature"" OR all:""tensile strength"" OR all:""grain growth"")",13,13,2026-07-02T10:45:30.221767+0000
cond-mat.mtrl-sci,"electrical resistance, lattice vibrations, thermal vibration, metallic purity, ionic irregularities","cat:cond-mat.mtrl-sci AND (all:""electrical resistance"" OR all:""lattice vibrations"" OR all:""thermal vibration"" OR all:""metallic purity"" OR all:""ionic irregularities"")",13,13,2026-07-02T10:45:39.626017+0000
cond-mat.mtrl-sci,"high-frequency optics, high-frequency response, high-frequency refraction, optical transparency, electromagnetic absorption, dielectric loss, material transparency","cat:cond-mat.mtrl-sci AND (all:""high-frequency optics"" OR all:""high-frequency response"" OR all:""high-frequency refraction"" OR all:""optical transparency"" OR all:""electromagnetic absorption"" OR all:""dielectric loss"" OR all:""material transparency"")",13,13,2026-07-02T10:45:46.832808+0000
cond-mat.mtrl-sci,"electromagnetic absorption, high-frequency propagation, dielectric loss, material transparency","cat:cond-mat.mtrl-sci AND (all:""electromagnetic absorption"" OR all:""high-frequency propagation"" OR all:""dielectric loss"" OR all:""material transparency"")",13,13,2026-07-02T10:45:52.308763+0000
cond-mat.mtrl-sci,"crystal oscillators, piezoelectric strain coefficient, electromechanical coupling, AT-cut quartz, crystal lattice","cat:cond-mat.mtrl-sci AND (all:""crystal oscillators"" OR all:""piezoelectric strain coefficient"" OR all:""electromechanical coupling"" OR all:""AT-cut quartz"" OR all:""crystal lattice"")",13,13,2026-07-02T10:45:57.486352+0000
cond-mat.mtrl-sci,"inversion point, mirror plane, improper rotation, symmetry elements, rotation axis","cat:cond-mat.mtrl-sci AND (all:""inversion point"" OR all:""mirror plane"" OR all:""improper rotation"" OR all:""symmetry elements"" OR all:""rotation axis"")",13,13,2026-07-02T10:46:03.286619+0000
cond-mat.mtrl-sci,"three-dimensional space, crystallographic point groups, crystal systems, symmetry operations","cat:cond-mat.mtrl-sci AND (all:""three-dimensional space"" OR all:""crystallographic point groups"" OR all:""crystal systems"" OR all:""symmetry operations"")",13,13,2026-07-02T10:46:08.569645+0000
cond-mat.mtrl-sci,"NMR frequency, magnetic susceptibility, crystal susceptibility, magnetic field distortion, Evans balance","cat:cond-mat.mtrl-sci AND (all:""NMR frequency"" OR all:""magnetic susceptibility"" OR all:""crystal susceptibility"" OR all:""magnetic field distortion"" OR all:""Evans balance"")",13,13,2026-07-02T10:46:13.376477+0000
nlin.AO,"Ilya Prigogine, complexity from noise, dissipative structures, non-equilibrium thermodynamics","cat:nlin.AO AND (all:""Ilya Prigogine"" OR all:""complexity from noise"" OR all:""dissipative structures"" OR all:""non-equilibrium thermodynamics"")",100,19,2026-07-02T10:46:17.471358+0000
physics.ao-ph,"emerging organized systems, large-scale processes, emerging organized structures, aggregated feedback, time-varying multistability","cat:physics.ao-ph AND (all:""emerging organized systems"" OR all:""large-scale processes"" OR all:""emerging organized structures"" OR all:""aggregated feedback"" OR all:""time-varying multistability"")",37,6,2026-07-02T10:46:21.502841+0000
physics.ao-ph,"large-scale processes, organized frameworks, aggregated feedback, time-varying multistability, chaotic dynamics","cat:physics.ao-ph AND (all:""large-scale processes"" OR all:""organized frameworks"" OR all:""aggregated feedback"" OR all:""time-varying multistability"" OR all:""chaotic dynamics"")",37,37,2026-07-02T10:46:26.404362+0000
physics.ao-ph,"emerging organized frameworks, large-scale processes, aggregated feedback, time-varying multistability, emerging organized mechanisms","cat:physics.ao-ph AND (all:""emerging organized frameworks"" OR all:""large-scale processes"" OR all:""aggregated feedback"" OR all:""time-varying multistability"" OR all:""emerging organized mechanisms"")",37,6,2026-07-02T10:46:30.050473+0000
physics.ao-ph,"atmospheric refraction, light wavelength, spectral absorption, Rayleigh scattering","cat:physics.ao-ph AND (all:""atmospheric refraction"" OR all:""light wavelength"" OR all:""spectral absorption"" OR all:""Rayleigh scattering"")",37,18,2026-07-02T10:46:33.872325+0000
math.PR,"probability mass function, probability density function, continuous vs discrete distributions, random variables","cat:math.PR AND (all:""probability mass function"" OR all:""probability density function"" OR all:""continuous vs discrete distributions"" OR all:""random variables"")",100,100,2026-07-02T10:46:44.909071+0000
cond-mat.str-el,"magnetic fields, De Haas-Van Alphen effect, magnetization, Fermi surface, differential susceptibility","cat:cond-mat.str-el AND (all:""magnetic fields"" OR all:""De Haas-Van Alphen effect"" OR all:""magnetization"" OR all:""Fermi surface"" OR all:""differential susceptibility"")",13,13,2026-07-02T10:46:49.862938+0000
cond-mat.str-el,"quantum phenomena, magnetic field, electromagnetic phenomena, spin axis, superconductor, quantum mechanics","cat:cond-mat.str-el AND (all:""quantum phenomena"" OR all:""magnetic field"" OR all:""electromagnetic phenomena"" OR all:""spin axis"" OR all:""superconductor"" OR all:""quantum mechanics"")",13,13,2026-07-02T10:46:54.977376+0000
cond-mat.str-el,"density of states, metallic conductivity, electronic entropy, Fermi level, insulator properties","cat:cond-mat.str-el AND (all:""density of states"" OR all:""metallic conductivity"" OR all:""electronic entropy"" OR all:""Fermi level"" OR all:""insulator properties"")",13,13,2026-07-02T10:47:00.170388+0000
cond-mat.str-el,"microscopic length scales, permittivity, wavevector dependence, material parameters, spatial dispersion, continuous media","cat:cond-mat.str-el AND (all:""microscopic length scales"" OR all:""permittivity"" OR all:""wavevector dependence"" OR all:""material parameters"" OR all:""spatial dispersion"" OR all:""continuous media"")",13,13,2026-07-02T10:47:05.818350+0000
cond-mat.str-el,"density of states, solid-state physics, electronic entropy, Fermi level, insulators and metals","cat:cond-mat.str-el AND (all:""density of states"" OR all:""solid-state physics"" OR all:""electronic entropy"" OR all:""Fermi level"" OR all:""insulators and metals"")",13,13,2026-07-02T10:47:11.452493+0000
cond-mat.str-el,"physical structure, physical systems, phase transitions, symmetry breaking, order parameter","cat:cond-mat.str-el AND (all:""physical structure"" OR all:""physical systems"" OR all:""phase transitions"" OR all:""symmetry breaking"" OR all:""order parameter"")",13,13,2026-07-02T10:47:16.169065+0000
cond-mat.str-el,"physical framework, physical mechanisms, phase transitions, symmetry breaking, order parameter","cat:cond-mat.str-el AND (all:""physical framework"" OR all:""physical mechanisms"" OR all:""phase transitions"" OR all:""symmetry breaking"" OR all:""order parameter"")",13,13,2026-07-02T10:47:21.454383+0000
cond-mat.str-el,"magnetic field oscillations, AC permeability, De Haas-Van Alphen effect, Fermi surface, differential susceptibility","cat:cond-mat.str-el AND (all:""magnetic field oscillations"" OR all:""AC permeability"" OR all:""De Haas-Van Alphen effect"" OR all:""Fermi surface"" OR all:""differential susceptibility"")",13,13,2026-07-02T10:47:26.920023+0000
cond-mat.str-el,"collective field, electromagnetic gauge symmetry, superconductors, order parameter","cat:cond-mat.str-el AND (all:""collective field"" OR all:""electromagnetic gauge symmetry"" OR all:""superconductors"" OR all:""order parameter"")",13,13,2026-07-02T10:47:32.099194+0000
cond-mat.str-el,"magnetization dynamics, precessional motion, Landau-Lifshitz-Gilbert equation, ferromagnetic materials, micromagnetics","cat:cond-mat.str-el AND (all:""magnetization dynamics"" OR all:""precessional motion"" OR all:""Landau-Lifshitz-Gilbert equation"" OR all:""ferromagnetic materials"" OR all:""micromagnetics"")",13,13,2026-07-02T10:47:37.504727+0000
cond-mat.str-el,"magnetic dipoles, paramagnetism, unpaired electrons, thermal agitation, magnetic moments, dipole interaction, permanent moment, angular momentum","cat:cond-mat.str-el AND (all:""magnetic dipoles"" OR all:""paramagnetism"" OR all:""unpaired electrons"" OR all:""thermal agitation"" OR all:""magnetic moments"" OR all:""dipole interaction"" OR all:""permanent moment"" OR all:""angular momentum"")",13,13,2026-07-02T10:47:42.925228+0000
astro-ph.GA,"molecular clouds, internal pressure, stellar formation, interstellar medium, gravitational collapse","cat:astro-ph.GA AND (all:""molecular clouds"" OR all:""internal pressure"" OR all:""stellar formation"" OR all:""interstellar medium"" OR all:""gravitational collapse"")",7,7,2026-07-02T10:47:48.490074+0000
astro-ph.GA,"energy shifts, radiation field, blueshifting, redshifting, light-matter interactions","cat:astro-ph.GA AND (all:""energy shifts"" OR all:""radiation field"" OR all:""blueshifting"" OR all:""redshifting"" OR all:""light-matter interactions"")",7,7,2026-07-02T10:47:54.163821+0000
astro-ph.GA,"cosmic rays, galactic gas, ionic and molecular matter, interstellar medium","cat:astro-ph.GA AND (all:""cosmic rays"" OR all:""galactic gas"" OR all:""ionic and molecular matter"" OR all:""interstellar medium"")",7,7,2026-07-02T10:47:58.743300+0000
astro-ph.GA,"Crab pulsar, neutron star model, compact objects, pulsar astronomy, stellar evolution, rotating neutron star","cat:astro-ph.GA AND (all:""Crab pulsar"" OR all:""neutron star model"" OR all:""compact objects"" OR all:""pulsar astronomy"" OR all:""stellar evolution"" OR all:""rotating neutron star"")",7,7,2026-07-02T10:48:03.951655+0000
astro-ph.GA,"ionic gas, galactic matter, cosmic rays, galactic framework, interstellar medium","cat:astro-ph.GA AND (all:""ionic gas"" OR all:""galactic matter"" OR all:""cosmic rays"" OR all:""galactic framework"" OR all:""interstellar medium"")",7,7,2026-07-02T10:48:09.054497+0000
astro-ph.GA,"stellar velocity, Doppler effect, redshift, observational astronomy, astronomical observation","cat:astro-ph.GA AND (all:""stellar velocity"" OR all:""Doppler effect"" OR all:""redshift"" OR all:""observational astronomy"" OR all:""astronomical observation"")",7,7,2026-07-02T10:48:13.730657+0000
astro-ph.GA,"astronomical measurements, stellar magnitude, apparent brightness, astronomical measurement, logarithmic scale","cat:astro-ph.GA AND (all:""astronomical measurements"" OR all:""stellar magnitude"" OR all:""apparent brightness"" OR all:""astronomical measurement"" OR all:""logarithmic scale"")",7,7,2026-07-02T10:48:18.785872+0000
astro-ph.GA,"light travel time, celestial observation, orbital mechanics, light-travel time, planetary motion","cat:astro-ph.GA AND (all:""light travel time"" OR all:""celestial observation"" OR all:""orbital mechanics"" OR all:""light-travel time"" OR all:""planetary motion"")",7,7,2026-07-02T10:48:23.411117+0000
astro-ph.GA,"astronomical distance, astronomical measurements, stellar metallicity, stellar composition, Kapteyn's star","cat:astro-ph.GA AND (all:""astronomical distance"" OR all:""astronomical measurements"" OR all:""stellar metallicity"" OR all:""stellar composition"" OR all:""Kapteyn's star"")",7,7,2026-07-02T10:48:28.085833+0000
astro-ph.GA,"spectral analysis, ultraviolet absorption, interstellar medium, atomic hydrogen, Lyman-alpha transition","cat:astro-ph.GA AND (all:""spectral analysis"" OR all:""ultraviolet absorption"" OR all:""interstellar medium"" OR all:""atomic hydrogen"" OR all:""Lyman-alpha transition"")",7,7,2026-07-02T10:48:33.091324+0000
astro-ph.GA,"Preon stars, WIMPs, MACHOs, axions, cold dark matter","cat:astro-ph.GA AND (all:""Preon stars"" OR all:""WIMPs"" OR all:""MACHOs"" OR all:""axions"" OR all:""cold dark matter"")",7,7,2026-07-02T10:48:38.936756+0000
astro-ph.GA,"Penrose process, black hole dynamics, rotational energy, ergosphere","cat:astro-ph.GA AND (all:""Penrose process"" OR all:""black hole dynamics"" OR all:""rotational energy"" OR all:""ergosphere"")",7,7,2026-07-02T10:48:43.574348+0000
astro-ph.GA,"hydrostatic equilibrium, molecular clouds, stellar formation, gravitational collapse","cat:astro-ph.GA AND (all:""hydrostatic equilibrium"" OR all:""molecular clouds"" OR all:""stellar formation"" OR all:""gravitational collapse"")",7,7,2026-07-02T10:48:47.953011+0000
astro-ph.GA,"galactic dynamics, dark matter, Modified Newtonian Dynamics, general relativity, universal gravitation","cat:astro-ph.GA AND (all:""galactic dynamics"" OR all:""dark matter"" OR all:""Modified Newtonian Dynamics"" OR all:""general relativity"" OR all:""universal gravitation"")",7,7,2026-07-02T10:48:52.744252+0000
astro-ph.GA,"stellar evolution, stellar composition, metallicity, Kapteyn's star, solar abundance","cat:astro-ph.GA AND (all:""stellar evolution"" OR all:""stellar composition"" OR all:""metallicity"" OR all:""Kapteyn's star"" OR all:""solar abundance"")",7,7,2026-07-02T10:48:58.401459+0000
astro-ph.GA,"LIGO, parallel analysis, gravitational waves, binary black holes, Einstein@Home, distributed computing","cat:astro-ph.GA AND (all:""LIGO"" OR all:""parallel analysis"" OR all:""gravitational waves"" OR all:""binary black holes"" OR all:""Einstein@Home"" OR all:""distributed computing"")",7,7,2026-07-02T10:49:04.067691+0000
astro-ph.GA,"synchrotron emission, supernova remnants, high-velocity electrons, ionized gas, non-thermal emission, magnetic fields","cat:astro-ph.GA AND (all:""synchrotron emission"" OR all:""supernova remnants"" OR all:""high-velocity electrons"" OR all:""ionized gas"" OR all:""non-thermal emission"" OR all:""magnetic fields"")",7,7,2026-07-02T10:49:09.233228+0000
astro-ph.GA,"organic molecules, Stardust mission, molecular ices, interstellar ices, cometary chemistry, interstellar chemistry","cat:astro-ph.GA AND (all:""organic molecules"" OR all:""Stardust mission"" OR all:""molecular ices"" OR all:""interstellar ices"" OR all:""cometary chemistry"" OR all:""interstellar chemistry"")",7,7,2026-07-02T10:49:14.186034+0000
astro-ph.GA,"galactic morphology, surface brightness, isophotal diameter, observational astronomy","cat:astro-ph.GA AND (all:""galactic morphology"" OR all:""surface brightness"" OR all:""isophotal diameter"" OR all:""observational astronomy"")",7,7,2026-07-02T10:49:18.604123+0000
astro-ph.GA,"observational cosmology, apparent surface brightness, galactic morphology, isophotal diameter, observational astronomy","cat:astro-ph.GA AND (all:""observational cosmology"" OR all:""apparent surface brightness"" OR all:""galactic morphology"" OR all:""isophotal diameter"" OR all:""observational astronomy"")",7,7,2026-07-02T10:49:23.434618+0000
math.DG,"degrees of freedom, mathematical dimension, intrinsic property, coordinate systems, extrinsic property","cat:math.DG AND (all:""degrees of freedom"" OR all:""mathematical dimension"" OR all:""intrinsic property"" OR all:""coordinate systems"" OR all:""extrinsic property"")",50,50,2026-07-02T10:49:27.886458+0000
math.DG,"degrees of freedom, mathematical dimension, independent parameters, spatial embedding, extrinsic property","cat:math.DG AND (all:""degrees of freedom"" OR all:""mathematical dimension"" OR all:""independent parameters"" OR all:""spatial embedding"" OR all:""extrinsic property"")",50,50,2026-07-02T10:49:32.420306+0000
math.DG,"geometric shapes, regular polytope, geometric symmetry, symmetry group, flag-transitivity","cat:math.DG AND (all:""geometric shapes"" OR all:""regular polytope"" OR all:""geometric symmetry"" OR all:""symmetry group"" OR all:""flag-transitivity"")",50,50,2026-07-02T10:49:37.641261+0000
astro-ph.HE,"molecular clouds, internal pressure, stellar formation, interstellar medium, gravitational collapse","cat:astro-ph.HE AND (all:""molecular clouds"" OR all:""internal pressure"" OR all:""stellar formation"" OR all:""interstellar medium"" OR all:""gravitational collapse"")",7,7,2026-07-02T10:49:42.820531+0000
astro-ph.HE,"energy shifts, radiation field, blueshifting, redshifting, light-matter interactions","cat:astro-ph.HE AND (all:""energy shifts"" OR all:""radiation field"" OR all:""blueshifting"" OR all:""redshifting"" OR all:""light-matter interactions"")",7,7,2026-07-02T10:49:47.828138+0000
astro-ph.HE,"cosmic rays, galactic gas, ionic and molecular matter, interstellar medium","cat:astro-ph.HE AND (all:""cosmic rays"" OR all:""galactic gas"" OR all:""ionic and molecular matter"" OR all:""interstellar medium"")",7,7,2026-07-02T10:49:52.818497+0000
astro-ph.HE,"celestial mechanics, Roche limit, tidal forces, gravitational disintegration, orbital mechanics, orbital dynamics","cat:astro-ph.HE AND (all:""celestial mechanics"" OR all:""Roche limit"" OR all:""tidal forces"" OR all:""gravitational disintegration"" OR all:""orbital mechanics"" OR all:""orbital dynamics"")",7,7,2026-07-02T10:49:57.285640+0000
astro-ph.HE,"Crab pulsar, neutron star model, compact objects, pulsar astronomy, stellar evolution, rotating neutron star","cat:astro-ph.HE AND (all:""Crab pulsar"" OR all:""neutron star model"" OR all:""compact objects"" OR all:""pulsar astronomy"" OR all:""stellar evolution"" OR all:""rotating neutron star"")",7,7,2026-07-02T10:50:01.927158+0000
astro-ph.HE,"ionic gas, galactic matter, cosmic rays, galactic framework, interstellar medium","cat:astro-ph.HE AND (all:""ionic gas"" OR all:""galactic matter"" OR all:""cosmic rays"" OR all:""galactic framework"" OR all:""interstellar medium"")",7,7,2026-07-02T10:50:06.651883+0000
astro-ph.HE,"stellar velocity, Doppler effect, redshift, observational astronomy, astronomical observation","cat:astro-ph.HE AND (all:""stellar velocity"" OR all:""Doppler effect"" OR all:""redshift"" OR all:""observational astronomy"" OR all:""astronomical observation"")",7,7,2026-07-02T10:50:12.210033+0000
astro-ph.HE,"astronomical measurements, stellar magnitude, apparent brightness, astronomical measurement, logarithmic scale","cat:astro-ph.HE AND (all:""astronomical measurements"" OR all:""stellar magnitude"" OR all:""apparent brightness"" OR all:""astronomical measurement"" OR all:""logarithmic scale"")",7,7,2026-07-02T10:50:16.360311+0000
astro-ph.HE,"Modified Newtonian Dynamics, baryonic mass, velocity dispersions, galaxy clusters","cat:astro-ph.HE AND (all:""Modified Newtonian Dynamics"" OR all:""baryonic mass"" OR all:""velocity dispersions"" OR all:""galaxy clusters"")",7,7,2026-07-02T10:50:20.825861+0000
astro-ph.HE,"light travel time, celestial observation, orbital mechanics, light-travel time, planetary motion","cat:astro-ph.HE AND (all:""light travel time"" OR all:""celestial observation"" OR all:""orbital mechanics"" OR all:""light-travel time"" OR all:""planetary motion"")",7,7,2026-07-02T10:50:25.734710+0000
astro-ph.HE,"ionic gas, cosmic rays, interstellar medium, galactic structures, intergalactic space","cat:astro-ph.HE AND (all:""ionic gas"" OR all:""cosmic rays"" OR all:""interstellar medium"" OR all:""galactic structures"" OR all:""intergalactic space"")",7,7,2026-07-02T10:50:30.648299+0000
astro-ph.HE,"Preon stars, WIMPs, MACHOs, axions, cold dark matter","cat:astro-ph.HE AND (all:""Preon stars"" OR all:""WIMPs"" OR all:""MACHOs"" OR all:""axions"" OR all:""cold dark matter"")",7,7,2026-07-02T10:50:35.292828+0000
astro-ph.HE,"Penrose process, black hole dynamics, rotational energy, ergosphere","cat:astro-ph.HE AND (all:""Penrose process"" OR all:""black hole dynamics"" OR all:""rotational energy"" OR all:""ergosphere"")",7,7,2026-07-02T10:50:40.249267+0000
astro-ph.HE,"hydrostatic equilibrium, molecular clouds, stellar formation, gravitational collapse","cat:astro-ph.HE AND (all:""hydrostatic equilibrium"" OR all:""molecular clouds"" OR all:""stellar formation"" OR all:""gravitational collapse"")",7,7,2026-07-02T10:50:45.009176+0000
astro-ph.HE,"stellar evolution, stellar composition, metallicity, Kapteyn's star, solar abundance","cat:astro-ph.HE AND (all:""stellar evolution"" OR all:""stellar composition"" OR all:""metallicity"" OR all:""Kapteyn's star"" OR all:""solar abundance"")",7,7,2026-07-02T10:50:49.827816+0000
astro-ph.HE,"supermassive black hole, solar mass, Sagittarius A*, stellar orbits, orbital mechanics, solar masses","cat:astro-ph.HE AND (all:""supermassive black hole"" OR all:""solar mass"" OR all:""Sagittarius A*"" OR all:""stellar orbits"" OR all:""orbital mechanics"" OR all:""solar masses"")",7,7,2026-07-02T10:50:56.976879+0000
astro-ph.HE,"LIGO, parallel analysis, gravitational waves, binary black holes, Einstein@Home, distributed computing","cat:astro-ph.HE AND (all:""LIGO"" OR all:""parallel analysis"" OR all:""gravitational waves"" OR all:""binary black holes"" OR all:""Einstein@Home"" OR all:""distributed computing"")",7,7,2026-07-02T10:51:11.296912+0000
astro-ph.HE,"synchrotron emission, supernova remnants, high-velocity electrons, ionized gas, non-thermal emission, magnetic fields","cat:astro-ph.HE AND (all:""synchrotron emission"" OR all:""supernova remnants"" OR all:""high-velocity electrons"" OR all:""ionized gas"" OR all:""non-thermal emission"" OR all:""magnetic fields"")",7,7,2026-07-02T10:51:16.956085+0000
astro-ph.HE,"stellar luminosity, Hertzsprung-Russell diagram, stellar evolution, dwarf stars, main sequence","cat:astro-ph.HE AND (all:""stellar luminosity"" OR all:""Hertzsprung-Russell diagram"" OR all:""stellar evolution"" OR all:""dwarf stars"" OR all:""main sequence"")",7,7,2026-07-02T10:51:24.901472+0000
astro-ph.HE,"substellar mass, Class L dwarfs, metal hydrides, hydrogen fusion, brown dwarfs","cat:astro-ph.HE AND (all:""substellar mass"" OR all:""Class L dwarfs"" OR all:""metal hydrides"" OR all:""hydrogen fusion"" OR all:""brown dwarfs"")",7,7,2026-07-02T10:51:30.360616+0000
cond-mat.supr-con,"magnetic fields, De Haas-Van Alphen effect, magnetization, Fermi surface, differential susceptibility","cat:cond-mat.supr-con AND (all:""magnetic fields"" OR all:""De Haas-Van Alphen effect"" OR all:""magnetization"" OR all:""Fermi surface"" OR all:""differential susceptibility"")",16,16,2026-07-02T10:51:37.245898+0000
cond-mat.supr-con,"quantum phenomena, magnetic field, electromagnetic phenomena, spin axis, superconductor, quantum mechanics","cat:cond-mat.supr-con AND (all:""quantum phenomena"" OR all:""magnetic field"" OR all:""electromagnetic phenomena"" OR all:""spin axis"" OR all:""superconductor"" OR all:""quantum mechanics"")",16,16,2026-07-02T10:51:42.774227+0000
cond-mat.supr-con,"density of states, metallic conductivity, electronic entropy, Fermi level, insulator properties","cat:cond-mat.supr-con AND (all:""density of states"" OR all:""metallic conductivity"" OR all:""electronic entropy"" OR all:""Fermi level"" OR all:""insulator properties"")",16,16,2026-07-02T10:51:49.955469+0000
cond-mat.supr-con,"microscopic length scales, permittivity, wavevector dependence, material parameters, spatial dispersion, continuous media","cat:cond-mat.supr-con AND (all:""microscopic length scales"" OR all:""permittivity"" OR all:""wavevector dependence"" OR all:""material parameters"" OR all:""spatial dispersion"" OR all:""continuous media"")",16,16,2026-07-02T10:51:55.942472+0000
cond-mat.supr-con,"density of states, solid-state physics, electronic entropy, Fermi level, insulators and metals","cat:cond-mat.supr-con AND (all:""density of states"" OR all:""solid-state physics"" OR all:""electronic entropy"" OR all:""Fermi level"" OR all:""insulators and metals"")",16,16,2026-07-02T10:52:02.144121+0000
cond-mat.supr-con,"physical structure, physical systems, phase transitions, symmetry breaking, order parameter","cat:cond-mat.supr-con AND (all:""physical structure"" OR all:""physical systems"" OR all:""phase transitions"" OR all:""symmetry breaking"" OR all:""order parameter"")",16,16,2026-07-02T10:52:07.886638+0000
cond-mat.supr-con,"physical framework, physical mechanisms, phase transitions, symmetry breaking, order parameter","cat:cond-mat.supr-con AND (all:""physical framework"" OR all:""physical mechanisms"" OR all:""phase transitions"" OR all:""symmetry breaking"" OR all:""order parameter"")",16,16,2026-07-02T10:52:13.511825+0000
cond-mat.supr-con,"magnetic field oscillations, AC permeability, De Haas-Van Alphen effect, Fermi surface, differential susceptibility","cat:cond-mat.supr-con AND (all:""magnetic field oscillations"" OR all:""AC permeability"" OR all:""De Haas-Van Alphen effect"" OR all:""Fermi surface"" OR all:""differential susceptibility"")",16,16,2026-07-02T10:52:20.053709+0000
cond-mat.supr-con,"collective field, electromagnetic gauge symmetry, superconductors, order parameter","cat:cond-mat.supr-con AND (all:""collective field"" OR all:""electromagnetic gauge symmetry"" OR all:""superconductors"" OR all:""order parameter"")",16,16,2026-07-02T10:52:25.771550+0000
cond-mat.stat-mech,"heat transfer, forced convection, density displacement, buoyancy-driven flow, fluid dynamics, natural convection","cat:cond-mat.stat-mech AND (all:""heat transfer"" OR all:""forced convection"" OR all:""density displacement"" OR all:""buoyancy-driven flow"" OR all:""fluid dynamics"" OR all:""natural convection"")",8,8,2026-07-02T10:52:31.900075+0000
cond-mat.stat-mech,"internal state, thermodynamic operation, inhomogeneous physical structure, equilibrium dynamics, substructures","cat:cond-mat.stat-mech AND (all:""internal state"" OR all:""thermodynamic operation"" OR all:""inhomogeneous physical structure"" OR all:""equilibrium dynamics"" OR all:""substructures"")",8,8,2026-07-02T10:52:38.850841+0000
cond-mat.stat-mech,"internal state, thermodynamic operation, inhomogeneous physical system, subsystem isolation","cat:cond-mat.stat-mech AND (all:""internal state"" OR all:""thermodynamic operation"" OR all:""inhomogeneous physical system"" OR all:""subsystem isolation"")",8,8,2026-07-02T10:52:45.389648+0000
cond-mat.stat-mech,"isolated system, inhomogeneous physical framework, internal state, thermodynamic operation, subframeworks","cat:cond-mat.stat-mech AND (all:""isolated system"" OR all:""inhomogeneous physical framework"" OR all:""internal state"" OR all:""thermodynamic operation"" OR all:""subframeworks"")",8,8,2026-07-02T10:52:51.206090+0000
cond-mat.stat-mech,"grey bodies, emissivity, Stefan-Boltzmann law, radiative behavior, black-body radiation","cat:cond-mat.stat-mech AND (all:""grey bodies"" OR all:""emissivity"" OR all:""Stefan-Boltzmann law"" OR all:""radiative behavior"" OR all:""black-body radiation"")",8,8,2026-07-02T10:52:57.343806+0000
cond-mat.stat-mech,"internal state, thermodynamic operation, inhomogeneous physical framework, substructure equilibrium","cat:cond-mat.stat-mech AND (all:""internal state"" OR all:""thermodynamic operation"" OR all:""inhomogeneous physical framework"" OR all:""substructure equilibrium"")",8,8,2026-07-02T10:53:02.895620+0000
cond-mat.stat-mech,"pressure drop, adiabatic flow, refrigeration cycle, fluid dynamics, throttling process, flow resistance","cat:cond-mat.stat-mech AND (all:""pressure drop"" OR all:""adiabatic flow"" OR all:""refrigeration cycle"" OR all:""fluid dynamics"" OR all:""throttling process"" OR all:""flow resistance"")",8,8,2026-07-02T10:53:08.212307+0000
cond-mat.stat-mech,"quasi-static process, thermal reservoirs, Carnot engine, heat engine efficiency","cat:cond-mat.stat-mech AND (all:""quasi-static process"" OR all:""thermal reservoirs"" OR all:""Carnot engine"" OR all:""heat engine efficiency"")",8,8,2026-07-02T10:53:12.848404+0000
cond-mat.stat-mech,"heat transfer, surface properties, radiative heat transfer, emissivity, thermal radiation","cat:cond-mat.stat-mech AND (all:""heat transfer"" OR all:""surface properties"" OR all:""radiative heat transfer"" OR all:""emissivity"" OR all:""thermal radiation"")",8,8,2026-07-02T10:53:18.003539+0000
cond-mat.stat-mech,"surface phenomena, non-volatile materials, particle dynamics, reactive Leidenfrost effect","cat:cond-mat.stat-mech AND (all:""surface phenomena"" OR all:""non-volatile materials"" OR all:""particle dynamics"" OR all:""reactive Leidenfrost effect"")",8,8,2026-07-02T10:53:22.680982+0000
cond-mat.stat-mech,"isolated system, submechanisms, inhomogeneous physical mechanism, internal state, thermodynamic operation","cat:cond-mat.stat-mech AND (all:""isolated system"" OR all:""submechanisms"" OR all:""inhomogeneous physical mechanism"" OR all:""internal state"" OR all:""thermodynamic operation"")",8,8,2026-07-02T10:53:27.928242+0000
cond-mat.stat-mech,"isolated systems, submechanisms, inhomogeneous physical mechanism, inhomogeneous physical framework, internal state, thermodynamic operation, substructures","cat:cond-mat.stat-mech AND (all:""isolated systems"" OR all:""submechanisms"" OR all:""inhomogeneous physical mechanism"" OR all:""inhomogeneous physical framework"" OR all:""internal state"" OR all:""thermodynamic operation"" OR all:""substructures"")",8,8,2026-07-02T10:53:33.009302+0000
cond-mat.stat-mech,"statistical mechanics, kinetic theory, entropy, Maxwell's Demon, second law of thermodynamics","cat:cond-mat.stat-mech AND (all:""statistical mechanics"" OR all:""kinetic theory"" OR all:""entropy"" OR all:""Maxwell's Demon"" OR all:""second law of thermodynamics"")",8,8,2026-07-02T10:53:38.045264+0000
cond-mat.stat-mech,"cyclic process, internal energy, heat energy interconversions, second law of thermodynamics, conservation of energy","cat:cond-mat.stat-mech AND (all:""cyclic process"" OR all:""internal energy"" OR all:""heat energy interconversions"" OR all:""second law of thermodynamics"" OR all:""conservation of energy"")",8,8,2026-07-02T10:53:43.301140+0000
cond-mat.stat-mech,"dynamic scaling, time-dependent snapshots, time-dependent frameworks, time-dependent evolution, stochastic variables, self-similar mechanisms","cat:cond-mat.stat-mech AND (all:""dynamic scaling"" OR all:""time-dependent snapshots"" OR all:""time-dependent frameworks"" OR all:""time-dependent evolution"" OR all:""stochastic variables"" OR all:""self-similar mechanisms"")",8,8,2026-07-02T10:53:48.314488+0000
cond-mat.stat-mech,"dynamic scaling, stochastic variables, time-dependent evolution, self-similar systems","cat:cond-mat.stat-mech AND (all:""dynamic scaling"" OR all:""stochastic variables"" OR all:""time-dependent evolution"" OR all:""self-similar systems"")",8,8,2026-07-02T10:53:54.308254+0000
cond-mat.stat-mech,"dynamic scaling, time-dependent evolution, self-similar structures, stochastic variables, self-similar frameworks","cat:cond-mat.stat-mech AND (all:""dynamic scaling"" OR all:""time-dependent evolution"" OR all:""self-similar structures"" OR all:""stochastic variables"" OR all:""self-similar frameworks"")",8,8,2026-07-02T10:53:59.458236+0000
hep-ph,"early universe, baryogenesis, matter asymmetry, quark-antiquark pairs","cat:hep-ph AND (all:""early universe"" OR all:""baryogenesis"" OR all:""matter asymmetry"" OR all:""quark-antiquark pairs"")",16,16,2026-07-02T10:54:04.177116+0000
hep-ph,"quarks, antiquarks, particle density, quantum chromodynamics, chemical potential","cat:hep-ph AND (all:""quarks"" OR all:""antiquarks"" OR all:""particle density"" OR all:""quantum chromodynamics"" OR all:""chemical potential"")",16,16,2026-07-02T10:54:10.809236+0000
hep-ph,"early universe, baryogenesis, quark-antiquark pairs, matter-antimatter asymmetry, baryon asymmetry","cat:hep-ph AND (all:""early universe"" OR all:""baryogenesis"" OR all:""quark-antiquark pairs"" OR all:""matter-antimatter asymmetry"" OR all:""baryon asymmetry"")",16,16,2026-07-02T10:54:16.780747+0000
hep-ph,"mass generation, elementary particles, Higgs boson, gauge bosons, Standard Model","cat:hep-ph AND (all:""mass generation"" OR all:""elementary particles"" OR all:""Higgs boson"" OR all:""gauge bosons"" OR all:""Standard Model"")",16,16,2026-07-02T10:54:24.577803+0000
hep-ph,"proximity-focusing, photon detector plane, Cherenkov radiation, Cherenkov emission, RICH detector","cat:hep-ph AND (all:""proximity-focusing"" OR all:""photon detector plane"" OR all:""Cherenkov radiation"" OR all:""Cherenkov emission"" OR all:""RICH detector"")",16,16,2026-07-02T10:54:30.754830+0000
hep-ph,"magnetic monopole, electromagnetism, elementary particle, isolated magnetic pole","cat:hep-ph AND (all:""magnetic monopole"" OR all:""electromagnetism"" OR all:""elementary particle"" OR all:""isolated magnetic pole"")",16,16,2026-07-02T10:54:36.402667+0000
hep-ph,"CP symmetry, weak interactions, Nobel Prize physics, Kobayashi-Maskawa matrix, Standard Model","cat:hep-ph AND (all:""CP symmetry"" OR all:""weak interactions"" OR all:""Nobel Prize physics"" OR all:""Kobayashi-Maskawa matrix"" OR all:""Standard Model"")",16,16,2026-07-02T10:54:43.589519+0000
hep-ph,"noble liquid detectors, interaction cross section, dark matter experiments, dark matter detection, scintillation, cryogenic detectors","cat:hep-ph AND (all:""noble liquid detectors"" OR all:""interaction cross section"" OR all:""dark matter experiments"" OR all:""dark matter detection"" OR all:""scintillation"" OR all:""cryogenic detectors"")",16,16,2026-07-02T10:54:50.299812+0000
hep-ph,"baryon structure, color charges, quark-diquark models, effective supersymmetry","cat:hep-ph AND (all:""baryon structure"" OR all:""color charges"" OR all:""quark-diquark models"" OR all:""effective supersymmetry"")",16,16,2026-07-02T10:54:55.716254+0000
astro-ph.SR,"molecular clouds, internal pressure, stellar formation, interstellar medium, gravitational collapse","cat:astro-ph.SR AND (all:""molecular clouds"" OR all:""internal pressure"" OR all:""stellar formation"" OR all:""interstellar medium"" OR all:""gravitational collapse"")",7,7,2026-07-02T10:55:01.621968+0000
astro-ph.SR,"energy shifts, radiation field, blueshifting, redshifting, light-matter interactions","cat:astro-ph.SR AND (all:""energy shifts"" OR all:""radiation field"" OR all:""blueshifting"" OR all:""redshifting"" OR all:""light-matter interactions"")",7,7,2026-07-02T10:55:06.805668+0000
astro-ph.SR,"cosmic rays, galactic gas, ionic and molecular matter, interstellar medium","cat:astro-ph.SR AND (all:""cosmic rays"" OR all:""galactic gas"" OR all:""ionic and molecular matter"" OR all:""interstellar medium"")",7,7,2026-07-02T10:55:12.449026+0000
astro-ph.SR,"celestial mechanics, Roche limit, tidal forces, gravitational disintegration, orbital mechanics, orbital dynamics","cat:astro-ph.SR AND (all:""celestial mechanics"" OR all:""Roche limit"" OR all:""tidal forces"" OR all:""gravitational disintegration"" OR all:""orbital mechanics"" OR all:""orbital dynamics"")",7,7,2026-07-02T10:55:16.950328+0000
astro-ph.SR,"Crab pulsar, neutron star model, compact objects, pulsar astronomy, stellar evolution, rotating neutron star","cat:astro-ph.SR AND (all:""Crab pulsar"" OR all:""neutron star model"" OR all:""compact objects"" OR all:""pulsar astronomy"" OR all:""stellar evolution"" OR all:""rotating neutron star"")",7,7,2026-07-02T10:55:21.949036+0000
astro-ph.SR,"ionic gas, galactic matter, cosmic rays, galactic framework, interstellar medium","cat:astro-ph.SR AND (all:""ionic gas"" OR all:""galactic matter"" OR all:""cosmic rays"" OR all:""galactic framework"" OR all:""interstellar medium"")",7,7,2026-07-02T10:55:26.459619+0000
astro-ph.SR,"stellar velocity, Doppler effect, redshift, observational astronomy, astronomical observation","cat:astro-ph.SR AND (all:""stellar velocity"" OR all:""Doppler effect"" OR all:""redshift"" OR all:""observational astronomy"" OR all:""astronomical observation"")",7,7,2026-07-02T10:55:32.841288+0000
astro-ph.SR,"astronomical measurements, stellar magnitude, apparent brightness, astronomical measurement, logarithmic scale","cat:astro-ph.SR AND (all:""astronomical measurements"" OR all:""stellar magnitude"" OR all:""apparent brightness"" OR all:""astronomical measurement"" OR all:""logarithmic scale"")",7,7,2026-07-02T10:55:40.258117+0000
astro-ph.SR,"Modified Newtonian Dynamics, baryonic mass, velocity dispersions, galaxy clusters","cat:astro-ph.SR AND (all:""Modified Newtonian Dynamics"" OR all:""baryonic mass"" OR all:""velocity dispersions"" OR all:""galaxy clusters"")",7,7,2026-07-02T10:55:45.769523+0000
astro-ph.SR,"light travel time, celestial observation, orbital mechanics, light-travel time, planetary motion","cat:astro-ph.SR AND (all:""light travel time"" OR all:""celestial observation"" OR all:""orbital mechanics"" OR all:""light-travel time"" OR all:""planetary motion"")",7,7,2026-07-02T10:55:50.669957+0000
astro-ph.SR,"ionic gas, cosmic rays, interstellar medium, galactic structures, intergalactic space","cat:astro-ph.SR AND (all:""ionic gas"" OR all:""cosmic rays"" OR all:""interstellar medium"" OR all:""galactic structures"" OR all:""intergalactic space"")",7,7,2026-07-02T10:55:55.856451+0000
astro-ph.SR,"Preon stars, WIMPs, MACHOs, axions, cold dark matter","cat:astro-ph.SR AND (all:""Preon stars"" OR all:""WIMPs"" OR all:""MACHOs"" OR all:""axions"" OR all:""cold dark matter"")",7,7,2026-07-02T10:56:00.550783+0000
astro-ph.SR,"Penrose process, black hole dynamics, rotational energy, ergosphere","cat:astro-ph.SR AND (all:""Penrose process"" OR all:""black hole dynamics"" OR all:""rotational energy"" OR all:""ergosphere"")",7,7,2026-07-02T10:56:06.584501+0000
astro-ph.SR,"hydrostatic equilibrium, molecular clouds, stellar formation, gravitational collapse","cat:astro-ph.SR AND (all:""hydrostatic equilibrium"" OR all:""molecular clouds"" OR all:""stellar formation"" OR all:""gravitational collapse"")",7,7,2026-07-02T10:56:11.407552+0000
astro-ph.SR,"stellar evolution, stellar composition, metallicity, Kapteyn's star, solar abundance","cat:astro-ph.SR AND (all:""stellar evolution"" OR all:""stellar composition"" OR all:""metallicity"" OR all:""Kapteyn's star"" OR all:""solar abundance"")",7,7,2026-07-02T10:56:17.171676+0000
astro-ph.SR,"supermassive black hole, solar mass, Sagittarius A*, stellar orbits, orbital mechanics, solar masses","cat:astro-ph.SR AND (all:""supermassive black hole"" OR all:""solar mass"" OR all:""Sagittarius A*"" OR all:""stellar orbits"" OR all:""orbital mechanics"" OR all:""solar masses"")",7,7,2026-07-02T10:56:22.777951+0000
astro-ph.SR,"LIGO, parallel analysis, gravitational waves, binary black holes, Einstein@Home, distributed computing","cat:astro-ph.SR AND (all:""LIGO"" OR all:""parallel analysis"" OR all:""gravitational waves"" OR all:""binary black holes"" OR all:""Einstein@Home"" OR all:""distributed computing"")",7,7,2026-07-02T10:56:28.605728+0000
astro-ph.SR,"synchrotron emission, supernova remnants, high-velocity electrons, ionized gas, non-thermal emission, magnetic fields","cat:astro-ph.SR AND (all:""synchrotron emission"" OR all:""supernova remnants"" OR all:""high-velocity electrons"" OR all:""ionized gas"" OR all:""non-thermal emission"" OR all:""magnetic fields"")",7,7,2026-07-02T10:56:33.218982+0000
astro-ph.SR,"stellar luminosity, Hertzsprung-Russell diagram, stellar evolution, dwarf stars, main sequence","cat:astro-ph.SR AND (all:""stellar luminosity"" OR all:""Hertzsprung-Russell diagram"" OR all:""stellar evolution"" OR all:""dwarf stars"" OR all:""main sequence"")",7,7,2026-07-02T10:56:37.889045+0000
astro-ph.SR,"substellar mass, Class L dwarfs, metal hydrides, hydrogen fusion, brown dwarfs","cat:astro-ph.SR AND (all:""substellar mass"" OR all:""Class L dwarfs"" OR all:""metal hydrides"" OR all:""hydrogen fusion"" OR all:""brown dwarfs"")",7,7,2026-07-02T10:56:42.995804+0000
quant-ph,"wave function, Hilbert space, quantum framework, complex vector space, quantum state vector","cat:quant-ph AND (all:""wave function"" OR all:""Hilbert space"" OR all:""quantum framework"" OR all:""complex vector space"" OR all:""quantum state vector"")",7,7,2026-07-02T10:56:49.404482+0000
quant-ph,"quantum mechanical structure, Hilbert space, quantum mechanics, complex vector space, state vector","cat:quant-ph AND (all:""quantum mechanical structure"" OR all:""Hilbert space"" OR all:""quantum mechanics"" OR all:""complex vector space"" OR all:""state vector"")",7,7,2026-07-02T10:56:54.122255+0000
quant-ph,"Hamiltonians, partner Hamiltonians, energy spectra, eigenstates, supersymmetric quantum mechanics","cat:quant-ph AND (all:""Hamiltonians"" OR all:""partner Hamiltonians"" OR all:""energy spectra"" OR all:""eigenstates"" OR all:""supersymmetric quantum mechanics"")",7,7,2026-07-02T10:56:58.537031+0000
quant-ph,"noble gas, wave framework, Ramsauer-Townsend effect, wave principle, electron scattering, quantum mechanics","cat:quant-ph AND (all:""noble gas"" OR all:""wave framework"" OR all:""Ramsauer-Townsend effect"" OR all:""wave principle"" OR all:""electron scattering"" OR all:""quantum mechanics"")",7,7,2026-07-02T10:57:03.171730+0000
quant-ph,"linear momentum, quantum framework, particle spin, angular momentum, quantum dynamics","cat:quant-ph AND (all:""linear momentum"" OR all:""quantum framework"" OR all:""particle spin"" OR all:""angular momentum"" OR all:""quantum dynamics"")",7,7,2026-07-02T10:57:08.033052+0000
quant-ph,"quantum mechanical mechanism, Hilbert space, quantum framework, complex vector space, state vector","cat:quant-ph AND (all:""quantum mechanical mechanism"" OR all:""Hilbert space"" OR all:""quantum framework"" OR all:""complex vector space"" OR all:""state vector"")",7,7,2026-07-02T10:57:12.655630+0000
quant-ph,"wave framework, Ramsauer-Townsend effect, noble gas interaction, wave theory, electron scattering","cat:quant-ph AND (all:""wave framework"" OR all:""Ramsauer-Townsend effect"" OR all:""noble gas interaction"" OR all:""wave theory"" OR all:""electron scattering"")",7,7,2026-07-02T10:57:17.365643+0000
quant-ph,"quantum mechanical framework, Hilbert space, complex vector space, state vector, quantum state","cat:quant-ph AND (all:""quantum mechanical framework"" OR all:""Hilbert space"" OR all:""complex vector space"" OR all:""state vector"" OR all:""quantum state"")",7,7,2026-07-02T10:57:22.077503+0000
quant-ph,"probability amplitudes, wave function, classical analogy, quantum state","cat:quant-ph AND (all:""probability amplitudes"" OR all:""wave function"" OR all:""classical analogy"" OR all:""quantum state"")",7,7,2026-07-02T10:57:27.032470+0000
quant-ph,"physical framework, linear momentum, quantum mechanics, particle spin, angular momentum, point-like motions","cat:quant-ph AND (all:""physical framework"" OR all:""linear momentum"" OR all:""quantum mechanics"" OR all:""particle spin"" OR all:""angular momentum"" OR all:""point-like motions"")",7,7,2026-07-02T10:57:31.842537+0000
quant-ph,"Hamiltonians, energy degeneracy, eigenstates, supersymmetric quantum mechanics","cat:quant-ph AND (all:""Hamiltonians"" OR all:""energy degeneracy"" OR all:""eigenstates"" OR all:""supersymmetric quantum mechanics"")",7,7,2026-07-02T10:57:36.204112+0000
quant-ph,"quasiprobability distribution, phase space, quantum-mechanical interference, Liouville density","cat:quant-ph AND (all:""quasiprobability distribution"" OR all:""phase space"" OR all:""quantum-mechanical interference"" OR all:""Liouville density"")",7,7,2026-07-02T10:57:40.537464+0000
quant-ph,"Wigner function, phase-space integral, Wigner transform, Moyal bracket, density matrix operator","cat:quant-ph AND (all:""Wigner function"" OR all:""phase-space integral"" OR all:""Wigner transform"" OR all:""Moyal bracket"" OR all:""density matrix operator"")",7,7,2026-07-02T10:57:45.180290+0000
quant-ph,"Ramsauer-Townsend effect, noble gas interaction, wave principle, electron scattering","cat:quant-ph AND (all:""Ramsauer-Townsend effect"" OR all:""noble gas interaction"" OR all:""wave principle"" OR all:""electron scattering"")",7,7,2026-07-02T10:57:49.615713+0000
quant-ph,"quantized eigenvalues, Heisenberg uncertainty principle, spin, tensorial operator, angular momentum","cat:quant-ph AND (all:""quantized eigenvalues"" OR all:""Heisenberg uncertainty principle"" OR all:""spin"" OR all:""tensorial operator"" OR all:""angular momentum"")",7,7,2026-07-02T10:57:54.184891+0000
quant-ph,"particle spin, Newton's second law, angular momentum, point-like motions","cat:quant-ph AND (all:""particle spin"" OR all:""Newton's second law"" OR all:""angular momentum"" OR all:""point-like motions"")",7,7,2026-07-02T10:57:59.866659+0000
quant-ph,"superposition principle, probability amplitudes, wave function, superposition principles, quantum state","cat:quant-ph AND (all:""superposition principle"" OR all:""probability amplitudes"" OR all:""wave function"" OR all:""superposition principles"" OR all:""quantum state"")",7,7,2026-07-02T10:58:04.743572+0000
quant-ph,"observable effects, particle physics, virtual particles, quantum field theory","cat:quant-ph AND (all:""observable effects"" OR all:""particle physics"" OR all:""virtual particles"" OR all:""quantum field theory"")",7,7,2026-07-02T10:58:09.568958+0000
quant-ph,"energy distribution, ultraviolet catastrophe, electromagnetic radiation, classical physics","cat:quant-ph AND (all:""energy distribution"" OR all:""ultraviolet catastrophe"" OR all:""electromagnetic radiation"" OR all:""classical physics"")",7,7,2026-07-02T10:58:14.013172+0000
quant-ph,"superconductivity, Planck constant, magnetic flux quantum, Josephson effect, SQUIDs","cat:quant-ph AND (all:""superconductivity"" OR all:""Planck constant"" OR all:""magnetic flux quantum"" OR all:""Josephson effect"" OR all:""SQUIDs"")",7,7,2026-07-02T10:58:18.842653+0000
math.MG,"degrees of freedom, mathematical dimension, intrinsic property, coordinate systems, extrinsic property","cat:math.MG AND (all:""degrees of freedom"" OR all:""mathematical dimension"" OR all:""intrinsic property"" OR all:""coordinate systems"" OR all:""extrinsic property"")",37,37,2026-07-02T10:58:22.936765+0000
math.MG,"degrees of freedom, mathematical dimension, independent parameters, spatial embedding, extrinsic property","cat:math.MG AND (all:""degrees of freedom"" OR all:""mathematical dimension"" OR all:""independent parameters"" OR all:""spatial embedding"" OR all:""extrinsic property"")",37,25,2026-07-02T10:58:27.125041+0000
math.MG,"geometric shapes, regular polytope, geometric symmetry, symmetry group, flag-transitivity","cat:math.MG AND (all:""geometric shapes"" OR all:""regular polytope"" OR all:""geometric symmetry"" OR all:""symmetry group"" OR all:""flag-transitivity"")",37,37,2026-07-02T10:58:31.771181+0000
math.MG,"hyperbolic plane, isogonal, vertex-transitive, tessellation, uniform tiling","cat:math.MG AND (all:""hyperbolic plane"" OR all:""isogonal"" OR all:""vertex-transitive"" OR all:""tessellation"" OR all:""uniform tiling"")",37,37,2026-07-02T10:58:36.676920+0000
math.AG,"rational normal curve, projective transformations, group isomorphism, isomorphic groups, Hesse's principle of transfer","cat:math.AG AND (all:""rational normal curve"" OR all:""projective transformations"" OR all:""group isomorphism"" OR all:""isomorphic groups"" OR all:""Hesse's principle of transfer"")",100,100,2026-07-02T10:58:46.500516+0000
physics.chem-ph,"molecular geometry, identical nuclei, center of mass, molecular rotation, permutation-inversion groups, symmetry operations","cat:physics.chem-ph AND (all:""molecular geometry"" OR all:""identical nuclei"" OR all:""center of mass"" OR all:""molecular rotation"" OR all:""permutation-inversion groups"" OR all:""symmetry operations"")",15,15,2026-07-02T10:58:52.250193+0000
physics.chem-ph,"identity operation, point group theory, molecular geometry, symmetry groups","cat:physics.chem-ph AND (all:""identity operation"" OR all:""point group theory"" OR all:""molecular geometry"" OR all:""symmetry groups"")",15,15,2026-07-02T10:58:57.960622+0000
physics.chem-ph,"identity operation, center of inversion, inversion center, symmetry groups, plane of symmetry, center of mass","cat:physics.chem-ph AND (all:""identity operation"" OR all:""center of inversion"" OR all:""inversion center"" OR all:""symmetry groups"" OR all:""plane of symmetry"" OR all:""center of mass"")",15,15,2026-07-02T10:59:02.836216+0000
physics.chem-ph,"organic molecules, Stardust mission, molecular ices, interstellar ices, cometary chemistry, interstellar chemistry","cat:physics.chem-ph AND (all:""organic molecules"" OR all:""Stardust mission"" OR all:""molecular ices"" OR all:""interstellar ices"" OR all:""cometary chemistry"" OR all:""interstellar chemistry"")",15,15,2026-07-02T10:59:07.578613+0000
physics.chem-ph,"molecular eigenvalues, electromagnetic Hamiltonian, symmetry labels, parity operation","cat:physics.chem-ph AND (all:""molecular eigenvalues"" OR all:""electromagnetic Hamiltonian"" OR all:""symmetry labels"" OR all:""parity operation"")",15,3,2026-07-02T10:59:11.143156+0000
physics.chem-ph,"NMR frequency, magnetic susceptibility, magnetic field distortion, Evans balance","cat:physics.chem-ph AND (all:""NMR frequency"" OR all:""magnetic susceptibility"" OR all:""magnetic field distortion"" OR all:""Evans balance"")",15,15,2026-07-02T10:59:15.487956+0000
physics.chem-ph,"NMR frequency, magnetic susceptibility, crystal susceptibility, magnetic field distortion, Evans balance","cat:physics.chem-ph AND (all:""NMR frequency"" OR all:""magnetic susceptibility"" OR all:""crystal susceptibility"" OR all:""magnetic field distortion"" OR all:""Evans balance"")",15,15,2026-07-02T10:59:20.404096+0000
physics.chem-ph,"crossover experiment, reaction mechanisms, intramolecular mechanisms, intermolecular pathways","cat:physics.chem-ph AND (all:""crossover experiment"" OR all:""reaction mechanisms"" OR all:""intramolecular mechanisms"" OR all:""intermolecular pathways"")",15,15,2026-07-02T10:59:24.954537+0000
physics.chem-ph,"crossover experiment, reaction mechanism analysis, intermolecular mechanism, intramolecular mechanism","cat:physics.chem-ph AND (all:""crossover experiment"" OR all:""reaction mechanism analysis"" OR all:""intermolecular mechanism"" OR all:""intramolecular mechanism"")",15,1,2026-07-02T10:59:28.551367+0000
physics.chem-ph,"intermolecular mechanism, crossover experiment, reaction mechanisms, reaction kinetics, intramolecular mechanism","cat:physics.chem-ph AND (all:""intermolecular mechanism"" OR all:""crossover experiment"" OR all:""reaction mechanisms"" OR all:""reaction kinetics"" OR all:""intramolecular mechanism"")",15,15,2026-07-02T10:59:32.984610+0000
math.HO,"group principle, projective geometry, Erlangen program, Felix Klein","cat:math.HO AND (all:""group principle"" OR all:""projective geometry"" OR all:""Erlangen program"" OR all:""Felix Klein"")",75,40,2026-07-02T10:59:36.921920+0000
math.HO,"geometric characterization, projective geometry, group framework, Erlangen program, Felix Klein, group theory","cat:math.HO AND (all:""geometric characterization"" OR all:""projective geometry"" OR all:""group framework"" OR all:""Erlangen program"" OR all:""Felix Klein"" OR all:""group theory"")",75,75,2026-07-02T10:59:42.333205+0000
math.LO,"deductive rules, proof framework, formal framework, axioms, theorems","cat:math.LO AND (all:""deductive rules"" OR all:""proof framework"" OR all:""formal framework"" OR all:""axioms"" OR all:""theorems"")",37,37,2026-07-02T10:59:47.351237+0000
math.LO,"proof principle, deductive rules, formal principle, theorem derivation, axioms","cat:math.LO AND (all:""proof principle"" OR all:""deductive rules"" OR all:""formal principle"" OR all:""theorem derivation"" OR all:""axioms"")",37,37,2026-07-02T10:59:51.751950+0000
math.LO,"proof principle, deductive rules, proof concept, theorem derivation, formal concept, formal framework, axioms","cat:math.LO AND (all:""proof principle"" OR all:""deductive rules"" OR all:""proof concept"" OR all:""theorem derivation"" OR all:""formal concept"" OR all:""formal framework"" OR all:""axioms"")",37,37,2026-07-02T10:59:56.552178+0000
math.LO,"proof principle, deductive rules, formal concept, axioms, theorems","cat:math.LO AND (all:""proof principle"" OR all:""deductive rules"" OR all:""formal concept"" OR all:""axioms"" OR all:""theorems"")",37,37,2026-07-02T11:00:02.236733+0000
nlin.CD,"butterfly effect, dynamical systems, sensitive dependence, initial conditions","cat:nlin.CD AND (all:""butterfly effect"" OR all:""dynamical systems"" OR all:""sensitive dependence"" OR all:""initial conditions"")",75,75,2026-07-02T11:00:07.795087+0000
nlin.CD,"butterfly effect, INUS conditions, unstable equilibrium, Newtonian physics, distributed causality","cat:nlin.CD AND (all:""butterfly effect"" OR all:""INUS conditions"" OR all:""unstable equilibrium"" OR all:""Newtonian physics"" OR all:""distributed causality"")",75,38,2026-07-02T11:00:12.106247+0000
q-bio.PE,"mutualistic symbiosis, myrmecophytes, mycorrhiza, coevolutionary dynamics","cat:q-bio.PE AND (all:""mutualistic symbiosis"" OR all:""myrmecophytes"" OR all:""mycorrhiza"" OR all:""coevolutionary dynamics"")",100,27,2026-07-02T11:00:15.983973+0000
nucl-ex,"high-voltage transformer, particle kinetic energies, heavy-ion fusion, accelerator-based light-ion fusion","cat:nucl-ex AND (all:""high-voltage transformer"" OR all:""particle kinetic energies"" OR all:""heavy-ion fusion"" OR all:""accelerator-based light-ion fusion"")",30,30,2026-07-02T11:00:20.865474+0000
nucl-ex,"particle kinetic energy, high-voltage transformer, light-ion fusion, accelerator-based fusion","cat:nucl-ex AND (all:""particle kinetic energy"" OR all:""high-voltage transformer"" OR all:""light-ion fusion"" OR all:""accelerator-based fusion"")",30,6,2026-07-02T11:00:24.670083+0000
nucl-ex,"nuclear transmutation, free neutron decay, mass defect, decay energy","cat:nucl-ex AND (all:""nuclear transmutation"" OR all:""free neutron decay"" OR all:""mass defect"" OR all:""decay energy"")",30,30,2026-07-02T11:00:29.501493+0000
nucl-ex,"nuclear transmutation, beta decay, free neutron decay, MeV units, decay energy","cat:nucl-ex AND (all:""nuclear transmutation"" OR all:""beta decay"" OR all:""free neutron decay"" OR all:""MeV units"" OR all:""decay energy"")",30,30,2026-07-02T11:00:34.576660+0000
nucl-ex,"rarefaction, nuclear detonation, atmospheric physics, transient condensation cloud, Wilson cloud, transient condensation","cat:nucl-ex AND (all:""rarefaction"" OR all:""nuclear detonation"" OR all:""atmospheric physics"" OR all:""transient condensation cloud"" OR all:""Wilson cloud"" OR all:""transient condensation"")",30,9,2026-07-02T11:00:38.803886+0000
physics.med-ph,"superconducting quantum interference devices, magnetization measurement, T1 relaxation, magnetization, Larmor precession, ultra-low field MRI","cat:physics.med-ph AND (all:""superconducting quantum interference devices"" OR all:""magnetization measurement"" OR all:""T1 relaxation"" OR all:""magnetization"" OR all:""Larmor precession"" OR all:""ultra-low field MRI"")",100,100,2026-07-02T11:00:55.467169+0000
physics.optics,"Fresnel equations, circular polarization, wave optics, total internal reflection","cat:physics.optics AND (all:""Fresnel equations"" OR all:""circular polarization"" OR all:""wave optics"" OR all:""total internal reflection"")",10,10,2026-07-02T11:01:01.036402+0000
physics.optics,"principle of least time, law of refraction, Fermat's principle, optical density","cat:physics.optics AND (all:""principle of least time"" OR all:""law of refraction"" OR all:""Fermat's principle"" OR all:""optical density"")",10,10,2026-07-02T11:01:06.811851+0000
physics.optics,"wave theory of light, corpuscular theory, rectilinear propagation, critical angle, Newton's optics","cat:physics.optics AND (all:""wave theory of light"" OR all:""corpuscular theory"" OR all:""rectilinear propagation"" OR all:""critical angle"" OR all:""Newton's optics"")",10,10,2026-07-02T11:01:12.904469+0000
physics.optics,"temperature gradient, light absorption, particle migration, indirect photophoresis, thermophoresis","cat:physics.optics AND (all:""temperature gradient"" OR all:""light absorption"" OR all:""particle migration"" OR all:""indirect photophoresis"" OR all:""thermophoresis"")",10,10,2026-07-02T11:01:18.240525+0000
physics.optics,"temperature gradient, particle migration, radiative forces, indirect photophoresis, incident light absorption","cat:physics.optics AND (all:""temperature gradient"" OR all:""particle migration"" OR all:""radiative forces"" OR all:""indirect photophoresis"" OR all:""incident light absorption"")",10,10,2026-07-02T11:01:23.539513+0000
physics.optics,"linear polarization, Fresnel equations, total internal reflection, circular polarization","cat:physics.optics AND (all:""linear polarization"" OR all:""Fresnel equations"" OR all:""total internal reflection"" OR all:""circular polarization"")",10,10,2026-07-02T11:01:29.756278+0000
physics.optics,"Fresnel equations, circular polarization, total internal reflection, refractive indices, wave optics","cat:physics.optics AND (all:""Fresnel equations"" OR all:""circular polarization"" OR all:""total internal reflection"" OR all:""refractive indices"" OR all:""wave optics"")",10,10,2026-07-02T11:01:34.809531+0000
physics.optics,"frustrated TIR, evanescent-wave coupling, quantum tunneling, total internal reflection, FTIR","cat:physics.optics AND (all:""frustrated TIR"" OR all:""evanescent-wave coupling"" OR all:""quantum tunneling"" OR all:""total internal reflection"" OR all:""FTIR"")",10,10,2026-07-02T11:01:40.357401+0000
physics.optics,"wave interference, diffraction pattern, optical physics, angular spacing","cat:physics.optics AND (all:""wave interference"" OR all:""diffraction pattern"" OR all:""optical physics"" OR all:""angular spacing"")",10,10,2026-07-02T11:01:45.178452+0000
physics.optics,"wave interference, coherence length, spatial coherence, Young's double-slit interferometer, optical interference, visibility","cat:physics.optics AND (all:""wave interference"" OR all:""coherence length"" OR all:""spatial coherence"" OR all:""Young's double-slit interferometer"" OR all:""optical interference"" OR all:""visibility"")",10,10,2026-07-02T11:01:51.399114+0000
physics.optics,"Optical Signal-to-Noise Ratio, signal power, noise power, bandwidth, dynamic range","cat:physics.optics AND (all:""Optical Signal-to-Noise Ratio"" OR all:""signal power"" OR all:""noise power"" OR all:""bandwidth"" OR all:""dynamic range"")",10,10,2026-07-02T11:01:56.030323+0000
physics.optics,"atmospheric refraction, light wavelength, spectral absorption, Rayleigh scattering","cat:physics.optics AND (all:""atmospheric refraction"" OR all:""light wavelength"" OR all:""spectral absorption"" OR all:""Rayleigh scattering"")",10,10,2026-07-02T11:02:01.148344+0000
physics.optics,"surface radiation, radiant flux, optical physics, radiosity","cat:physics.optics AND (all:""surface radiation"" OR all:""radiant flux"" OR all:""optical physics"" OR all:""radiosity"")",10,10,2026-07-02T11:02:05.581441+0000
physics.optics,"corpuscular theory, rectilinear propagation, critical angle, Newton's optics","cat:physics.optics AND (all:""corpuscular theory"" OR all:""rectilinear propagation"" OR all:""critical angle"" OR all:""Newton's optics"")",10,10,2026-07-02T11:02:10.415868+0000
math.GR,"group principle, projective geometry, Erlangen program, Felix Klein","cat:math.GR AND (all:""group principle"" OR all:""projective geometry"" OR all:""Erlangen program"" OR all:""Felix Klein"")",75,23,2026-07-02T11:02:14.654313+0000
math.GR,"geometric characterization, projective geometry, group framework, Erlangen program, Felix Klein, group theory","cat:math.GR AND (all:""geometric characterization"" OR all:""projective geometry"" OR all:""group framework"" OR all:""Erlangen program"" OR all:""Felix Klein"" OR all:""group theory"")",75,75,2026-07-02T11:02:19.924328+0000
gr-qc,"butterfly effect, INUS conditions, unstable equilibrium, Newtonian physics, distributed causality","cat:gr-qc AND (all:""butterfly effect"" OR all:""INUS conditions"" OR all:""unstable equilibrium"" OR all:""Newtonian physics"" OR all:""distributed causality"")",7,7,2026-07-02T11:02:24.952722+0000
gr-qc,"equations of motion, symmetry groups, explicit symmetry breaking, theoretical framework","cat:gr-qc AND (all:""equations of motion"" OR all:""symmetry groups"" OR all:""explicit symmetry breaking"" OR all:""theoretical framework"")",7,7,2026-07-02T11:02:29.702342+0000
gr-qc,"INUS condition, distributed causality, Newtonian physics, unstable equilibrium","cat:gr-qc AND (all:""INUS condition"" OR all:""distributed causality"" OR all:""Newtonian physics"" OR all:""unstable equilibrium"")",7,7,2026-07-02T11:02:34.021045+0000
gr-qc,"angular momentum formalism, Noether charge, rotational invariance, differential forms","cat:gr-qc AND (all:""angular momentum formalism"" OR all:""Noether charge"" OR all:""rotational invariance"" OR all:""differential forms"")",7,7,2026-07-02T11:02:39.404336+0000
gr-qc,"Maxwell's equations, classical mechanics, classical electrodynamics, electromagnetism, unified field theory","cat:gr-qc AND (all:""Maxwell's equations"" OR all:""classical mechanics"" OR all:""classical electrodynamics"" OR all:""electromagnetism"" OR all:""unified field theory"")",7,7,2026-07-02T11:02:44.247175+0000
gr-qc,"stochastic supersymmetric principle, hydromagnetic dynamo, deterministic chaos, kinematic approximation, induction equation","cat:gr-qc AND (all:""stochastic supersymmetric principle"" OR all:""hydromagnetic dynamo"" OR all:""deterministic chaos"" OR all:""kinematic approximation"" OR all:""induction equation"")",7,7,2026-07-02T11:02:48.677994+0000
gr-qc,"parity violation, time invariance, Ozma Problem, parity, mirror asymmetry, chirality, subatomic physics","cat:gr-qc AND (all:""parity violation"" OR all:""time invariance"" OR all:""Ozma Problem"" OR all:""parity"" OR all:""mirror asymmetry"" OR all:""chirality"" OR all:""subatomic physics"")",7,7,2026-07-02T11:02:53.550760+0000
gr-qc,"action principle, Hamiltonian mechanics, Euler-Lagrange equations, Poisson algebra, Peierls bracket, quotient algebra, canonical quantization","cat:gr-qc AND (all:""action principle"" OR all:""Hamiltonian mechanics"" OR all:""Euler-Lagrange equations"" OR all:""Poisson algebra"" OR all:""Peierls bracket"" OR all:""quotient algebra"" OR all:""canonical quantization"")",7,7,2026-07-02T11:03:00.248676+0000
gr-qc,"approximate symmetry, equations of motion, explicit symmetry breaking, symmetry principles","cat:gr-qc AND (all:""approximate symmetry"" OR all:""equations of motion"" OR all:""explicit symmetry breaking"" OR all:""symmetry principles"")",7,7,2026-07-02T11:03:05.228338+0000
gr-qc,"information loss paradox, black hole evaporation, Hawking radiation, quantum mechanics","cat:gr-qc AND (all:""information loss paradox"" OR all:""black hole evaporation"" OR all:""Hawking radiation"" OR all:""quantum mechanics"")",7,7,2026-07-02T11:03:10.285289+0000
gr-qc,"special relativity, four-dimensional model, Minkowski space, non-inertial reference frame, spacetime manifold","cat:gr-qc AND (all:""special relativity"" OR all:""four-dimensional model"" OR all:""Minkowski space"" OR all:""non-inertial reference frame"" OR all:""spacetime manifold"")",7,7,2026-07-02T11:03:16.034478+0000
gr-qc,"Modified Newtonian dynamics, non-baryonic matter, entropic gravity, tensor–vector–scalar gravity","cat:gr-qc AND (all:""Modified Newtonian dynamics"" OR all:""non-baryonic matter"" OR all:""entropic gravity"" OR all:""tensor–vector–scalar gravity"")",7,7,2026-07-02T11:03:20.799794+0000
gr-qc,"maximal acceleration, spacetime geometry, Caianiello's theory, quantum gravity","cat:gr-qc AND (all:""maximal acceleration"" OR all:""spacetime geometry"" OR all:""Caianiello's theory"" OR all:""quantum gravity"")",7,7,2026-07-02T11:03:25.629259+0000
gr-qc,"gravitational permeability, rotating matter, time-varying gravitational fields, gravitomagnetic interaction, Meissner effect, general relativity","cat:gr-qc AND (all:""gravitational permeability"" OR all:""rotating matter"" OR all:""time-varying gravitational fields"" OR all:""gravitomagnetic interaction"" OR all:""Meissner effect"" OR all:""general relativity"")",7,7,2026-07-02T11:03:30.471043+0000
gr-qc,"speed of gravity, gravitational waves, Einstein's field equations, coordinate mechanism","cat:gr-qc AND (all:""speed of gravity"" OR all:""gravitational waves"" OR all:""Einstein's field equations"" OR all:""coordinate mechanism"")",7,7,2026-07-02T11:03:35.024045+0000
gr-qc,"Schwarzschild black hole, angular momentum, spherical symmetry, Birkhoff's theorem","cat:gr-qc AND (all:""Schwarzschild black hole"" OR all:""angular momentum"" OR all:""spherical symmetry"" OR all:""Birkhoff's theorem"")",7,7,2026-07-02T11:03:40.408051+0000
gr-qc,"coordinate framework, speed of gravity, gravitational waves, coordinate mechanism, Einsteinian physics","cat:gr-qc AND (all:""coordinate framework"" OR all:""speed of gravity"" OR all:""gravitational waves"" OR all:""coordinate mechanism"" OR all:""Einsteinian physics"")",7,7,2026-07-02T11:03:45.582053+0000
gr-qc,"gravitational permeability, rotating matter, general principle of relativity, Meissner effect analogue, gravitomagnetic interaction, frame-dragging","cat:gr-qc AND (all:""gravitational permeability"" OR all:""rotating matter"" OR all:""general principle of relativity"" OR all:""Meissner effect analogue"" OR all:""gravitomagnetic interaction"" OR all:""frame-dragging"")",7,7,2026-07-02T11:03:50.852035+0000
gr-qc,"quadrupole formula, gravitational waves, wave amplitude, spacetime oscillation","cat:gr-qc AND (all:""quadrupole formula"" OR all:""gravitational waves"" OR all:""wave amplitude"" OR all:""spacetime oscillation"")",7,7,2026-07-02T11:03:55.726445+0000
gr-qc,"LIGO data, parallel analysis, gravitational waves, binary black holes, distributed computing","cat:gr-qc AND (all:""LIGO data"" OR all:""parallel analysis"" OR all:""gravitational waves"" OR all:""binary black holes"" OR all:""distributed computing"")",7,7,2026-07-02T11:04:01.451573+0000
astro-ph.CO,"matter-antimatter imbalance, quark-antiquark pairs, baryon asymmetry, early universe","cat:astro-ph.CO AND (all:""matter-antimatter imbalance"" OR all:""quark-antiquark pairs"" OR all:""baryon asymmetry"" OR all:""early universe"")",16,16,2026-07-02T11:04:06.349355+0000
astro-ph.CO,"expansion history, galactic observation, galactic observations, redshift-distance relationship, matter and energy content","cat:astro-ph.CO AND (all:""expansion history"" OR all:""galactic observation"" OR all:""galactic observations"" OR all:""redshift-distance relationship"" OR all:""matter and energy content"")",16,16,2026-07-02T11:04:11.547196+0000
astro-ph.CO,"light-years, gigaparsecs, proper distance, redshift, expansion of the universe","cat:astro-ph.CO AND (all:""light-years"" OR all:""gigaparsecs"" OR all:""proper distance"" OR all:""redshift"" OR all:""expansion of the universe"")",16,16,2026-07-02T11:04:16.946405+0000
astro-ph.CO,"scale factor, Doppler effect, cosmological redshift, expansion of the universe","cat:astro-ph.CO AND (all:""scale factor"" OR all:""Doppler effect"" OR all:""cosmological redshift"" OR all:""expansion of the universe"")",16,16,2026-07-02T11:04:22.640308+0000
astro-ph.CO,"galaxy distribution, preferred length scale, Baryon Acoustic Oscillations, cosmic microwave background","cat:astro-ph.CO AND (all:""galaxy distribution"" OR all:""preferred length scale"" OR all:""Baryon Acoustic Oscillations"" OR all:""cosmic microwave background"")",16,16,2026-07-02T11:04:27.357580+0000
astro-ph.CO,"primordial symmetry, cosmological evolution, baryogenesis, symmetry breaking, matter-antimatter asymmetry","cat:astro-ph.CO AND (all:""primordial symmetry"" OR all:""cosmological evolution"" OR all:""baryogenesis"" OR all:""symmetry breaking"" OR all:""matter-antimatter asymmetry"")",16,16,2026-07-02T11:04:32.823752+0000
astro-ph.CO,"cosmic inflation, metric expansion, inflaton field, conformal cyclic cosmology","cat:astro-ph.CO AND (all:""cosmic inflation"" OR all:""metric expansion"" OR all:""inflaton field"" OR all:""conformal cyclic cosmology"")",16,16,2026-07-02T11:04:38.372427+0000
astro-ph.CO,"Copernican principle, inhomogeneous cosmology, theoretical physics, isotropic universe, Lambda-CDM model, dark energy models","cat:astro-ph.CO AND (all:""Copernican principle"" OR all:""inhomogeneous cosmology"" OR all:""theoretical physics"" OR all:""isotropic universe"" OR all:""Lambda-CDM model"" OR all:""dark energy models"")",16,16,2026-07-02T11:04:44.925697+0000
astro-ph.CO,"James Webb Space Telescope, redshift, Big Bang chronology, high-redshift galaxy","cat:astro-ph.CO AND (all:""James Webb Space Telescope"" OR all:""redshift"" OR all:""Big Bang chronology"" OR all:""high-redshift galaxy"")",16,16,2026-07-02T11:04:51.405010+0000
physics.space-ph,"plasma dynamics, magnetosphere, solar wind, Kelvin-Helmholtz instability, magnetic reconnection","cat:physics.space-ph AND (all:""plasma dynamics"" OR all:""magnetosphere"" OR all:""solar wind"" OR all:""Kelvin-Helmholtz instability"" OR all:""magnetic reconnection"")",75,75,2026-07-02T11:04:56.984986+0000
physics.space-ph,"round-trip transit time, Deep Space Network, Lunar Laser Ranging, deep space network, radar astronomy","cat:physics.space-ph AND (all:""round-trip transit time"" OR all:""Deep Space Network"" OR all:""Lunar Laser Ranging"" OR all:""deep space network"" OR all:""radar astronomy"")",75,20,2026-07-02T11:05:01.332061+0000
physics.class-ph,"classical physics, Maxwell's equations, unified field theory, electromagnetic theory","cat:physics.class-ph AND (all:""classical physics"" OR all:""Maxwell's equations"" OR all:""unified field theory"" OR all:""electromagnetic theory"")",10,10,2026-07-02T11:05:06.085383+0000
physics.class-ph,"magnetic susceptibility, material properties, magnetizing field intensity, magnetization, material classification","cat:physics.class-ph AND (all:""magnetic susceptibility"" OR all:""material properties"" OR all:""magnetizing field intensity"" OR all:""magnetization"" OR all:""material classification"")",10,10,2026-07-02T11:05:12.336868+0000
physics.class-ph,"electric field, surface charge, conductor proximity, electrostatic interaction","cat:physics.class-ph AND (all:""electric field"" OR all:""surface charge"" OR all:""conductor proximity"" OR all:""electrostatic interaction"")",10,10,2026-07-02T11:05:16.993621+0000
physics.class-ph,"Gauss's law, closed surface, SI fundamental quantities, cylindrical symmetry, electric flux, spherical symmetry","cat:physics.class-ph AND (all:""Gauss's law"" OR all:""closed surface"" OR all:""SI fundamental quantities"" OR all:""cylindrical symmetry"" OR all:""electric flux"" OR all:""spherical symmetry"")",10,10,2026-07-02T11:05:21.802227+0000
physics.class-ph,"stable equilibrium, point charges, Earnshaw's theorem, electrostatic interaction","cat:physics.class-ph AND (all:""stable equilibrium"" OR all:""point charges"" OR all:""Earnshaw's theorem"" OR all:""electrostatic interaction"")",10,10,2026-07-02T11:05:26.905023+0000
physics.class-ph,"macroscopic objects, kinematics, Euclidean space, Newtonian physics, physical quantities","cat:physics.class-ph AND (all:""macroscopic objects"" OR all:""kinematics"" OR all:""Euclidean space"" OR all:""Newtonian physics"" OR all:""physical quantities"")",10,10,2026-07-02T11:05:31.576937+0000
physics.class-ph,"inertial property, kinematics, Newton's laws of motion, constant velocity, F=ma formula, force-mass-acceleration, F=ma","cat:physics.class-ph AND (all:""inertial property"" OR all:""kinematics"" OR all:""Newton's laws of motion"" OR all:""constant velocity"" OR all:""F=ma formula"" OR all:""force-mass-acceleration"" OR all:""F=ma"")",10,10,2026-07-02T11:05:36.734125+0000
physics.class-ph,"macroscopic objects, Euclidean space, motion dynamics, physical quantities","cat:physics.class-ph AND (all:""macroscopic objects"" OR all:""Euclidean space"" OR all:""motion dynamics"" OR all:""physical quantities"")",10,10,2026-07-02T11:05:42.063373+0000
physics.class-ph,"dimensional quantities, unit conversion, reciprocal length, inverse units","cat:physics.class-ph AND (all:""dimensional quantities"" OR all:""unit conversion"" OR all:""reciprocal length"" OR all:""inverse units"")",10,4,2026-07-02T11:05:45.811683+0000
physics.class-ph,"sound wave amplitude, acoustic physics, loudness perception, wave properties","cat:physics.class-ph AND (all:""sound wave amplitude"" OR all:""acoustic physics"" OR all:""loudness perception"" OR all:""wave properties"")",10,7,2026-07-02T11:05:51.020456+0000
physics.class-ph,"loudness proportionality, frequency relationship, sound wave amplitude, wave mechanics","cat:physics.class-ph AND (all:""loudness proportionality"" OR all:""frequency relationship"" OR all:""sound wave amplitude"" OR all:""wave mechanics"")",10,10,2026-07-02T11:05:55.009294+0000
physics.class-ph,"loudness proportionality, wave mechanics, acoustic properties, sound wave amplitude, loudness perception","cat:physics.class-ph AND (all:""loudness proportionality"" OR all:""wave mechanics"" OR all:""acoustic properties"" OR all:""sound wave amplitude"" OR all:""loudness perception"")",10,10,2026-07-02T11:05:59.398168+0000
physics.class-ph,"propagation constant, complex numbers, sinusoidal waves, phase change","cat:physics.class-ph AND (all:""propagation constant"" OR all:""complex numbers"" OR all:""sinusoidal waves"" OR all:""phase change"")",10,10,2026-07-02T11:06:03.674914+0000
physics.class-ph,"dimensional analysis, SI units, unit conversion, physical quantities","cat:physics.class-ph AND (all:""dimensional analysis"" OR all:""SI units"" OR all:""unit conversion"" OR all:""physical quantities"")",10,10,2026-07-02T11:06:07.906369+0000
physics.class-ph,"atomic time scale, leap second, Earth rotation, Universal Time, Earth rotation irregularities, Coordinated Universal Time","cat:physics.class-ph AND (all:""atomic time scale"" OR all:""leap second"" OR all:""Earth rotation"" OR all:""Universal Time"" OR all:""Earth rotation irregularities"" OR all:""Coordinated Universal Time"")",10,10,2026-07-02T11:06:11.805941+0000
math.AT,"cell complex, dimension theory, n-skeleton, critical points, discrete set boundary, CW complex","cat:math.AT AND (all:""cell complex"" OR all:""dimension theory"" OR all:""n-skeleton"" OR all:""critical points"" OR all:""discrete set boundary"" OR all:""CW complex"")",100,100,2026-07-02T11:06:22.604037+0000
math-ph,"quantum theory, geometric quantization, classical theory, mathematical approach","cat:math-ph AND (all:""quantum theory"" OR all:""geometric quantization"" OR all:""classical theory"" OR all:""mathematical approach"")",50,50,2026-07-02T11:06:27.054985+0000
math-ph,"geometric quantization, quantum framework, quantization theory, mathematical physics, classical framework","cat:math-ph AND (all:""geometric quantization"" OR all:""quantum framework"" OR all:""quantization theory"" OR all:""mathematical physics"" OR all:""classical framework"")",50,50,2026-07-02T11:06:32.711317+0000
math-ph,"geometric quantization, mathematical framework, classical principle, quantum principle","cat:math-ph AND (all:""geometric quantization"" OR all:""mathematical framework"" OR all:""classical principle"" OR all:""quantum principle"")",50,50,2026-07-02T11:06:37.340117+0000
q-bio.CB,"osmosis, electrochemical gradient, active transport, cellular energetics, passive transport","cat:q-bio.CB AND (all:""osmosis"" OR all:""electrochemical gradient"" OR all:""active transport"" OR all:""cellular energetics"" OR all:""passive transport"")",100,15,2026-07-02T11:06:41.298922+0000
physics.ed-ph,"dimensional quantities, unit conversion, reciprocal length, inverse units","cat:physics.ed-ph AND (all:""dimensional quantities"" OR all:""unit conversion"" OR all:""reciprocal length"" OR all:""inverse units"")",75,1,2026-07-02T11:06:44.979340+0000
physics.ed-ph,"dimensional analysis, SI units, unit conversion, physical quantities","cat:physics.ed-ph AND (all:""dimensional analysis"" OR all:""SI units"" OR all:""unit conversion"" OR all:""physical quantities"")",75,46,2026-07-02T11:06:49.425762+0000
physics.ins-det,"caesium atom transition, time measurement, international system of units, SI base units, international system units, caesium frequency standard","cat:physics.ins-det AND (all:""caesium atom transition"" OR all:""time measurement"" OR all:""international system of units"" OR all:""SI base units"" OR all:""international system units"" OR all:""caesium frequency standard"")",75,75,2026-07-02T11:06:54.630241+0000
physics.ins-det,"surface radiation, radiant flux, optical physics, radiosity","cat:physics.ins-det AND (all:""surface radiation"" OR all:""radiant flux"" OR all:""optical physics"" OR all:""radiosity"")",75,20,2026-07-02T11:06:58.670453+0000
hep-th,"butterfly effect, INUS conditions, unstable equilibrium, Newtonian physics, distributed causality","cat:hep-th AND (all:""butterfly effect"" OR all:""INUS conditions"" OR all:""unstable equilibrium"" OR all:""Newtonian physics"" OR all:""distributed causality"")",7,7,2026-07-02T11:07:06.371321+0000
hep-th,"coordinate framework, gravitational waves, speed of gravity, general relativity","cat:hep-th AND (all:""coordinate framework"" OR all:""gravitational waves"" OR all:""speed of gravity"" OR all:""general relativity"")",7,7,2026-07-02T11:07:12.537253+0000
hep-th,"coordinate systems, gravitational waves, propagation speed, general relativity","cat:hep-th AND (all:""coordinate systems"" OR all:""gravitational waves"" OR all:""propagation speed"" OR all:""general relativity"")",7,7,2026-07-02T11:07:17.349775+0000
hep-th,"equations of motion, symmetry groups, explicit symmetry breaking, theoretical framework","cat:hep-th AND (all:""equations of motion"" OR all:""symmetry groups"" OR all:""explicit symmetry breaking"" OR all:""theoretical framework"")",7,7,2026-07-02T11:07:22.238869+0000
hep-th,"regularization, mass-energy, singularities, renormalization, quantum field theory","cat:hep-th AND (all:""regularization"" OR all:""mass-energy"" OR all:""singularities"" OR all:""renormalization"" OR all:""quantum field theory"")",7,7,2026-07-02T11:07:28.921908+0000
hep-th,"angular momentum formalism, Noether charge, rotational invariance, differential forms","cat:hep-th AND (all:""angular momentum formalism"" OR all:""Noether charge"" OR all:""rotational invariance"" OR all:""differential forms"")",7,7,2026-07-02T11:07:33.283836+0000
hep-th,"phase space continuity, stochastic differential equations, kinematic dynamo, supersymmetry","cat:hep-th AND (all:""phase space continuity"" OR all:""stochastic differential equations"" OR all:""kinematic dynamo"" OR all:""supersymmetry"")",7,7,2026-07-02T11:07:38.279756+0000
hep-th,"spontaneous symmetry breaking, local operator, quantum field theory, vacuum expectation value, gauge symmetry","cat:hep-th AND (all:""spontaneous symmetry breaking"" OR all:""local operator"" OR all:""quantum field theory"" OR all:""vacuum expectation value"" OR all:""gauge symmetry"")",7,7,2026-07-02T11:07:43.534605+0000
hep-th,"stochastic supersymmetric principle, hydromagnetic dynamo, deterministic chaos, kinematic approximation, induction equation","cat:hep-th AND (all:""stochastic supersymmetric principle"" OR all:""hydromagnetic dynamo"" OR all:""deterministic chaos"" OR all:""kinematic approximation"" OR all:""induction equation"")",7,7,2026-07-02T11:07:47.383046+0000
hep-th,"parity violation, time invariance, Ozma Problem, parity, mirror asymmetry, chirality, subatomic physics","cat:hep-th AND (all:""parity violation"" OR all:""time invariance"" OR all:""Ozma Problem"" OR all:""parity"" OR all:""mirror asymmetry"" OR all:""chirality"" OR all:""subatomic physics"")",7,7,2026-07-02T11:07:52.246083+0000
hep-th,"action principle, Hamiltonian mechanics, Euler-Lagrange equations, Poisson algebra, Peierls bracket, quotient algebra, canonical quantization","cat:hep-th AND (all:""action principle"" OR all:""Hamiltonian mechanics"" OR all:""Euler-Lagrange equations"" OR all:""Poisson algebra"" OR all:""Peierls bracket"" OR all:""quotient algebra"" OR all:""canonical quantization"")",7,7,2026-07-02T11:07:57.103192+0000
hep-th,"approximate symmetry, equations of motion, explicit symmetry breaking, symmetry principles","cat:hep-th AND (all:""approximate symmetry"" OR all:""equations of motion"" OR all:""explicit symmetry breaking"" OR all:""symmetry principles"")",7,7,2026-07-02T11:08:01.431815+0000
hep-th,"special relativity, spacetime physics, inertial reference frame, relativity of simultaneity","cat:hep-th AND (all:""special relativity"" OR all:""spacetime physics"" OR all:""inertial reference frame"" OR all:""relativity of simultaneity"")",7,7,2026-07-02T11:08:06.269868+0000
hep-th,"classical mechanics, wave-particle duality, Euclidean space, macroscopic motion, quantum mechanics","cat:hep-th AND (all:""classical mechanics"" OR all:""wave-particle duality"" OR all:""Euclidean space"" OR all:""macroscopic motion"" OR all:""quantum mechanics"")",7,7,2026-07-02T11:08:11.351168+0000
hep-th,"information loss paradox, black hole evaporation, Hawking radiation, quantum mechanics","cat:hep-th AND (all:""information loss paradox"" OR all:""black hole evaporation"" OR all:""Hawking radiation"" OR all:""quantum mechanics"")",7,7,2026-07-02T11:08:16.028955+0000
hep-th,"special relativity, Lorentz invariance, Lorentz group, boost velocity, four-tensors, spacetime manifold, four-vectors","cat:hep-th AND (all:""special relativity"" OR all:""Lorentz invariance"" OR all:""Lorentz group"" OR all:""boost velocity"" OR all:""four-tensors"" OR all:""spacetime manifold"" OR all:""four-vectors"")",7,7,2026-07-02T11:08:22.177585+0000
hep-th,"special relativity, four-dimensional model, Minkowski space, non-inertial reference frame, spacetime manifold","cat:hep-th AND (all:""special relativity"" OR all:""four-dimensional model"" OR all:""Minkowski space"" OR all:""non-inertial reference frame"" OR all:""spacetime manifold"")",7,7,2026-07-02T11:08:27.299677+0000
hep-th,"special relativity, Minkowski diagram, Lorentz transformations, relativistic mechanics","cat:hep-th AND (all:""special relativity"" OR all:""Minkowski diagram"" OR all:""Lorentz transformations"" OR all:""relativistic mechanics"")",7,7,2026-07-02T11:08:31.836460+0000
hep-th,"Modified Newtonian dynamics, non-baryonic matter, entropic gravity, tensor–vector–scalar gravity","cat:hep-th AND (all:""Modified Newtonian dynamics"" OR all:""non-baryonic matter"" OR all:""entropic gravity"" OR all:""tensor–vector–scalar gravity"")",7,7,2026-07-02T11:08:37.920007+0000
hep-th,"maximal acceleration, spacetime geometry, Caianiello's theory, quantum gravity","cat:hep-th AND (all:""maximal acceleration"" OR all:""spacetime geometry"" OR all:""Caianiello's theory"" OR all:""quantum gravity"")",7,7,2026-07-02T11:08:42.474333+0000
math.GT,"hyperbolic plane, isogonal, vertex-transitive, tessellation, uniform tiling","cat:math.GT AND (all:""hyperbolic plane"" OR all:""isogonal"" OR all:""vertex-transitive"" OR all:""tessellation"" OR all:""uniform tiling"")",75,75,2026-07-02T11:08:47.193295+0000
math.GT,"rational normal curve, projective transformations, group isomorphism, isomorphic groups, Hesse's principle of transfer","cat:math.GT AND (all:""rational normal curve"" OR all:""projective transformations"" OR all:""group isomorphism"" OR all:""isomorphic groups"" OR all:""Hesse's principle of transfer"")",75,45,2026-07-02T11:08:51.392221+0000
eess.SY,"system dynamics, linear time-invariant, signal processing, transfer function, mathematical modeling","cat:eess.SY AND (all:""system dynamics"" OR all:""linear time-invariant"" OR all:""signal processing"" OR all:""transfer function"" OR all:""mathematical modeling"")",50,50,2026-07-02T11:08:56.336939+0000
eess.SY,"signal processing, linear time-invariant systems, transfer function, system dynamics","cat:eess.SY AND (all:""signal processing"" OR all:""linear time-invariant systems"" OR all:""transfer function"" OR all:""system dynamics"")",50,50,2026-07-02T11:09:01.712719+0000
eess.SY,"resistivity, intrinsic property, electrical current flow, ohm-meters","cat:eess.SY AND (all:""resistivity"" OR all:""intrinsic property"" OR all:""electrical current flow"" OR all:""ohm-meters"")",50,50,2026-07-02T11:09:06.125062+0000
physics.atom-ph,"molecular geometry, identical nuclei, center of mass, molecular rotation, permutation-inversion groups, symmetry operations","cat:physics.atom-ph AND (all:""molecular geometry"" OR all:""identical nuclei"" OR all:""center of mass"" OR all:""molecular rotation"" OR all:""permutation-inversion groups"" OR all:""symmetry operations"")",37,37,2026-07-02T11:09:11.424156+0000
physics.atom-ph,"identity operation, point group theory, molecular geometry, symmetry groups","cat:physics.atom-ph AND (all:""identity operation"" OR all:""point group theory"" OR all:""molecular geometry"" OR all:""symmetry groups"")",37,26,2026-07-02T11:09:15.535614+0000
physics.atom-ph,"identity operation, center of inversion, inversion center, symmetry groups, plane of symmetry, center of mass","cat:physics.atom-ph AND (all:""identity operation"" OR all:""center of inversion"" OR all:""inversion center"" OR all:""symmetry groups"" OR all:""plane of symmetry"" OR all:""center of mass"")",37,37,2026-07-02T11:09:20.181050+0000
physics.atom-ph,"caesium atom transition, time measurement, international system of units, SI base units, international system units, caesium frequency standard","cat:physics.atom-ph AND (all:""caesium atom transition"" OR all:""time measurement"" OR all:""international system of units"" OR all:""SI base units"" OR all:""international system units"" OR all:""caesium frequency standard"")",37,37,2026-07-02T11:09:24.816457+0000
cond-mat.mes-hall,"memristive network, Type-II non-crossing curve, two-terminal resistance memory, ReRAM, pinched hysteresis curves","cat:cond-mat.mes-hall AND (all:""memristive network"" OR all:""Type-II non-crossing curve"" OR all:""two-terminal resistance memory"" OR all:""ReRAM"" OR all:""pinched hysteresis curves"")",7,7,2026-07-02T11:09:28.859316+0000
cond-mat.mes-hall,"synapse transistor, activity-based forgetting, neuro-inspired circuits, inactivity-based forgetting, short-term potentiation","cat:cond-mat.mes-hall AND (all:""synapse transistor"" OR all:""activity-based forgetting"" OR all:""neuro-inspired circuits"" OR all:""inactivity-based forgetting"" OR all:""short-term potentiation"")",7,3,2026-07-02T11:09:32.916303+0000
cond-mat.mes-hall,"switching mechanism, non-uniform elastic strain, domain dynamics, ferroelectric memristors, piezoelectric field","cat:cond-mat.mes-hall AND (all:""switching mechanism"" OR all:""non-uniform elastic strain"" OR all:""domain dynamics"" OR all:""ferroelectric memristors"" OR all:""piezoelectric field"")",7,7,2026-07-02T11:09:37.655859+0000
cond-mat.mes-hall,"non-crossing curve, resistance memory, memristor, ReRAM, two-terminal devices, pinched hysteresis curves","cat:cond-mat.mes-hall AND (all:""non-crossing curve"" OR all:""resistance memory"" OR all:""memristor"" OR all:""ReRAM"" OR all:""two-terminal devices"" OR all:""pinched hysteresis curves"")",7,7,2026-07-02T11:09:42.668589+0000
cond-mat.mes-hall,"memristor, switching resistance states, switching states, two-terminal resistance memory, ReRAM, pinched hysteresis curves","cat:cond-mat.mes-hall AND (all:""memristor"" OR all:""switching resistance states"" OR all:""switching states"" OR all:""two-terminal resistance memory"" OR all:""ReRAM"" OR all:""pinched hysteresis curves"")",7,7,2026-07-02T11:09:47.820649+0000
cond-mat.mes-hall,"brain–computer interfaces, in-memory computing, physical neural networks, memristor, reconfigurable computing","cat:cond-mat.mes-hall AND (all:""brain–computer interfaces"" OR all:""in-memory computing"" OR all:""physical neural networks"" OR all:""memristor"" OR all:""reconfigurable computing"")",7,7,2026-07-02T11:09:53.110483+0000
cond-mat.mes-hall,"magnetic fields, De Haas-Van Alphen effect, magnetization, Fermi surface, differential susceptibility","cat:cond-mat.mes-hall AND (all:""magnetic fields"" OR all:""De Haas-Van Alphen effect"" OR all:""magnetization"" OR all:""Fermi surface"" OR all:""differential susceptibility"")",7,7,2026-07-02T11:09:58.275988+0000
cond-mat.mes-hall,"quantum phenomena, magnetic field, electromagnetic phenomena, spin axis, superconductor, quantum mechanics","cat:cond-mat.mes-hall AND (all:""quantum phenomena"" OR all:""magnetic field"" OR all:""electromagnetic phenomena"" OR all:""spin axis"" OR all:""superconductor"" OR all:""quantum mechanics"")",7,7,2026-07-02T11:10:03.295125+0000
cond-mat.mes-hall,"density of states, metallic conductivity, electronic entropy, Fermi level, insulator properties","cat:cond-mat.mes-hall AND (all:""density of states"" OR all:""metallic conductivity"" OR all:""electronic entropy"" OR all:""Fermi level"" OR all:""insulator properties"")",7,7,2026-07-02T11:10:07.845278+0000
cond-mat.mes-hall,"microscopic length scales, permittivity, wavevector dependence, material parameters, spatial dispersion, continuous media","cat:cond-mat.mes-hall AND (all:""microscopic length scales"" OR all:""permittivity"" OR all:""wavevector dependence"" OR all:""material parameters"" OR all:""spatial dispersion"" OR all:""continuous media"")",7,7,2026-07-02T11:10:13.026945+0000
cond-mat.mes-hall,"density of states, solid-state physics, electronic entropy, Fermi level, insulators and metals","cat:cond-mat.mes-hall AND (all:""density of states"" OR all:""solid-state physics"" OR all:""electronic entropy"" OR all:""Fermi level"" OR all:""insulators and metals"")",7,7,2026-07-02T11:10:17.848369+0000
cond-mat.mes-hall,"physical framework, physical mechanisms, phase transitions, symmetry breaking, order parameter","cat:cond-mat.mes-hall AND (all:""physical framework"" OR all:""physical mechanisms"" OR all:""phase transitions"" OR all:""symmetry breaking"" OR all:""order parameter"")",7,7,2026-07-02T11:10:23.248620+0000
cond-mat.mes-hall,"magnetic field oscillations, AC permeability, De Haas-Van Alphen effect, Fermi surface, differential susceptibility","cat:cond-mat.mes-hall AND (all:""magnetic field oscillations"" OR all:""AC permeability"" OR all:""De Haas-Van Alphen effect"" OR all:""Fermi surface"" OR all:""differential susceptibility"")",7,7,2026-07-02T11:10:28.276868+0000
cond-mat.mes-hall,"collective field, electromagnetic gauge symmetry, superconductors, order parameter","cat:cond-mat.mes-hall AND (all:""collective field"" OR all:""electromagnetic gauge symmetry"" OR all:""superconductors"" OR all:""order parameter"")",7,7,2026-07-02T11:10:34.544695+0000
cond-mat.mes-hall,"memristive devices, MoOx/MoS2 heterostructure, solution-processing technology, transition metal dichalcogenides, memcapacitive effect","cat:cond-mat.mes-hall AND (all:""memristive devices"" OR all:""MoOx/MoS2 heterostructure"" OR all:""solution-processing technology"" OR all:""transition metal dichalcogenides"" OR all:""memcapacitive effect"")",7,7,2026-07-02T11:10:39.647057+0000
cond-mat.mes-hall,"switching mechanism, domain dynamics, ferroelectric memristors, piezoelectric field, elastic strain","cat:cond-mat.mes-hall AND (all:""switching mechanism"" OR all:""domain dynamics"" OR all:""ferroelectric memristors"" OR all:""piezoelectric field"" OR all:""elastic strain"")",7,7,2026-07-02T11:10:44.909268+0000
cond-mat.mes-hall,"memristive devices, MoOx/MoS2 heterostructure, transition metal dichalcogenides, Atomristor, atomically thin nanomaterials","cat:cond-mat.mes-hall AND (all:""memristive devices"" OR all:""MoOx/MoS2 heterostructure"" OR all:""transition metal dichalcogenides"" OR all:""Atomristor"" OR all:""atomically thin nanomaterials"")",7,7,2026-07-02T11:10:50.608463+0000
cond-mat.mes-hall,"spin valve, Néel temperature, blocking temperature, magnetic pinning, antiferromagnetic layer","cat:cond-mat.mes-hall AND (all:""spin valve"" OR all:""Néel temperature"" OR all:""blocking temperature"" OR all:""magnetic pinning"" OR all:""antiferromagnetic layer"")",7,7,2026-07-02T11:10:55.434986+0000
cond-mat.mes-hall,"magnetization dynamics, precessional motion, Landau-Lifshitz-Gilbert equation, ferromagnetic materials, micromagnetics","cat:cond-mat.mes-hall AND (all:""magnetization dynamics"" OR all:""precessional motion"" OR all:""Landau-Lifshitz-Gilbert equation"" OR all:""ferromagnetic materials"" OR all:""micromagnetics"")",7,7,2026-07-02T11:11:00.411327+0000
cond-mat.mes-hall,"magnetic susceptibility, magnetizing field intensity, magnetization, material classification","cat:cond-mat.mes-hall AND (all:""magnetic susceptibility"" OR all:""magnetizing field intensity"" OR all:""magnetization"" OR all:""material classification"")",7,7,2026-07-02T11:11:05.789249+0000
eess.SP,"Optical Signal-to-Noise Ratio, signal power, noise power, bandwidth, dynamic range","cat:eess.SP AND (all:""Optical Signal-to-Noise Ratio"" OR all:""signal power"" OR all:""noise power"" OR all:""bandwidth"" OR all:""dynamic range"")",75,75,2026-07-02T11:11:13.032413+0000
eess.SP,"resistivity, intrinsic property, electrical current flow, ohm-meters","cat:eess.SP AND (all:""resistivity"" OR all:""intrinsic property"" OR all:""electrical current flow"" OR all:""ohm-meters"")",75,75,2026-07-02T11:11:17.680110+0000
astro-ph.EP,"gravitationally bound, planetary framework, orbital mechanics, non-stellar objects, planetary structure","cat:astro-ph.EP AND (all:""gravitationally bound"" OR all:""planetary framework"" OR all:""orbital mechanics"" OR all:""non-stellar objects"" OR all:""planetary structure"")",15,15,2026-07-02T11:11:23.009704+0000
astro-ph.EP,"non-stellar objects, planetary system, gravitationally bound, orbital mechanics","cat:astro-ph.EP AND (all:""non-stellar objects"" OR all:""planetary system"" OR all:""gravitationally bound"" OR all:""orbital mechanics"")",15,15,2026-07-02T11:11:31.603266+0000
astro-ph.EP,"vacuum velocity, light-year, speed of light, astronomical distances, Julian year","cat:astro-ph.EP AND (all:""vacuum velocity"" OR all:""light-year"" OR all:""speed of light"" OR all:""astronomical distances"" OR all:""Julian year"")",15,15,2026-07-02T11:11:36.727944+0000
astro-ph.EP,"gravitationally bound, planetary mechanism, non-stellar objects, orbital dynamics","cat:astro-ph.EP AND (all:""gravitationally bound"" OR all:""planetary mechanism"" OR all:""non-stellar objects"" OR all:""orbital dynamics"")",15,15,2026-07-02T11:11:43.006172+0000
astro-ph.EP,"non-resonant-interacting, hierarchical systems, orbital dynamics, resonant systems","cat:astro-ph.EP AND (all:""non-resonant-interacting"" OR all:""hierarchical systems"" OR all:""orbital dynamics"" OR all:""resonant systems"")",15,15,2026-07-02T11:11:49.392718+0000
astro-ph.EP,"planetary systems, resonant structures, hierarchical frameworks, orbital dynamics","cat:astro-ph.EP AND (all:""planetary systems"" OR all:""resonant structures"" OR all:""hierarchical frameworks"" OR all:""orbital dynamics"")",15,15,2026-07-02T11:11:54.166336+0000
astro-ph.EP,"hierarchical structures, resonant systems, orbital dynamics, resonant mechanisms, planetary frameworks","cat:astro-ph.EP AND (all:""hierarchical structures"" OR all:""resonant systems"" OR all:""orbital dynamics"" OR all:""resonant mechanisms"" OR all:""planetary frameworks"")",15,15,2026-07-02T11:11:58.772388+0000
astro-ph.EP,"hierarchical systems, orbital dynamics, planetary frameworks, resonant structures, planetary mechanisms","cat:astro-ph.EP AND (all:""hierarchical systems"" OR all:""orbital dynamics"" OR all:""planetary frameworks"" OR all:""resonant structures"" OR all:""planetary mechanisms"")",15,15,2026-07-02T11:12:03.452110+0000
astro-ph.EP,"planetary interactions, hierarchical frameworks, orbital dynamics, resonant mechanisms","cat:astro-ph.EP AND (all:""planetary interactions"" OR all:""hierarchical frameworks"" OR all:""orbital dynamics"" OR all:""resonant mechanisms"")",15,15,2026-07-02T11:12:08.671777+0000
astro-ph.EP,"round-trip transit time, Deep Space Network, Lunar Laser Ranging, deep space network, radar astronomy","cat:astro-ph.EP AND (all:""round-trip transit time"" OR all:""Deep Space Network"" OR all:""Lunar Laser Ranging"" OR all:""deep space network"" OR all:""radar astronomy"")",15,15,2026-07-02T11:12:13.526933+0000
astro-ph.IM,"gravitationally bound, planetary framework, orbital mechanics, non-stellar objects, planetary structure","cat:astro-ph.IM AND (all:""gravitationally bound"" OR all:""planetary framework"" OR all:""orbital mechanics"" OR all:""non-stellar objects"" OR all:""planetary structure"")",18,18,2026-07-02T11:12:18.539647+0000
astro-ph.IM,"non-stellar objects, planetary system, gravitationally bound, orbital mechanics","cat:astro-ph.IM AND (all:""non-stellar objects"" OR all:""planetary system"" OR all:""gravitationally bound"" OR all:""orbital mechanics"")",18,18,2026-07-02T11:12:24.226266+0000
astro-ph.IM,"vacuum velocity, light-year, speed of light, astronomical distances, Julian year","cat:astro-ph.IM AND (all:""vacuum velocity"" OR all:""light-year"" OR all:""speed of light"" OR all:""astronomical distances"" OR all:""Julian year"")",18,18,2026-07-02T11:12:29.848141+0000
astro-ph.IM,"gravitationally bound, planetary mechanism, non-stellar objects, orbital dynamics","cat:astro-ph.IM AND (all:""gravitationally bound"" OR all:""planetary mechanism"" OR all:""non-stellar objects"" OR all:""orbital dynamics"")",18,18,2026-07-02T11:12:34.541076+0000
astro-ph.IM,"illuminance, luminous flux, radiometric measurement, luminance, surface radiance","cat:astro-ph.IM AND (all:""illuminance"" OR all:""luminous flux"" OR all:""radiometric measurement"" OR all:""luminance"" OR all:""surface radiance"")",18,18,2026-07-02T11:12:39.984180+0000
astro-ph.IM,"light emission, surface reflectance, illuminance, luminous flux, radiometric measurement, luminance, solid angle","cat:astro-ph.IM AND (all:""light emission"" OR all:""surface reflectance"" OR all:""illuminance"" OR all:""luminous flux"" OR all:""radiometric measurement"" OR all:""luminance"" OR all:""solid angle"")",18,18,2026-07-02T11:12:46.377537+0000
astro-ph.IM,"LIGO data, parallel analysis, gravitational waves, binary black holes, distributed computing","cat:astro-ph.IM AND (all:""LIGO data"" OR all:""parallel analysis"" OR all:""gravitational waves"" OR all:""binary black holes"" OR all:""distributed computing"")",18,18,2026-07-02T11:12:51.912859+0000
astro-ph.IM,"atomic time scale, leap second, Earth rotation, Universal Time, Earth rotation irregularities, Coordinated Universal Time","cat:astro-ph.IM AND (all:""atomic time scale"" OR all:""leap second"" OR all:""Earth rotation"" OR all:""Universal Time"" OR all:""Earth rotation irregularities"" OR all:""Coordinated Universal Time"")",18,18,2026-07-02T11:12:57.593174+0000
nucl-th,"high-voltage transformer, particle kinetic energies, heavy-ion fusion, accelerator-based light-ion fusion","cat:nucl-th AND (all:""high-voltage transformer"" OR all:""particle kinetic energies"" OR all:""heavy-ion fusion"" OR all:""accelerator-based light-ion fusion"")",30,30,2026-07-02T11:13:02.838466+0000
nucl-th,"particle kinetic energy, high-voltage transformer, light-ion fusion, accelerator-based fusion","cat:nucl-th AND (all:""particle kinetic energy"" OR all:""high-voltage transformer"" OR all:""light-ion fusion"" OR all:""accelerator-based fusion"")",30,7,2026-07-02T11:13:06.483094+0000
nucl-th,"nuclear transmutation, free neutron decay, mass defect, decay energy","cat:nucl-th AND (all:""nuclear transmutation"" OR all:""free neutron decay"" OR all:""mass defect"" OR all:""decay energy"")",30,30,2026-07-02T11:13:11.215209+0000
nucl-th,"nuclear transmutation, beta decay, free neutron decay, MeV units, decay energy","cat:nucl-th AND (all:""nuclear transmutation"" OR all:""beta decay"" OR all:""free neutron decay"" OR all:""MeV units"" OR all:""decay energy"")",30,30,2026-07-02T11:13:15.898763+0000
nucl-th,"rarefaction, nuclear detonation, atmospheric physics, transient condensation cloud, Wilson cloud, transient condensation","cat:nucl-th AND (all:""rarefaction"" OR all:""nuclear detonation"" OR all:""atmospheric physics"" OR all:""transient condensation cloud"" OR all:""Wilson cloud"" OR all:""transient condensation"")",30,9,2026-07-02T11:13:19.576453+0000
physics.flu-dyn,"pressure-temperature spike, cavitation bubble, acoustic shock wave, implosion","cat:physics.flu-dyn AND (all:""pressure-temperature spike"" OR all:""cavitation bubble"" OR all:""acoustic shock wave"" OR all:""implosion"")",11,11,2026-07-02T11:13:25.323152+0000
physics.flu-dyn,"cavitation bubble, implosion, thermal energy release, energy release, vapor pressure, acoustic shock wave","cat:physics.flu-dyn AND (all:""cavitation bubble"" OR all:""implosion"" OR all:""thermal energy release"" OR all:""energy release"" OR all:""vapor pressure"" OR all:""acoustic shock wave"")",11,11,2026-07-02T11:13:31.245527+0000
physics.flu-dyn,"heat transfer, forced convection, density displacement, buoyancy-driven flow, fluid flow, natural convection","cat:physics.flu-dyn AND (all:""heat transfer"" OR all:""forced convection"" OR all:""density displacement"" OR all:""buoyancy-driven flow"" OR all:""fluid flow"" OR all:""natural convection"")",11,11,2026-07-02T11:13:37.006843+0000
physics.flu-dyn,"fluid mechanics, fluid velocity, aerodynamic effects, Bernoulli's principle, pressure differential","cat:physics.flu-dyn AND (all:""fluid mechanics"" OR all:""fluid velocity"" OR all:""aerodynamic effects"" OR all:""Bernoulli's principle"" OR all:""pressure differential"")",11,11,2026-07-02T11:13:41.852959+0000
physics.flu-dyn,"multi-scale motions, time-averaged statistics, coherent turbulent structures, temporal coherence","cat:physics.flu-dyn AND (all:""multi-scale motions"" OR all:""time-averaged statistics"" OR all:""coherent turbulent structures"" OR all:""temporal coherence"")",11,11,2026-07-02T11:13:45.738813+0000
physics.flu-dyn,"vapor pressure, implosion dynamics, cavitation bubble, acoustic shock wave","cat:physics.flu-dyn AND (all:""vapor pressure"" OR all:""implosion dynamics"" OR all:""cavitation bubble"" OR all:""acoustic shock wave"")",11,11,2026-07-02T11:13:50.229989+0000
physics.flu-dyn,"cavitation bubble, vapor implosion, pressure-temperature spikes, acoustic shock wave, pressure enhancement","cat:physics.flu-dyn AND (all:""cavitation bubble"" OR all:""vapor implosion"" OR all:""pressure-temperature spikes"" OR all:""acoustic shock wave"" OR all:""pressure enhancement"")",11,11,2026-07-02T11:13:55.018953+0000
physics.flu-dyn,"Bernoulli's principle, fluid mechanics, velocity-pressure relationship, pressure differential","cat:physics.flu-dyn AND (all:""Bernoulli's principle"" OR all:""fluid mechanics"" OR all:""velocity-pressure relationship"" OR all:""pressure differential"")",11,11,2026-07-02T11:13:59.517003+0000
physics.flu-dyn,"fluid mechanics, viscosity, stress tensor, Cauchy momentum equation, Navier-Stokes equation, constitutive relation, fluid viscosity, momentum conservation","cat:physics.flu-dyn AND (all:""fluid mechanics"" OR all:""viscosity"" OR all:""stress tensor"" OR all:""Cauchy momentum equation"" OR all:""Navier-Stokes equation"" OR all:""constitutive relation"" OR all:""fluid viscosity"" OR all:""momentum conservation"")",11,11,2026-07-02T11:14:04.850559+0000
physics.flu-dyn,"Newtonian fluids, Navier-Stokes equations, momentum balance, partial differential equations, conservation of mass, viscous fluid substances","cat:physics.flu-dyn AND (all:""Newtonian fluids"" OR all:""Navier-Stokes equations"" OR all:""momentum balance"" OR all:""partial differential equations"" OR all:""conservation of mass"" OR all:""viscous fluid substances"")",11,11,2026-07-02T11:14:11.217519+0000
physics.flu-dyn,"fluid mechanics, shock wave, water hammer, plumbing systems, hydraulic transients, pressure surge","cat:physics.flu-dyn AND (all:""fluid mechanics"" OR all:""shock wave"" OR all:""water hammer"" OR all:""plumbing systems"" OR all:""hydraulic transients"" OR all:""pressure surge"")",11,11,2026-07-02T11:14:15.983670+0000
physics.flu-dyn,"deposition patterns, evaporation dynamics, coffee ring effect, evaporation kinetics, particle-laden liquid, surface tension","cat:physics.flu-dyn AND (all:""deposition patterns"" OR all:""evaporation dynamics"" OR all:""coffee ring effect"" OR all:""evaporation kinetics"" OR all:""particle-laden liquid"" OR all:""surface tension"")",11,11,2026-07-02T11:14:21.207513+0000
physics.flu-dyn,"Kutta condition, circulation, Kutta-Joukowski theorem, inviscid flow, airfoil aerodynamics","cat:physics.flu-dyn AND (all:""Kutta condition"" OR all:""circulation"" OR all:""Kutta-Joukowski theorem"" OR all:""inviscid flow"" OR all:""airfoil aerodynamics"")",11,11,2026-07-02T11:14:26.177756+0000
